scenario,shape,n_samples,feature_volume,sample_size,sample_fraction,replicates,mae_mean,mae_std,mae_p95,rmse_mean,rmse_std,rmse_p95,max_abs_mean,max_abs_std,max_abs_p95,theoretical_mean_se,mae_to_theoretical,rmse_to_theoretical
100x8,100x8,100,8,100,1.0,30,0.0,0.0,0.0,0.0,0.0,0.0,0.0,0.0,0.0,0.0982572699425237,0.0,0.0
1000x8,1000x8,1000,8,300,0.3,30,0.038070838971906176,0.009703160155068197,0.05184531667793564,0.04591292079144527,0.011162648824207316,0.059145317348077216,0.08374820250542045,0.024071355626566326,0.12737879910039535,0.05787536586911992,0.6578073140479155,0.793306791274086
10000x8,10000x8,10000,8,753,0.0753,25,0.02671006228685855,0.006449369339058071,0.03627393271667834,0.03274525232192063,0.007327511769715974,0.04270337330089876,0.060631066153842464,0.015882816698677037,0.08845828442618689,0.03654483609912498,0.7308847196471101,0.8960295302214989
100000x8,100000x8,100000,8,2997,0.02997,20,0.015633365186854153,0.004363646084680686,0.022282315210299154,0.019088753128547728,0.005254835465637527,0.025312018368351563,0.035068696025113553,0.01066681914370864,0.049209273487260195,0.018276571466603234,0.8553773455497926,1.0444384037470371
500000x8,500000x8,500000,8,7878,0.015756,12,0.009007260023995302,0.0028046475709426885,0.01333490358434879,0.010733398049314105,0.0030301801036795445,0.014713489907605803,0.018710887845589424,0.005210518358334134,0.024650034380013373,0.011265300391012301,0.799557908920164,0.9527840072402721
100000x32,100000x32,100000,32,4545,0.04545,18,0.011539547218966766,0.001335055925155413,0.013535382173147358,0.014257623120172666,0.0014105721534091566,0.015836792951006887,0.03356784058483006,0.006558371557119238,0.04631603689663916,0.014830196336550989,0.7781115608379384,0.961391393385188
200000x64,200000x64,200000,64,2828,0.01414,12,0.015103273969532755,0.0014257013205648224,0.017284458385468472,0.018914612371671104,0.0015651148582843239,0.021252621623289256,0.04758562989900225,0.005855119995787905,0.05629968159006004,0.018800767049942782,0.8033328602717154,1.0060553551578986
20000x4x5,20000x4x5,20000,20,1503,0.07515,20,0.019902883533742498,0.003195939828856301,0.024001800106968764,0.024908921673917832,0.0038216894645873778,0.030593272917455897,0.054402486576725376,0.01224320477259045,0.07979141596345202,0.025809612453012443,0.7711422854557227,0.9651025066442064
