dataset,shape,n_samples,n_features,total_size,sampled_size,sample_fraction,mean_abs_error,std_abs_error,records_sampled,sampling_enabled
matrix_500k_x_8,500000x8,500000,8,4000000,7881,0.015762,0.005496752914041281,0.005244888365268707,7881,True
matrix_200k_x_64,200000x64,200000,64,12800000,2829,0.014145,0.013946402817964554,0.011288347654044628,2829,True
tensor_60k_x_8_x_4,60000x8x4,60000,32,1920000,3348,0.0558,0.01549392007291317,0.008478797972202301,3348,True
matrix_120k_x_16,120000x16,120000,16,1920000,4122,0.03435,0.012108060531318188,0.008194081485271454,4122,True
