n_samples,n_features,old_sample_size,new_sample_size,old_runtime_seconds,new_runtime_seconds,speedup_ratio,random_state
100,8,100,100,0.00063,0.00063,1.000,42
1000,8,1000,300,0.00707,0.00016,43.089,42
10000,8,10000,753,0.07931,0.00086,92.162,42
100000,8,100000,2997,0.88990,0.00582,152.971,42
500000,8,500000,7878,4.82235,0.02213,217.867,42
