dim_k,target_class,region_id,dims,is_pareto,f1,precision,recall,lift_precision,support,min_lift_precision_all_classes,min_precision_all_classes,compass_score
3,0,rg_3d_c0_2c5e65ac82,"(0, 1, 3)",False,0.5844514601416511,0.41507847533632286,0.9873333333333333,3.320627802690583,3568,0.49551569506726456,0.06193946188340807,0.9870565184809059
1,1,rg_1d_c1_a79372895d,"(2,)",True,0.8571428571423673,0.75,1.0,1.0,12000,1.0,0.125,0.9499142515928155
2,2,rg_2d_c2_cff35757f0,"(1, 3)",False,0.5594927265941513,0.38839979285344384,1.0,3.1071983428275507,3862,0.5876057310547212,0.17089590885551528,1.0071244702142097
