mode,max_planes,beam_width,max_candidates_per_class,max_rules_per_class,max_clauses,clause_beam_width,clause_iterations,clause_diverse_topk,clause_overlap_max,elapsed_s,rules_class4,total_rules
and_or_beam,10,24,300,480,2,12,120,30,0.60,0.0037,13,13
and_or_beam,10,24,300,480,2,12,120,30,0.70,0.0043,13,13
and_or_beam,10,24,300,480,2,12,120,30,0.80,0.0042,13,13
and_or_beam,10,24,300,480,2,12,120,40,0.60,0.0038,13,13
and_or_beam,10,24,300,480,2,12,120,40,0.70,0.0037,13,13
and_or_beam,10,24,300,480,2,12,120,40,0.80,0.0037,13,13
and_or_beam,10,24,300,480,2,12,180,30,0.60,0.0037,13,13
and_or_beam,10,24,300,480,2,12,180,30,0.70,0.0036,13,13
and_or_beam,10,24,300,480,2,12,180,30,0.80,0.0038,13,13
and_or_beam,10,24,300,480,2,12,180,40,0.60,0.0035,13,13
and_or_beam,10,24,300,480,2,12,180,40,0.70,0.0036,13,13
and_or_beam,10,24,300,480,2,12,180,40,0.80,0.0036,13,13
and_or_beam,10,24,300,480,2,16,120,30,0.60,0.0036,13,13
and_or_beam,10,24,300,480,2,16,120,30,0.70,0.0037,13,13
and_or_beam,10,24,300,480,2,16,120,30,0.80,0.0037,13,13
and_or_beam,10,24,300,480,2,16,120,40,0.60,0.0043,13,13
and_or_beam,10,24,300,480,2,16,120,40,0.70,0.0051,13,13
and_or_beam,10,24,300,480,2,16,120,40,0.80,0.0035,13,13
and_or_beam,10,24,300,480,2,16,180,30,0.60,0.0034,13,13
and_or_beam,10,24,300,480,2,16,180,30,0.70,0.0034,13,13
and_or_beam,10,24,300,480,2,16,180,30,0.80,0.0036,13,13
and_or_beam,10,24,300,480,2,16,180,40,0.60,0.0035,13,13
and_or_beam,10,24,300,480,2,16,180,40,0.70,0.0034,13,13
and_or_beam,10,24,300,480,2,16,180,40,0.80,0.0034,13,13
and_or_beam,10,24,300,480,3,12,120,30,0.60,0.0040,13,13
and_or_beam,10,24,300,480,3,12,120,30,0.70,0.0039,13,13
and_or_beam,10,24,300,480,3,12,120,30,0.80,0.0038,13,13
and_or_beam,10,24,300,480,3,12,120,40,0.60,0.0039,13,13
and_or_beam,10,24,300,480,3,12,120,40,0.70,0.0038,13,13
and_or_beam,10,24,300,480,3,12,120,40,0.80,0.0038,13,13
and_or_beam,10,24,300,480,3,12,180,30,0.60,0.0039,13,13
and_or_beam,10,24,300,480,3,12,180,30,0.70,0.0040,13,13
and_or_beam,10,24,300,480,3,12,180,30,0.80,0.0038,13,13
and_or_beam,10,24,300,480,3,12,180,40,0.60,0.0039,13,13
and_or_beam,10,24,300,480,3,12,180,40,0.70,0.0038,13,13
and_or_beam,10,24,300,480,3,12,180,40,0.80,0.0039,13,13
and_or_beam,10,24,300,480,3,16,120,30,0.60,0.0038,13,13
and_or_beam,10,24,300,480,3,16,120,30,0.70,0.0039,13,13
and_or_beam,10,24,300,480,3,16,120,30,0.80,0.0038,13,13
and_or_beam,10,24,300,480,3,16,120,40,0.60,0.0037,13,13
and_or_beam,10,24,300,480,3,16,120,40,0.70,0.0037,13,13
and_or_beam,10,24,300,480,3,16,120,40,0.80,0.0039,13,13
and_or_beam,10,24,300,480,3,16,180,30,0.60,0.0038,13,13
and_or_beam,10,24,300,480,3,16,180,30,0.70,0.0039,13,13
and_or_beam,10,24,300,480,3,16,180,30,0.80,0.0039,13,13
and_or_beam,10,24,300,480,3,16,180,40,0.60,0.0038,13,13
and_or_beam,10,24,300,480,3,16,180,40,0.70,0.0038,13,13
and_or_beam,10,24,300,480,3,16,180,40,0.80,0.0039,13,13
and_or_beam,10,24,300,480,4,12,120,30,0.60,0.0041,13,13
and_or_beam,10,24,300,480,4,12,120,30,0.70,0.0043,13,13
and_or_beam,10,24,300,480,4,12,120,30,0.80,0.0042,13,13
and_or_beam,10,24,300,480,4,12,120,40,0.60,0.0043,13,13
and_or_beam,10,24,300,480,4,12,120,40,0.70,0.0042,13,13
and_or_beam,10,24,300,480,4,12,120,40,0.80,0.0043,13,13
and_or_beam,10,24,300,480,4,12,180,30,0.60,0.0047,13,13
and_or_beam,10,24,300,480,4,12,180,30,0.70,0.0044,13,13
and_or_beam,10,24,300,480,4,12,180,30,0.80,0.0043,13,13
and_or_beam,10,24,300,480,4,12,180,40,0.60,0.0040,13,13
and_or_beam,10,24,300,480,4,12,180,40,0.70,0.0042,13,13
and_or_beam,10,24,300,480,4,12,180,40,0.80,0.0043,13,13
and_or_beam,10,24,300,480,4,16,120,30,0.60,0.0045,13,13
and_or_beam,10,24,300,480,4,16,120,30,0.70,0.0042,13,13
and_or_beam,10,24,300,480,4,16,120,30,0.80,0.0043,13,13
and_or_beam,10,24,300,480,4,16,120,40,0.60,0.0041,13,13
and_or_beam,10,24,300,480,4,16,120,40,0.70,0.0042,13,13
and_or_beam,10,24,300,480,4,16,120,40,0.80,0.0047,13,13
and_or_beam,10,24,300,480,4,16,180,30,0.60,0.0039,13,13
and_or_beam,10,24,300,480,4,16,180,30,0.70,0.0040,13,13
and_or_beam,10,24,300,480,4,16,180,30,0.80,0.0041,13,13
and_or_beam,10,24,300,480,4,16,180,40,0.60,0.0054,13,13
and_or_beam,10,24,300,480,4,16,180,40,0.70,0.0057,13,13
and_or_beam,10,24,300,480,4,16,180,40,0.80,0.0044,13,13
and_or_beam,10,24,300,720,2,12,120,30,0.60,0.0033,13,13
and_or_beam,10,24,300,720,2,12,120,30,0.70,0.0033,13,13
and_or_beam,10,24,300,720,2,12,120,30,0.80,0.0033,13,13
and_or_beam,10,24,300,720,2,12,120,40,0.60,0.0037,13,13
and_or_beam,10,24,300,720,2,12,120,40,0.70,0.0035,13,13
and_or_beam,10,24,300,720,2,12,120,40,0.80,0.0036,13,13
and_or_beam,10,24,300,720,2,12,180,30,0.60,0.0033,13,13
and_or_beam,10,24,300,720,2,12,180,30,0.70,0.0035,13,13
and_or_beam,10,24,300,720,2,12,180,30,0.80,0.0033,13,13
and_or_beam,10,24,300,720,2,12,180,40,0.60,0.0034,13,13
and_or_beam,10,24,300,720,2,12,180,40,0.70,0.0035,13,13
and_or_beam,10,24,300,720,2,12,180,40,0.80,0.0035,13,13
and_or_beam,10,24,300,720,2,16,120,30,0.60,0.0035,13,13
and_or_beam,10,24,300,720,2,16,120,30,0.70,0.0035,13,13
and_or_beam,10,24,300,720,2,16,120,30,0.80,0.0033,13,13
and_or_beam,10,24,300,720,2,16,120,40,0.60,0.0033,13,13
and_or_beam,10,24,300,720,2,16,120,40,0.70,0.0034,13,13
and_or_beam,10,24,300,720,2,16,120,40,0.80,0.0035,13,13
and_or_beam,10,24,300,720,2,16,180,30,0.60,0.0035,13,13
and_or_beam,10,24,300,720,2,16,180,30,0.70,0.0034,13,13
and_or_beam,10,24,300,720,2,16,180,30,0.80,0.0034,13,13
and_or_beam,10,24,300,720,2,16,180,40,0.60,0.0034,13,13
and_or_beam,10,24,300,720,2,16,180,40,0.70,0.0033,13,13
and_or_beam,10,24,300,720,2,16,180,40,0.80,0.0034,13,13
and_or_beam,10,24,300,720,3,12,120,30,0.60,0.0040,13,13
and_or_beam,10,24,300,720,3,12,120,30,0.70,0.0040,13,13
and_or_beam,10,24,300,720,3,12,120,30,0.80,0.0040,13,13
and_or_beam,10,24,300,720,3,12,120,40,0.60,0.0041,13,13
and_or_beam,10,24,300,720,3,12,120,40,0.70,0.0038,13,13
and_or_beam,10,24,300,720,3,12,120,40,0.80,0.0037,13,13
and_or_beam,10,24,300,720,3,12,180,30,0.60,0.0038,13,13
and_or_beam,10,24,300,720,3,12,180,30,0.70,0.0040,13,13
and_or_beam,10,24,300,720,3,12,180,30,0.80,0.0040,13,13
and_or_beam,10,24,300,720,3,12,180,40,0.60,0.0041,13,13
and_or_beam,10,24,300,720,3,12,180,40,0.70,0.0040,13,13
and_or_beam,10,24,300,720,3,12,180,40,0.80,0.0041,13,13
and_or_beam,10,24,300,720,3,16,120,30,0.60,0.0040,13,13
and_or_beam,10,24,300,720,3,16,120,30,0.70,0.0039,13,13
and_or_beam,10,24,300,720,3,16,120,30,0.80,0.0040,13,13
and_or_beam,10,24,300,720,3,16,120,40,0.60,0.0039,13,13
and_or_beam,10,24,300,720,3,16,120,40,0.70,0.0039,13,13
and_or_beam,10,24,300,720,3,16,120,40,0.80,0.0039,13,13
and_or_beam,10,24,300,720,3,16,180,30,0.60,0.0038,13,13
and_or_beam,10,24,300,720,3,16,180,30,0.70,0.0039,13,13
and_or_beam,10,24,300,720,3,16,180,30,0.80,0.0039,13,13
and_or_beam,10,24,300,720,3,16,180,40,0.60,0.0038,13,13
and_or_beam,10,24,300,720,3,16,180,40,0.70,0.0045,13,13
and_or_beam,10,24,300,720,3,16,180,40,0.80,0.0039,13,13
and_or_beam,10,24,300,720,4,12,120,30,0.60,0.0040,13,13
and_or_beam,10,24,300,720,4,12,120,30,0.70,0.0041,13,13
and_or_beam,10,24,300,720,4,12,120,30,0.80,0.0043,13,13
and_or_beam,10,24,300,720,4,12,120,40,0.60,0.0045,13,13
and_or_beam,10,24,300,720,4,12,120,40,0.70,0.0042,13,13
and_or_beam,10,24,300,720,4,12,120,40,0.80,0.0041,13,13
and_or_beam,10,24,300,720,4,12,180,30,0.60,0.0045,13,13
and_or_beam,10,24,300,720,4,12,180,30,0.70,0.0047,13,13
and_or_beam,10,24,300,720,4,12,180,30,0.80,0.0046,13,13
and_or_beam,10,24,300,720,4,12,180,40,0.60,0.0045,13,13
and_or_beam,10,24,300,720,4,12,180,40,0.70,0.0044,13,13
and_or_beam,10,24,300,720,4,12,180,40,0.80,0.0046,13,13
and_or_beam,10,24,300,720,4,16,120,30,0.60,0.0043,13,13
and_or_beam,10,24,300,720,4,16,120,30,0.70,0.0042,13,13
and_or_beam,10,24,300,720,4,16,120,30,0.80,0.0043,13,13
and_or_beam,10,24,300,720,4,16,120,40,0.60,0.0044,13,13
and_or_beam,10,24,300,720,4,16,120,40,0.70,0.0044,13,13
and_or_beam,10,24,300,720,4,16,120,40,0.80,0.0043,13,13
and_or_beam,10,24,300,720,4,16,180,30,0.60,0.0044,13,13
and_or_beam,10,24,300,720,4,16,180,30,0.70,0.0042,13,13
and_or_beam,10,24,300,720,4,16,180,30,0.80,0.0042,13,13
and_or_beam,10,24,300,720,4,16,180,40,0.60,0.0045,13,13
and_or_beam,10,24,300,720,4,16,180,40,0.70,0.0042,13,13
and_or_beam,10,24,300,720,4,16,180,40,0.80,0.0048,13,13
and_or_beam,10,24,600,480,2,12,120,30,0.60,0.0034,13,13
and_or_beam,10,24,600,480,2,12,120,30,0.70,0.0035,13,13
and_or_beam,10,24,600,480,2,12,120,30,0.80,0.0034,13,13
and_or_beam,10,24,600,480,2,12,120,40,0.60,0.0038,13,13
and_or_beam,10,24,600,480,2,12,120,40,0.70,0.0034,13,13
and_or_beam,10,24,600,480,2,12,120,40,0.80,0.0034,13,13
and_or_beam,10,24,600,480,2,12,180,30,0.60,0.0036,13,13
and_or_beam,10,24,600,480,2,12,180,30,0.70,0.0034,13,13
and_or_beam,10,24,600,480,2,12,180,30,0.80,0.0035,13,13
and_or_beam,10,24,600,480,2,12,180,40,0.60,0.0034,13,13
and_or_beam,10,24,600,480,2,12,180,40,0.70,0.0034,13,13
and_or_beam,10,24,600,480,2,12,180,40,0.80,0.0037,13,13
and_or_beam,10,24,600,480,2,16,120,30,0.60,0.0037,13,13
and_or_beam,10,24,600,480,2,16,120,30,0.70,0.0035,13,13
and_or_beam,10,24,600,480,2,16,120,30,0.80,0.0035,13,13
and_or_beam,10,24,600,480,2,16,120,40,0.60,0.0035,13,13
and_or_beam,10,24,600,480,2,16,120,40,0.70,0.0035,13,13
and_or_beam,10,24,600,480,2,16,120,40,0.80,0.0036,13,13
and_or_beam,10,24,600,480,2,16,180,30,0.60,0.0035,13,13
and_or_beam,10,24,600,480,2,16,180,30,0.70,0.0034,13,13
and_or_beam,10,24,600,480,2,16,180,30,0.80,0.0034,13,13
and_or_beam,10,24,600,480,2,16,180,40,0.60,0.0042,13,13
and_or_beam,10,24,600,480,2,16,180,40,0.70,0.0036,13,13
and_or_beam,10,24,600,480,2,16,180,40,0.80,0.0034,13,13
and_or_beam,10,24,600,480,3,12,120,30,0.60,0.0040,13,13
and_or_beam,10,24,600,480,3,12,120,30,0.70,0.0040,13,13
and_or_beam,10,24,600,480,3,12,120,30,0.80,0.0040,13,13
and_or_beam,10,24,600,480,3,12,120,40,0.60,0.0039,13,13
and_or_beam,10,24,600,480,3,12,120,40,0.70,0.0041,13,13
and_or_beam,10,24,600,480,3,12,120,40,0.80,0.0039,13,13
and_or_beam,10,24,600,480,3,12,180,30,0.60,0.0041,13,13
and_or_beam,10,24,600,480,3,12,180,30,0.70,0.0038,13,13
and_or_beam,10,24,600,480,3,12,180,30,0.80,0.0039,13,13
and_or_beam,10,24,600,480,3,12,180,40,0.60,0.0040,13,13
and_or_beam,10,24,600,480,3,12,180,40,0.70,0.0061,13,13
and_or_beam,10,24,600,480,3,12,180,40,0.80,0.0039,13,13
and_or_beam,10,24,600,480,3,16,120,30,0.60,0.0038,13,13
and_or_beam,10,24,600,480,3,16,120,30,0.70,0.0048,13,13
and_or_beam,10,24,600,480,3,16,120,30,0.80,0.0045,13,13
and_or_beam,10,24,600,480,3,16,120,40,0.60,0.0050,13,13
and_or_beam,10,24,600,480,3,16,120,40,0.70,0.0058,13,13
and_or_beam,10,24,600,480,3,16,120,40,0.80,0.0049,13,13
and_or_beam,10,24,600,480,3,16,180,30,0.60,0.0046,13,13
and_or_beam,10,24,600,480,3,16,180,30,0.70,0.0045,13,13
and_or_beam,10,24,600,480,3,16,180,30,0.80,0.0049,13,13
and_or_beam,10,24,600,480,3,16,180,40,0.60,0.0063,13,13
and_or_beam,10,24,600,480,3,16,180,40,0.70,0.0045,13,13
and_or_beam,10,24,600,480,3,16,180,40,0.80,0.0042,13,13
and_or_beam,10,24,600,480,4,12,120,30,0.60,0.0046,13,13
and_or_beam,10,24,600,480,4,12,120,30,0.70,0.0044,13,13
and_or_beam,10,24,600,480,4,12,120,30,0.80,0.0042,13,13
and_or_beam,10,24,600,480,4,12,120,40,0.60,0.0043,13,13
and_or_beam,10,24,600,480,4,12,120,40,0.70,0.0045,13,13
and_or_beam,10,24,600,480,4,12,120,40,0.80,0.0045,13,13
and_or_beam,10,24,600,480,4,12,180,30,0.60,0.0044,13,13
and_or_beam,10,24,600,480,4,12,180,30,0.70,0.0045,13,13
and_or_beam,10,24,600,480,4,12,180,30,0.80,0.0042,13,13
and_or_beam,10,24,600,480,4,12,180,40,0.60,0.0043,13,13
and_or_beam,10,24,600,480,4,12,180,40,0.70,0.0043,13,13
and_or_beam,10,24,600,480,4,12,180,40,0.80,0.0045,13,13
and_or_beam,10,24,600,480,4,16,120,30,0.60,0.0044,13,13
and_or_beam,10,24,600,480,4,16,120,30,0.70,0.0047,13,13
and_or_beam,10,24,600,480,4,16,120,30,0.80,0.0046,13,13
and_or_beam,10,24,600,480,4,16,120,40,0.60,0.0043,13,13
and_or_beam,10,24,600,480,4,16,120,40,0.70,0.0041,13,13
and_or_beam,10,24,600,480,4,16,120,40,0.80,0.0042,13,13
and_or_beam,10,24,600,480,4,16,180,30,0.60,0.0042,13,13
and_or_beam,10,24,600,480,4,16,180,30,0.70,0.0046,13,13
and_or_beam,10,24,600,480,4,16,180,30,0.80,0.0048,13,13
and_or_beam,10,24,600,480,4,16,180,40,0.60,0.0045,13,13
and_or_beam,10,24,600,480,4,16,180,40,0.70,0.0041,13,13
and_or_beam,10,24,600,480,4,16,180,40,0.80,0.0042,13,13
and_or_beam,10,24,600,720,2,12,120,30,0.60,0.0035,13,13
and_or_beam,10,24,600,720,2,12,120,30,0.70,0.0034,13,13
and_or_beam,10,24,600,720,2,12,120,30,0.80,0.0034,13,13
and_or_beam,10,24,600,720,2,12,120,40,0.60,0.0033,13,13
and_or_beam,10,24,600,720,2,12,120,40,0.70,0.0035,13,13
and_or_beam,10,24,600,720,2,12,120,40,0.80,0.0035,13,13
and_or_beam,10,24,600,720,2,12,180,30,0.60,0.0035,13,13
and_or_beam,10,24,600,720,2,12,180,30,0.70,0.0035,13,13
and_or_beam,10,24,600,720,2,12,180,30,0.80,0.0035,13,13
and_or_beam,10,24,600,720,2,12,180,40,0.60,0.0034,13,13
and_or_beam,10,24,600,720,2,12,180,40,0.70,0.0035,13,13
and_or_beam,10,24,600,720,2,12,180,40,0.80,0.0037,13,13
and_or_beam,10,24,600,720,2,16,120,30,0.60,0.0035,13,13
and_or_beam,10,24,600,720,2,16,120,30,0.70,0.0035,13,13
and_or_beam,10,24,600,720,2,16,120,30,0.80,0.0038,13,13
and_or_beam,10,24,600,720,2,16,120,40,0.60,0.0046,13,13
and_or_beam,10,24,600,720,2,16,120,40,0.70,0.0036,13,13
and_or_beam,10,24,600,720,2,16,120,40,0.80,0.0033,13,13
and_or_beam,10,24,600,720,2,16,180,30,0.60,0.0032,13,13
and_or_beam,10,24,600,720,2,16,180,30,0.70,0.0033,13,13
and_or_beam,10,24,600,720,2,16,180,30,0.80,0.0033,13,13
and_or_beam,10,24,600,720,2,16,180,40,0.60,0.0045,13,13
and_or_beam,10,24,600,720,2,16,180,40,0.70,0.0052,13,13
and_or_beam,10,24,600,720,2,16,180,40,0.80,0.0047,13,13
and_or_beam,10,24,600,720,3,12,120,30,0.60,0.0048,13,13
and_or_beam,10,24,600,720,3,12,120,30,0.70,0.0052,13,13
and_or_beam,10,24,600,720,3,12,120,30,0.80,0.0054,13,13
and_or_beam,10,24,600,720,3,12,120,40,0.60,0.0059,13,13
and_or_beam,10,24,600,720,3,12,120,40,0.70,0.0048,13,13
and_or_beam,10,24,600,720,3,12,120,40,0.80,0.0048,13,13
and_or_beam,10,24,600,720,3,12,180,30,0.60,0.0049,13,13
and_or_beam,10,24,600,720,3,12,180,30,0.70,0.0042,13,13
and_or_beam,10,24,600,720,3,12,180,30,0.80,0.0041,13,13
and_or_beam,10,24,600,720,3,12,180,40,0.60,0.0047,13,13
and_or_beam,10,24,600,720,3,12,180,40,0.70,0.0043,13,13
and_or_beam,10,24,600,720,3,12,180,40,0.80,0.0053,13,13
and_or_beam,10,24,600,720,3,16,120,30,0.60,0.0045,13,13
and_or_beam,10,24,600,720,3,16,120,30,0.70,0.0043,13,13
and_or_beam,10,24,600,720,3,16,120,30,0.80,0.0043,13,13
and_or_beam,10,24,600,720,3,16,120,40,0.60,0.0041,13,13
and_or_beam,10,24,600,720,3,16,120,40,0.70,0.0038,13,13
and_or_beam,10,24,600,720,3,16,120,40,0.80,0.0041,13,13
and_or_beam,10,24,600,720,3,16,180,30,0.60,0.0050,13,13
and_or_beam,10,24,600,720,3,16,180,30,0.70,0.0047,13,13
and_or_beam,10,24,600,720,3,16,180,30,0.80,0.0041,13,13
and_or_beam,10,24,600,720,3,16,180,40,0.60,0.0039,13,13
and_or_beam,10,24,600,720,3,16,180,40,0.70,0.0040,13,13
and_or_beam,10,24,600,720,3,16,180,40,0.80,0.0040,13,13
and_or_beam,10,24,600,720,4,12,120,30,0.60,0.0043,13,13
and_or_beam,10,24,600,720,4,12,120,30,0.70,0.0041,13,13
and_or_beam,10,24,600,720,4,12,120,30,0.80,0.0041,13,13
and_or_beam,10,24,600,720,4,12,120,40,0.60,0.0042,13,13
and_or_beam,10,24,600,720,4,12,120,40,0.70,0.0052,13,13
and_or_beam,10,24,600,720,4,12,120,40,0.80,0.0041,13,13
and_or_beam,10,24,600,720,4,12,180,30,0.60,0.0042,13,13
and_or_beam,10,24,600,720,4,12,180,30,0.70,0.0040,13,13
and_or_beam,10,24,600,720,4,12,180,30,0.80,0.0041,13,13
and_or_beam,10,24,600,720,4,12,180,40,0.60,0.0041,13,13
and_or_beam,10,24,600,720,4,12,180,40,0.70,0.0047,13,13
and_or_beam,10,24,600,720,4,12,180,40,0.80,0.0043,13,13
and_or_beam,10,24,600,720,4,16,120,30,0.60,0.0042,13,13
and_or_beam,10,24,600,720,4,16,120,30,0.70,0.0049,13,13
and_or_beam,10,24,600,720,4,16,120,30,0.80,0.0052,13,13
and_or_beam,10,24,600,720,4,16,120,40,0.60,0.0049,13,13
and_or_beam,10,24,600,720,4,16,120,40,0.70,0.0048,13,13
and_or_beam,10,24,600,720,4,16,120,40,0.80,0.0043,13,13
and_or_beam,10,24,600,720,4,16,180,30,0.60,0.0045,13,13
and_or_beam,10,24,600,720,4,16,180,30,0.70,0.0045,13,13
and_or_beam,10,24,600,720,4,16,180,30,0.80,0.0045,13,13
and_or_beam,10,24,600,720,4,16,180,40,0.60,0.0046,13,13
and_or_beam,10,24,600,720,4,16,180,40,0.70,0.0045,13,13
and_or_beam,10,24,600,720,4,16,180,40,0.80,0.0048,13,13
and_or_beam,10,36,300,480,2,12,120,30,0.60,0.0039,13,13
and_or_beam,10,36,300,480,2,12,120,30,0.70,0.0042,13,13
and_or_beam,10,36,300,480,2,12,120,30,0.80,0.0039,13,13
and_or_beam,10,36,300,480,2,12,120,40,0.60,0.0038,13,13
and_or_beam,10,36,300,480,2,12,120,40,0.70,0.0038,13,13
and_or_beam,10,36,300,480,2,12,120,40,0.80,0.0038,13,13
and_or_beam,10,36,300,480,2,12,180,30,0.60,0.0037,13,13
and_or_beam,10,36,300,480,2,12,180,30,0.70,0.0040,13,13
and_or_beam,10,36,300,480,2,12,180,30,0.80,0.0038,13,13
and_or_beam,10,36,300,480,2,12,180,40,0.60,0.0037,13,13
and_or_beam,10,36,300,480,2,12,180,40,0.70,0.0037,13,13
and_or_beam,10,36,300,480,2,12,180,40,0.80,0.0039,13,13
and_or_beam,10,36,300,480,2,16,120,30,0.60,0.0039,13,13
and_or_beam,10,36,300,480,2,16,120,30,0.70,0.0040,13,13
and_or_beam,10,36,300,480,2,16,120,30,0.80,0.0042,13,13
and_or_beam,10,36,300,480,2,16,120,40,0.60,0.0045,13,13
and_or_beam,10,36,300,480,2,16,120,40,0.70,0.0040,13,13
and_or_beam,10,36,300,480,2,16,120,40,0.80,0.0039,13,13
and_or_beam,10,36,300,480,2,16,180,30,0.60,0.0039,13,13
and_or_beam,10,36,300,480,2,16,180,30,0.70,0.0039,13,13
and_or_beam,10,36,300,480,2,16,180,30,0.80,0.0035,13,13
and_or_beam,10,36,300,480,2,16,180,40,0.60,0.0037,13,13
and_or_beam,10,36,300,480,2,16,180,40,0.70,0.0035,13,13
and_or_beam,10,36,300,480,2,16,180,40,0.80,0.0039,13,13
and_or_beam,10,36,300,480,3,12,120,30,0.60,0.0043,13,13
and_or_beam,10,36,300,480,3,12,120,30,0.70,0.0049,13,13
and_or_beam,10,36,300,480,3,12,120,30,0.80,0.0040,13,13
and_or_beam,10,36,300,480,3,12,120,40,0.60,0.0040,13,13
and_or_beam,10,36,300,480,3,12,120,40,0.70,0.0041,13,13
and_or_beam,10,36,300,480,3,12,120,40,0.80,0.0039,13,13
and_or_beam,10,36,300,480,3,12,180,30,0.60,0.0040,13,13
and_or_beam,10,36,300,480,3,12,180,30,0.70,0.0041,13,13
and_or_beam,10,36,300,480,3,12,180,30,0.80,0.0041,13,13
and_or_beam,10,36,300,480,3,12,180,40,0.60,0.0056,13,13
and_or_beam,10,36,300,480,3,12,180,40,0.70,0.0050,13,13
and_or_beam,10,36,300,480,3,12,180,40,0.80,0.0046,13,13
and_or_beam,10,36,300,480,3,16,120,30,0.60,0.0052,13,13
and_or_beam,10,36,300,480,3,16,120,30,0.70,0.0049,13,13
and_or_beam,10,36,300,480,3,16,120,30,0.80,0.0047,13,13
and_or_beam,10,36,300,480,3,16,120,40,0.60,0.0045,13,13
and_or_beam,10,36,300,480,3,16,120,40,0.70,0.0042,13,13
and_or_beam,10,36,300,480,3,16,120,40,0.80,0.0042,13,13
and_or_beam,10,36,300,480,3,16,180,30,0.60,0.0043,13,13
and_or_beam,10,36,300,480,3,16,180,30,0.70,0.0048,13,13
and_or_beam,10,36,300,480,3,16,180,30,0.80,0.0044,13,13
and_or_beam,10,36,300,480,3,16,180,40,0.60,0.0042,13,13
and_or_beam,10,36,300,480,3,16,180,40,0.70,0.0057,13,13
and_or_beam,10,36,300,480,3,16,180,40,0.80,0.0041,13,13
and_or_beam,10,36,300,480,4,12,120,30,0.60,0.0054,13,13
and_or_beam,10,36,300,480,4,12,120,30,0.70,0.0045,13,13
and_or_beam,10,36,300,480,4,12,120,30,0.80,0.0048,13,13
and_or_beam,10,36,300,480,4,12,120,40,0.60,0.0052,13,13
and_or_beam,10,36,300,480,4,12,120,40,0.70,0.0047,13,13
and_or_beam,10,36,300,480,4,12,120,40,0.80,0.0044,13,13
and_or_beam,10,36,300,480,4,12,180,30,0.60,0.0047,13,13
and_or_beam,10,36,300,480,4,12,180,30,0.70,0.0045,13,13
and_or_beam,10,36,300,480,4,12,180,30,0.80,0.0046,13,13
and_or_beam,10,36,300,480,4,12,180,40,0.60,0.0048,13,13
and_or_beam,10,36,300,480,4,12,180,40,0.70,0.0047,13,13
and_or_beam,10,36,300,480,4,12,180,40,0.80,0.0047,13,13
and_or_beam,10,36,300,480,4,16,120,30,0.60,0.0049,13,13
and_or_beam,10,36,300,480,4,16,120,30,0.70,0.0047,13,13
and_or_beam,10,36,300,480,4,16,120,30,0.80,0.0047,13,13
and_or_beam,10,36,300,480,4,16,120,40,0.60,0.0046,13,13
and_or_beam,10,36,300,480,4,16,120,40,0.70,0.0050,13,13
and_or_beam,10,36,300,480,4,16,120,40,0.80,0.0049,13,13
and_or_beam,10,36,300,480,4,16,180,30,0.60,0.0043,13,13
and_or_beam,10,36,300,480,4,16,180,30,0.70,0.0046,13,13
and_or_beam,10,36,300,480,4,16,180,30,0.80,0.0055,13,13
and_or_beam,10,36,300,480,4,16,180,40,0.60,0.0056,13,13
and_or_beam,10,36,300,480,4,16,180,40,0.70,0.0045,13,13
and_or_beam,10,36,300,480,4,16,180,40,0.80,0.0045,13,13
and_or_beam,10,36,300,720,2,12,120,30,0.60,0.0034,13,13
and_or_beam,10,36,300,720,2,12,120,30,0.70,0.0035,13,13
and_or_beam,10,36,300,720,2,12,120,30,0.80,0.0041,13,13
and_or_beam,10,36,300,720,2,12,120,40,0.60,0.0038,13,13
and_or_beam,10,36,300,720,2,12,120,40,0.70,0.0040,13,13
and_or_beam,10,36,300,720,2,12,120,40,0.80,0.0039,13,13
and_or_beam,10,36,300,720,2,12,180,30,0.60,0.0034,13,13
and_or_beam,10,36,300,720,2,12,180,30,0.70,0.0036,13,13
and_or_beam,10,36,300,720,2,12,180,30,0.80,0.0036,13,13
and_or_beam,10,36,300,720,2,12,180,40,0.60,0.0033,13,13
and_or_beam,10,36,300,720,2,12,180,40,0.70,0.0035,13,13
and_or_beam,10,36,300,720,2,12,180,40,0.80,0.0036,13,13
and_or_beam,10,36,300,720,2,16,120,30,0.60,0.0034,13,13
and_or_beam,10,36,300,720,2,16,120,30,0.70,0.0033,13,13
and_or_beam,10,36,300,720,2,16,120,30,0.80,0.0035,13,13
and_or_beam,10,36,300,720,2,16,120,40,0.60,0.0034,13,13
and_or_beam,10,36,300,720,2,16,120,40,0.70,0.0038,13,13
and_or_beam,10,36,300,720,2,16,120,40,0.80,0.0038,13,13
and_or_beam,10,36,300,720,2,16,180,30,0.60,0.0037,13,13
and_or_beam,10,36,300,720,2,16,180,30,0.70,0.0038,13,13
and_or_beam,10,36,300,720,2,16,180,30,0.80,0.0034,13,13
and_or_beam,10,36,300,720,2,16,180,40,0.60,0.0035,13,13
and_or_beam,10,36,300,720,2,16,180,40,0.70,0.0034,13,13
and_or_beam,10,36,300,720,2,16,180,40,0.80,0.0036,13,13
and_or_beam,10,36,300,720,3,12,120,30,0.60,0.0040,13,13
and_or_beam,10,36,300,720,3,12,120,30,0.70,0.0039,13,13
and_or_beam,10,36,300,720,3,12,120,30,0.80,0.0041,13,13
and_or_beam,10,36,300,720,3,12,120,40,0.60,0.0040,13,13
and_or_beam,10,36,300,720,3,12,120,40,0.70,0.0038,13,13
and_or_beam,10,36,300,720,3,12,120,40,0.80,0.0041,13,13
and_or_beam,10,36,300,720,3,12,180,30,0.60,0.0050,13,13
and_or_beam,10,36,300,720,3,12,180,30,0.70,0.0045,13,13
and_or_beam,10,36,300,720,3,12,180,30,0.80,0.0040,13,13
and_or_beam,10,36,300,720,3,12,180,40,0.60,0.0039,13,13
and_or_beam,10,36,300,720,3,12,180,40,0.70,0.0040,13,13
and_or_beam,10,36,300,720,3,12,180,40,0.80,0.0039,13,13
and_or_beam,10,36,300,720,3,16,120,30,0.60,0.0040,13,13
and_or_beam,10,36,300,720,3,16,120,30,0.70,0.0039,13,13
and_or_beam,10,36,300,720,3,16,120,30,0.80,0.0038,13,13
and_or_beam,10,36,300,720,3,16,120,40,0.60,0.0037,13,13
and_or_beam,10,36,300,720,3,16,120,40,0.70,0.0037,13,13
and_or_beam,10,36,300,720,3,16,120,40,0.80,0.0039,13,13
and_or_beam,10,36,300,720,3,16,180,30,0.60,0.0037,13,13
and_or_beam,10,36,300,720,3,16,180,30,0.70,0.0039,13,13
and_or_beam,10,36,300,720,3,16,180,30,0.80,0.0038,13,13
and_or_beam,10,36,300,720,3,16,180,40,0.60,0.0036,13,13
and_or_beam,10,36,300,720,3,16,180,40,0.70,0.0037,13,13
and_or_beam,10,36,300,720,3,16,180,40,0.80,0.0037,13,13
and_or_beam,10,36,300,720,4,12,120,30,0.60,0.0039,13,13
and_or_beam,10,36,300,720,4,12,120,30,0.70,0.0039,13,13
and_or_beam,10,36,300,720,4,12,120,30,0.80,0.0040,13,13
and_or_beam,10,36,300,720,4,12,120,40,0.60,0.0052,13,13
and_or_beam,10,36,300,720,4,12,120,40,0.70,0.0044,13,13
and_or_beam,10,36,300,720,4,12,120,40,0.80,0.0044,13,13
and_or_beam,10,36,300,720,4,12,180,30,0.60,0.0047,13,13
and_or_beam,10,36,300,720,4,12,180,30,0.70,0.0045,13,13
and_or_beam,10,36,300,720,4,12,180,30,0.80,0.0043,13,13
and_or_beam,10,36,300,720,4,12,180,40,0.60,0.0040,13,13
and_or_beam,10,36,300,720,4,12,180,40,0.70,0.0042,13,13
and_or_beam,10,36,300,720,4,12,180,40,0.80,0.0044,13,13
and_or_beam,10,36,300,720,4,16,120,30,0.60,0.0041,13,13
and_or_beam,10,36,300,720,4,16,120,30,0.70,0.0042,13,13
and_or_beam,10,36,300,720,4,16,120,30,0.80,0.0046,13,13
and_or_beam,10,36,300,720,4,16,120,40,0.60,0.0043,13,13
and_or_beam,10,36,300,720,4,16,120,40,0.70,0.0043,13,13
and_or_beam,10,36,300,720,4,16,120,40,0.80,0.0042,13,13
and_or_beam,10,36,300,720,4,16,180,30,0.60,0.0045,13,13
and_or_beam,10,36,300,720,4,16,180,30,0.70,0.0044,13,13
and_or_beam,10,36,300,720,4,16,180,30,0.80,0.0041,13,13
and_or_beam,10,36,300,720,4,16,180,40,0.60,0.0042,13,13
and_or_beam,10,36,300,720,4,16,180,40,0.70,0.0043,13,13
and_or_beam,10,36,300,720,4,16,180,40,0.80,0.0042,13,13
and_or_beam,10,36,600,480,2,12,120,30,0.60,0.0035,13,13
and_or_beam,10,36,600,480,2,12,120,30,0.70,0.0034,13,13
and_or_beam,10,36,600,480,2,12,120,30,0.80,0.0035,13,13
and_or_beam,10,36,600,480,2,12,120,40,0.60,0.0039,13,13
and_or_beam,10,36,600,480,2,12,120,40,0.70,0.0035,13,13
and_or_beam,10,36,600,480,2,12,120,40,0.80,0.0036,13,13
and_or_beam,10,36,600,480,2,12,180,30,0.60,0.0036,13,13
and_or_beam,10,36,600,480,2,12,180,30,0.70,0.0037,13,13
and_or_beam,10,36,600,480,2,12,180,30,0.80,0.0036,13,13
and_or_beam,10,36,600,480,2,12,180,40,0.60,0.0038,13,13
and_or_beam,10,36,600,480,2,12,180,40,0.70,0.0037,13,13
and_or_beam,10,36,600,480,2,12,180,40,0.80,0.0033,13,13
and_or_beam,10,36,600,480,2,16,120,30,0.60,0.0034,13,13
and_or_beam,10,36,600,480,2,16,120,30,0.70,0.0035,13,13
and_or_beam,10,36,600,480,2,16,120,30,0.80,0.0038,13,13
and_or_beam,10,36,600,480,2,16,120,40,0.60,0.0035,13,13
and_or_beam,10,36,600,480,2,16,120,40,0.70,0.0035,13,13
and_or_beam,10,36,600,480,2,16,120,40,0.80,0.0034,13,13
and_or_beam,10,36,600,480,2,16,180,30,0.60,0.0033,13,13
and_or_beam,10,36,600,480,2,16,180,30,0.70,0.0034,13,13
and_or_beam,10,36,600,480,2,16,180,30,0.80,0.0034,13,13
and_or_beam,10,36,600,480,2,16,180,40,0.60,0.0033,13,13
and_or_beam,10,36,600,480,2,16,180,40,0.70,0.0035,13,13
and_or_beam,10,36,600,480,2,16,180,40,0.80,0.0034,13,13
and_or_beam,10,36,600,480,3,12,120,30,0.60,0.0039,13,13
and_or_beam,10,36,600,480,3,12,120,30,0.70,0.0040,13,13
and_or_beam,10,36,600,480,3,12,120,30,0.80,0.0039,13,13
and_or_beam,10,36,600,480,3,12,120,40,0.60,0.0038,13,13
and_or_beam,10,36,600,480,3,12,120,40,0.70,0.0038,13,13
and_or_beam,10,36,600,480,3,12,120,40,0.80,0.0039,13,13
and_or_beam,10,36,600,480,3,12,180,30,0.60,0.0039,13,13
and_or_beam,10,36,600,480,3,12,180,30,0.70,0.0042,13,13
and_or_beam,10,36,600,480,3,12,180,30,0.80,0.0037,13,13
and_or_beam,10,36,600,480,3,12,180,40,0.60,0.0037,13,13
and_or_beam,10,36,600,480,3,12,180,40,0.70,0.0038,13,13
and_or_beam,10,36,600,480,3,12,180,40,0.80,0.0039,13,13
and_or_beam,10,36,600,480,3,16,120,30,0.60,0.0039,13,13
and_or_beam,10,36,600,480,3,16,120,30,0.70,0.0042,13,13
and_or_beam,10,36,600,480,3,16,120,30,0.80,0.0038,13,13
and_or_beam,10,36,600,480,3,16,120,40,0.60,0.0038,13,13
and_or_beam,10,36,600,480,3,16,120,40,0.70,0.0038,13,13
and_or_beam,10,36,600,480,3,16,120,40,0.80,0.0038,13,13
and_or_beam,10,36,600,480,3,16,180,30,0.60,0.0038,13,13
and_or_beam,10,36,600,480,3,16,180,30,0.70,0.0038,13,13
and_or_beam,10,36,600,480,3,16,180,30,0.80,0.0038,13,13
and_or_beam,10,36,600,480,3,16,180,40,0.60,0.0039,13,13
and_or_beam,10,36,600,480,3,16,180,40,0.70,0.0038,13,13
and_or_beam,10,36,600,480,3,16,180,40,0.80,0.0040,13,13
and_or_beam,10,36,600,480,4,12,120,30,0.60,0.0043,13,13
and_or_beam,10,36,600,480,4,12,120,30,0.70,0.0041,13,13
and_or_beam,10,36,600,480,4,12,120,30,0.80,0.0041,13,13
and_or_beam,10,36,600,480,4,12,120,40,0.60,0.0040,13,13
and_or_beam,10,36,600,480,4,12,120,40,0.70,0.0041,13,13
and_or_beam,10,36,600,480,4,12,120,40,0.80,0.0040,13,13
and_or_beam,10,36,600,480,4,12,180,30,0.60,0.0041,13,13
and_or_beam,10,36,600,480,4,12,180,30,0.70,0.0040,13,13
and_or_beam,10,36,600,480,4,12,180,30,0.80,0.0043,13,13
and_or_beam,10,36,600,480,4,12,180,40,0.60,0.0043,13,13
and_or_beam,10,36,600,480,4,12,180,40,0.70,0.0042,13,13
and_or_beam,10,36,600,480,4,12,180,40,0.80,0.0043,13,13
and_or_beam,10,36,600,480,4,16,120,30,0.60,0.0041,13,13
and_or_beam,10,36,600,480,4,16,120,30,0.70,0.0044,13,13
and_or_beam,10,36,600,480,4,16,120,30,0.80,0.0044,13,13
and_or_beam,10,36,600,480,4,16,120,40,0.60,0.0042,13,13
and_or_beam,10,36,600,480,4,16,120,40,0.70,0.0044,13,13
and_or_beam,10,36,600,480,4,16,120,40,0.80,0.0043,13,13
and_or_beam,10,36,600,480,4,16,180,30,0.60,0.0043,13,13
and_or_beam,10,36,600,480,4,16,180,30,0.70,0.0043,13,13
and_or_beam,10,36,600,480,4,16,180,30,0.80,0.0044,13,13
and_or_beam,10,36,600,480,4,16,180,40,0.60,0.0040,13,13
and_or_beam,10,36,600,480,4,16,180,40,0.70,0.0041,13,13
and_or_beam,10,36,600,480,4,16,180,40,0.80,0.0041,13,13
and_or_beam,10,36,600,720,2,12,120,30,0.60,0.0037,13,13
and_or_beam,10,36,600,720,2,12,120,30,0.70,0.0035,13,13
and_or_beam,10,36,600,720,2,12,120,30,0.80,0.0034,13,13
and_or_beam,10,36,600,720,2,12,120,40,0.60,0.0034,13,13
and_or_beam,10,36,600,720,2,12,120,40,0.70,0.0035,13,13
and_or_beam,10,36,600,720,2,12,120,40,0.80,0.0034,13,13
and_or_beam,10,36,600,720,2,12,180,30,0.60,0.0034,13,13
and_or_beam,10,36,600,720,2,12,180,30,0.70,0.0034,13,13
and_or_beam,10,36,600,720,2,12,180,30,0.80,0.0033,13,13
and_or_beam,10,36,600,720,2,12,180,40,0.60,0.0035,13,13
and_or_beam,10,36,600,720,2,12,180,40,0.70,0.0035,13,13
and_or_beam,10,36,600,720,2,12,180,40,0.80,0.0034,13,13
and_or_beam,10,36,600,720,2,16,120,30,0.60,0.0033,13,13
and_or_beam,10,36,600,720,2,16,120,30,0.70,0.0032,13,13
and_or_beam,10,36,600,720,2,16,120,30,0.80,0.0033,13,13
and_or_beam,10,36,600,720,2,16,120,40,0.60,0.0034,13,13
and_or_beam,10,36,600,720,2,16,120,40,0.70,0.0034,13,13
and_or_beam,10,36,600,720,2,16,120,40,0.80,0.0035,13,13
and_or_beam,10,36,600,720,2,16,180,30,0.60,0.0033,13,13
and_or_beam,10,36,600,720,2,16,180,30,0.70,0.0034,13,13
and_or_beam,10,36,600,720,2,16,180,30,0.80,0.0033,13,13
and_or_beam,10,36,600,720,2,16,180,40,0.60,0.0033,13,13
and_or_beam,10,36,600,720,2,16,180,40,0.70,0.0032,13,13
and_or_beam,10,36,600,720,2,16,180,40,0.80,0.0033,13,13
and_or_beam,10,36,600,720,3,12,120,30,0.60,0.0037,13,13
and_or_beam,10,36,600,720,3,12,120,30,0.70,0.0037,13,13
and_or_beam,10,36,600,720,3,12,120,30,0.80,0.0036,13,13
and_or_beam,10,36,600,720,3,12,120,40,0.60,0.0036,13,13
and_or_beam,10,36,600,720,3,12,120,40,0.70,0.0037,13,13
and_or_beam,10,36,600,720,3,12,120,40,0.80,0.0039,13,13
and_or_beam,10,36,600,720,3,12,180,30,0.60,0.0037,13,13
and_or_beam,10,36,600,720,3,12,180,30,0.70,0.0037,13,13
and_or_beam,10,36,600,720,3,12,180,30,0.80,0.0037,13,13
and_or_beam,10,36,600,720,3,12,180,40,0.60,0.0038,13,13
and_or_beam,10,36,600,720,3,12,180,40,0.70,0.0037,13,13
and_or_beam,10,36,600,720,3,12,180,40,0.80,0.0038,13,13
and_or_beam,10,36,600,720,3,16,120,30,0.60,0.0038,13,13
and_or_beam,10,36,600,720,3,16,120,30,0.70,0.0039,13,13
and_or_beam,10,36,600,720,3,16,120,30,0.80,0.0039,13,13
and_or_beam,10,36,600,720,3,16,120,40,0.60,0.0037,13,13
and_or_beam,10,36,600,720,3,16,120,40,0.70,0.0039,13,13
and_or_beam,10,36,600,720,3,16,120,40,0.80,0.0042,13,13
and_or_beam,10,36,600,720,3,16,180,30,0.60,0.0040,13,13
and_or_beam,10,36,600,720,3,16,180,30,0.70,0.0038,13,13
and_or_beam,10,36,600,720,3,16,180,30,0.80,0.0040,13,13
and_or_beam,10,36,600,720,3,16,180,40,0.60,0.0039,13,13
and_or_beam,10,36,600,720,3,16,180,40,0.70,0.0039,13,13
and_or_beam,10,36,600,720,3,16,180,40,0.80,0.0040,13,13
and_or_beam,10,36,600,720,4,12,120,30,0.60,0.0043,13,13
and_or_beam,10,36,600,720,4,12,120,30,0.70,0.0043,13,13
and_or_beam,10,36,600,720,4,12,120,30,0.80,0.0043,13,13
and_or_beam,10,36,600,720,4,12,120,40,0.60,0.0042,13,13
and_or_beam,10,36,600,720,4,12,120,40,0.70,0.0041,13,13
and_or_beam,10,36,600,720,4,12,120,40,0.80,0.0042,13,13
and_or_beam,10,36,600,720,4,12,180,30,0.60,0.0044,13,13
and_or_beam,10,36,600,720,4,12,180,30,0.70,0.0046,13,13
and_or_beam,10,36,600,720,4,12,180,30,0.80,0.0042,13,13
and_or_beam,10,36,600,720,4,12,180,40,0.60,0.0042,13,13
and_or_beam,10,36,600,720,4,12,180,40,0.70,0.0043,13,13
and_or_beam,10,36,600,720,4,12,180,40,0.80,0.0041,13,13
and_or_beam,10,36,600,720,4,16,120,30,0.60,0.0041,13,13
and_or_beam,10,36,600,720,4,16,120,30,0.70,0.0040,13,13
and_or_beam,10,36,600,720,4,16,120,30,0.80,0.0042,13,13
and_or_beam,10,36,600,720,4,16,120,40,0.60,0.0042,13,13
and_or_beam,10,36,600,720,4,16,120,40,0.70,0.0042,13,13
and_or_beam,10,36,600,720,4,16,120,40,0.80,0.0043,13,13
and_or_beam,10,36,600,720,4,16,180,30,0.60,0.0042,13,13
and_or_beam,10,36,600,720,4,16,180,30,0.70,0.0043,13,13
and_or_beam,10,36,600,720,4,16,180,30,0.80,0.0044,13,13
and_or_beam,10,36,600,720,4,16,180,40,0.60,0.0041,13,13
and_or_beam,10,36,600,720,4,16,180,40,0.70,0.0041,13,13
and_or_beam,10,36,600,720,4,16,180,40,0.80,0.0042,13,13
and_or_beam,10,48,300,480,2,12,120,30,0.60,0.0034,13,13
and_or_beam,10,48,300,480,2,12,120,30,0.70,0.0033,13,13
and_or_beam,10,48,300,480,2,12,120,30,0.80,0.0033,13,13
and_or_beam,10,48,300,480,2,12,120,40,0.60,0.0033,13,13
and_or_beam,10,48,300,480,2,12,120,40,0.70,0.0033,13,13
and_or_beam,10,48,300,480,2,12,120,40,0.80,0.0034,13,13
and_or_beam,10,48,300,480,2,12,180,30,0.60,0.0034,13,13
and_or_beam,10,48,300,480,2,12,180,30,0.70,0.0035,13,13
and_or_beam,10,48,300,480,2,12,180,30,0.80,0.0035,13,13
and_or_beam,10,48,300,480,2,12,180,40,0.60,0.0033,13,13
and_or_beam,10,48,300,480,2,12,180,40,0.70,0.0032,13,13
and_or_beam,10,48,300,480,2,12,180,40,0.80,0.0033,13,13
and_or_beam,10,48,300,480,2,16,120,30,0.60,0.0032,13,13
and_or_beam,10,48,300,480,2,16,120,30,0.70,0.0033,13,13
and_or_beam,10,48,300,480,2,16,120,30,0.80,0.0031,13,13
and_or_beam,10,48,300,480,2,16,120,40,0.60,0.0032,13,13
and_or_beam,10,48,300,480,2,16,120,40,0.70,0.0033,13,13
and_or_beam,10,48,300,480,2,16,120,40,0.80,0.0032,13,13
and_or_beam,10,48,300,480,2,16,180,30,0.60,0.0035,13,13
and_or_beam,10,48,300,480,2,16,180,30,0.70,0.0032,13,13
and_or_beam,10,48,300,480,2,16,180,30,0.80,0.0032,13,13
and_or_beam,10,48,300,480,2,16,180,40,0.60,0.0052,13,13
and_or_beam,10,48,300,480,2,16,180,40,0.70,0.0038,13,13
and_or_beam,10,48,300,480,2,16,180,40,0.80,0.0038,13,13
and_or_beam,10,48,300,480,3,12,120,30,0.60,0.0039,13,13
and_or_beam,10,48,300,480,3,12,120,30,0.70,0.0041,13,13
and_or_beam,10,48,300,480,3,12,120,30,0.80,0.0040,13,13
and_or_beam,10,48,300,480,3,12,120,40,0.60,0.0041,13,13
and_or_beam,10,48,300,480,3,12,120,40,0.70,0.0039,13,13
and_or_beam,10,48,300,480,3,12,120,40,0.80,0.0038,13,13
and_or_beam,10,48,300,480,3,12,180,30,0.60,0.0039,13,13
and_or_beam,10,48,300,480,3,12,180,30,0.70,0.0039,13,13
and_or_beam,10,48,300,480,3,12,180,30,0.80,0.0038,13,13
and_or_beam,10,48,300,480,3,12,180,40,0.60,0.0039,13,13
and_or_beam,10,48,300,480,3,12,180,40,0.70,0.0038,13,13
and_or_beam,10,48,300,480,3,12,180,40,0.80,0.0047,13,13
and_or_beam,10,48,300,480,3,16,120,30,0.60,0.0040,13,13
and_or_beam,10,48,300,480,3,16,120,30,0.70,0.0039,13,13
and_or_beam,10,48,300,480,3,16,120,30,0.80,0.0039,13,13
and_or_beam,10,48,300,480,3,16,120,40,0.60,0.0039,13,13
and_or_beam,10,48,300,480,3,16,120,40,0.70,0.0039,13,13
and_or_beam,10,48,300,480,3,16,120,40,0.80,0.0039,13,13
and_or_beam,10,48,300,480,3,16,180,30,0.60,0.0039,13,13
and_or_beam,10,48,300,480,3,16,180,30,0.70,0.0040,13,13
and_or_beam,10,48,300,480,3,16,180,30,0.80,0.0041,13,13
and_or_beam,10,48,300,480,3,16,180,40,0.60,0.0038,13,13
and_or_beam,10,48,300,480,3,16,180,40,0.70,0.0044,13,13
and_or_beam,10,48,300,480,3,16,180,40,0.80,0.0041,13,13
and_or_beam,10,48,300,480,4,12,120,30,0.60,0.0045,13,13
and_or_beam,10,48,300,480,4,12,120,30,0.70,0.0043,13,13
and_or_beam,10,48,300,480,4,12,120,30,0.80,0.0041,13,13
and_or_beam,10,48,300,480,4,12,120,40,0.60,0.0042,13,13
and_or_beam,10,48,300,480,4,12,120,40,0.70,0.0042,13,13
and_or_beam,10,48,300,480,4,12,120,40,0.80,0.0041,13,13
and_or_beam,10,48,300,480,4,12,180,30,0.60,0.0041,13,13
and_or_beam,10,48,300,480,4,12,180,30,0.70,0.0043,13,13
and_or_beam,10,48,300,480,4,12,180,30,0.80,0.0043,13,13
and_or_beam,10,48,300,480,4,12,180,40,0.60,0.0041,13,13
and_or_beam,10,48,300,480,4,12,180,40,0.70,0.0041,13,13
and_or_beam,10,48,300,480,4,12,180,40,0.80,0.0042,13,13
and_or_beam,10,48,300,480,4,16,120,30,0.60,0.0044,13,13
and_or_beam,10,48,300,480,4,16,120,30,0.70,0.0041,13,13
and_or_beam,10,48,300,480,4,16,120,30,0.80,0.0043,13,13
and_or_beam,10,48,300,480,4,16,120,40,0.60,0.0041,13,13
and_or_beam,10,48,300,480,4,16,120,40,0.70,0.0041,13,13
and_or_beam,10,48,300,480,4,16,120,40,0.80,0.0040,13,13
and_or_beam,10,48,300,480,4,16,180,30,0.60,0.0040,13,13
and_or_beam,10,48,300,480,4,16,180,30,0.70,0.0040,13,13
and_or_beam,10,48,300,480,4,16,180,30,0.80,0.0041,13,13
and_or_beam,10,48,300,480,4,16,180,40,0.60,0.0041,13,13
and_or_beam,10,48,300,480,4,16,180,40,0.70,0.0043,13,13
and_or_beam,10,48,300,480,4,16,180,40,0.80,0.0039,13,13
and_or_beam,10,48,300,720,2,12,120,30,0.60,0.0036,13,13
and_or_beam,10,48,300,720,2,12,120,30,0.70,0.0033,13,13
and_or_beam,10,48,300,720,2,12,120,30,0.80,0.0034,13,13
and_or_beam,10,48,300,720,2,12,120,40,0.60,0.0032,13,13
and_or_beam,10,48,300,720,2,12,120,40,0.70,0.0033,13,13
and_or_beam,10,48,300,720,2,12,120,40,0.80,0.0037,13,13
and_or_beam,10,48,300,720,2,12,180,30,0.60,0.0032,13,13
and_or_beam,10,48,300,720,2,12,180,30,0.70,0.0034,13,13
and_or_beam,10,48,300,720,2,12,180,30,0.80,0.0036,13,13
and_or_beam,10,48,300,720,2,12,180,40,0.60,0.0036,13,13
and_or_beam,10,48,300,720,2,12,180,40,0.70,0.0035,13,13
and_or_beam,10,48,300,720,2,12,180,40,0.80,0.0033,13,13
and_or_beam,10,48,300,720,2,16,120,30,0.60,0.0034,13,13
and_or_beam,10,48,300,720,2,16,120,30,0.70,0.0033,13,13
and_or_beam,10,48,300,720,2,16,120,30,0.80,0.0036,13,13
and_or_beam,10,48,300,720,2,16,120,40,0.60,0.0034,13,13
and_or_beam,10,48,300,720,2,16,120,40,0.70,0.0033,13,13
and_or_beam,10,48,300,720,2,16,120,40,0.80,0.0035,13,13
and_or_beam,10,48,300,720,2,16,180,30,0.60,0.0032,13,13
and_or_beam,10,48,300,720,2,16,180,30,0.70,0.0033,13,13
and_or_beam,10,48,300,720,2,16,180,30,0.80,0.0034,13,13
and_or_beam,10,48,300,720,2,16,180,40,0.60,0.0034,13,13
and_or_beam,10,48,300,720,2,16,180,40,0.70,0.0033,13,13
and_or_beam,10,48,300,720,2,16,180,40,0.80,0.0033,13,13
and_or_beam,10,48,300,720,3,12,120,30,0.60,0.0038,13,13
and_or_beam,10,48,300,720,3,12,120,30,0.70,0.0038,13,13
and_or_beam,10,48,300,720,3,12,120,30,0.80,0.0040,13,13
and_or_beam,10,48,300,720,3,12,120,40,0.60,0.0040,13,13
and_or_beam,10,48,300,720,3,12,120,40,0.70,0.0043,13,13
and_or_beam,10,48,300,720,3,12,120,40,0.80,0.0039,13,13
and_or_beam,10,48,300,720,3,12,180,30,0.60,0.0040,13,13
and_or_beam,10,48,300,720,3,12,180,30,0.70,0.0039,13,13
and_or_beam,10,48,300,720,3,12,180,30,0.80,0.0039,13,13
and_or_beam,10,48,300,720,3,12,180,40,0.60,0.0041,13,13
and_or_beam,10,48,300,720,3,12,180,40,0.70,0.0040,13,13
and_or_beam,10,48,300,720,3,12,180,40,0.80,0.0039,13,13
and_or_beam,10,48,300,720,3,16,120,30,0.60,0.0040,13,13
and_or_beam,10,48,300,720,3,16,120,30,0.70,0.0040,13,13
and_or_beam,10,48,300,720,3,16,120,30,0.80,0.0040,13,13
and_or_beam,10,48,300,720,3,16,120,40,0.60,0.0039,13,13
and_or_beam,10,48,300,720,3,16,120,40,0.70,0.0041,13,13
and_or_beam,10,48,300,720,3,16,120,40,0.80,0.0039,13,13
and_or_beam,10,48,300,720,3,16,180,30,0.60,0.0040,13,13
and_or_beam,10,48,300,720,3,16,180,30,0.70,0.0040,13,13
and_or_beam,10,48,300,720,3,16,180,30,0.80,0.0039,13,13
and_or_beam,10,48,300,720,3,16,180,40,0.60,0.0038,13,13
and_or_beam,10,48,300,720,3,16,180,40,0.70,0.0038,13,13
and_or_beam,10,48,300,720,3,16,180,40,0.80,0.0039,13,13
and_or_beam,10,48,300,720,4,12,120,30,0.60,0.0041,13,13
and_or_beam,10,48,300,720,4,12,120,30,0.70,0.0042,13,13
and_or_beam,10,48,300,720,4,12,120,30,0.80,0.0042,13,13
and_or_beam,10,48,300,720,4,12,120,40,0.60,0.0042,13,13
and_or_beam,10,48,300,720,4,12,120,40,0.70,0.0042,13,13
and_or_beam,10,48,300,720,4,12,120,40,0.80,0.0043,13,13
and_or_beam,10,48,300,720,4,12,180,30,0.60,0.0040,13,13
and_or_beam,10,48,300,720,4,12,180,30,0.70,0.0041,13,13
and_or_beam,10,48,300,720,4,12,180,30,0.80,0.0041,13,13
and_or_beam,10,48,300,720,4,12,180,40,0.60,0.0043,13,13
and_or_beam,10,48,300,720,4,12,180,40,0.70,0.0044,13,13
and_or_beam,10,48,300,720,4,12,180,40,0.80,0.0042,13,13
and_or_beam,10,48,300,720,4,16,120,30,0.60,0.0041,13,13
and_or_beam,10,48,300,720,4,16,120,30,0.70,0.0041,13,13
and_or_beam,10,48,300,720,4,16,120,30,0.80,0.0042,13,13
and_or_beam,10,48,300,720,4,16,120,40,0.60,0.0043,13,13
and_or_beam,10,48,300,720,4,16,120,40,0.70,0.0043,13,13
and_or_beam,10,48,300,720,4,16,120,40,0.80,0.0042,13,13
and_or_beam,10,48,300,720,4,16,180,30,0.60,0.0041,13,13
and_or_beam,10,48,300,720,4,16,180,30,0.70,0.0041,13,13
and_or_beam,10,48,300,720,4,16,180,30,0.80,0.0041,13,13
and_or_beam,10,48,300,720,4,16,180,40,0.60,0.0042,13,13
and_or_beam,10,48,300,720,4,16,180,40,0.70,0.0043,13,13
and_or_beam,10,48,300,720,4,16,180,40,0.80,0.0042,13,13
and_or_beam,10,48,600,480,2,12,120,30,0.60,0.0034,13,13
and_or_beam,10,48,600,480,2,12,120,30,0.70,0.0034,13,13
and_or_beam,10,48,600,480,2,12,120,30,0.80,0.0035,13,13
and_or_beam,10,48,600,480,2,12,120,40,0.60,0.0036,13,13
and_or_beam,10,48,600,480,2,12,120,40,0.70,0.0035,13,13
and_or_beam,10,48,600,480,2,12,120,40,0.80,0.0036,13,13
and_or_beam,10,48,600,480,2,12,180,30,0.60,0.0036,13,13
and_or_beam,10,48,600,480,2,12,180,30,0.70,0.0034,13,13
and_or_beam,10,48,600,480,2,12,180,30,0.80,0.0035,13,13
and_or_beam,10,48,600,480,2,12,180,40,0.60,0.0034,13,13
and_or_beam,10,48,600,480,2,12,180,40,0.70,0.0033,13,13
and_or_beam,10,48,600,480,2,12,180,40,0.80,0.0033,13,13
and_or_beam,10,48,600,480,2,16,120,30,0.60,0.0036,13,13
and_or_beam,10,48,600,480,2,16,120,30,0.70,0.0034,13,13
and_or_beam,10,48,600,480,2,16,120,30,0.80,0.0034,13,13
and_or_beam,10,48,600,480,2,16,120,40,0.60,0.0034,13,13
and_or_beam,10,48,600,480,2,16,120,40,0.70,0.0033,13,13
and_or_beam,10,48,600,480,2,16,120,40,0.80,0.0033,13,13
and_or_beam,10,48,600,480,2,16,180,30,0.60,0.0033,13,13
and_or_beam,10,48,600,480,2,16,180,30,0.70,0.0035,13,13
and_or_beam,10,48,600,480,2,16,180,30,0.80,0.0034,13,13
and_or_beam,10,48,600,480,2,16,180,40,0.60,0.0035,13,13
and_or_beam,10,48,600,480,2,16,180,40,0.70,0.0034,13,13
and_or_beam,10,48,600,480,2,16,180,40,0.80,0.0034,13,13
and_or_beam,10,48,600,480,3,12,120,30,0.60,0.0039,13,13
and_or_beam,10,48,600,480,3,12,120,30,0.70,0.0039,13,13
and_or_beam,10,48,600,480,3,12,120,30,0.80,0.0039,13,13
and_or_beam,10,48,600,480,3,12,120,40,0.60,0.0040,13,13
and_or_beam,10,48,600,480,3,12,120,40,0.70,0.0039,13,13
and_or_beam,10,48,600,480,3,12,120,40,0.80,0.0039,13,13
and_or_beam,10,48,600,480,3,12,180,30,0.60,0.0039,13,13
and_or_beam,10,48,600,480,3,12,180,30,0.70,0.0041,13,13
and_or_beam,10,48,600,480,3,12,180,30,0.80,0.0042,13,13
and_or_beam,10,48,600,480,3,12,180,40,0.60,0.0040,13,13
and_or_beam,10,48,600,480,3,12,180,40,0.70,0.0039,13,13
and_or_beam,10,48,600,480,3,12,180,40,0.80,0.0038,13,13
and_or_beam,10,48,600,480,3,16,120,30,0.60,0.0041,13,13
and_or_beam,10,48,600,480,3,16,120,30,0.70,0.0040,13,13
and_or_beam,10,48,600,480,3,16,120,30,0.80,0.0041,13,13
and_or_beam,10,48,600,480,3,16,120,40,0.60,0.0042,13,13
and_or_beam,10,48,600,480,3,16,120,40,0.70,0.0041,13,13
and_or_beam,10,48,600,480,3,16,120,40,0.80,0.0041,13,13
and_or_beam,10,48,600,480,3,16,180,30,0.60,0.0042,13,13
and_or_beam,10,48,600,480,3,16,180,30,0.70,0.0042,13,13
and_or_beam,10,48,600,480,3,16,180,30,0.80,0.0041,13,13
and_or_beam,10,48,600,480,3,16,180,40,0.60,0.0040,13,13
and_or_beam,10,48,600,480,3,16,180,40,0.70,0.0039,13,13
and_or_beam,10,48,600,480,3,16,180,40,0.80,0.0039,13,13
and_or_beam,10,48,600,480,4,12,120,30,0.60,0.0042,13,13
and_or_beam,10,48,600,480,4,12,120,30,0.70,0.0040,13,13
and_or_beam,10,48,600,480,4,12,120,30,0.80,0.0040,13,13
and_or_beam,10,48,600,480,4,12,120,40,0.60,0.0039,13,13
and_or_beam,10,48,600,480,4,12,120,40,0.70,0.0041,13,13
and_or_beam,10,48,600,480,4,12,120,40,0.80,0.0039,13,13
and_or_beam,10,48,600,480,4,12,180,30,0.60,0.0039,13,13
and_or_beam,10,48,600,480,4,12,180,30,0.70,0.0038,13,13
and_or_beam,10,48,600,480,4,12,180,30,0.80,0.0040,13,13
and_or_beam,10,48,600,480,4,12,180,40,0.60,0.0040,13,13
and_or_beam,10,48,600,480,4,12,180,40,0.70,0.0041,13,13
and_or_beam,10,48,600,480,4,12,180,40,0.80,0.0041,13,13
and_or_beam,10,48,600,480,4,16,120,30,0.60,0.0040,13,13
and_or_beam,10,48,600,480,4,16,120,30,0.70,0.0039,13,13
and_or_beam,10,48,600,480,4,16,120,30,0.80,0.0039,13,13
and_or_beam,10,48,600,480,4,16,120,40,0.60,0.0038,13,13
and_or_beam,10,48,600,480,4,16,120,40,0.70,0.0042,13,13
and_or_beam,10,48,600,480,4,16,120,40,0.80,0.0041,13,13
and_or_beam,10,48,600,480,4,16,180,30,0.60,0.0041,13,13
and_or_beam,10,48,600,480,4,16,180,30,0.70,0.0040,13,13
and_or_beam,10,48,600,480,4,16,180,30,0.80,0.0041,13,13
and_or_beam,10,48,600,480,4,16,180,40,0.60,0.0040,13,13
and_or_beam,10,48,600,480,4,16,180,40,0.70,0.0045,13,13
and_or_beam,10,48,600,480,4,16,180,40,0.80,0.0042,13,13
and_or_beam,10,48,600,720,2,12,120,30,0.60,0.0032,13,13
and_or_beam,10,48,600,720,2,12,120,30,0.70,0.0033,13,13
and_or_beam,10,48,600,720,2,12,120,30,0.80,0.0033,13,13
and_or_beam,10,48,600,720,2,12,120,40,0.60,0.0032,13,13
and_or_beam,10,48,600,720,2,12,120,40,0.70,0.0033,13,13
and_or_beam,10,48,600,720,2,12,120,40,0.80,0.0031,13,13
and_or_beam,10,48,600,720,2,12,180,30,0.60,0.0033,13,13
and_or_beam,10,48,600,720,2,12,180,30,0.70,0.0032,13,13
and_or_beam,10,48,600,720,2,12,180,30,0.80,0.0032,13,13
and_or_beam,10,48,600,720,2,12,180,40,0.60,0.0032,13,13
and_or_beam,10,48,600,720,2,12,180,40,0.70,0.0034,13,13
and_or_beam,10,48,600,720,2,12,180,40,0.80,0.0032,13,13
and_or_beam,10,48,600,720,2,16,120,30,0.60,0.0032,13,13
and_or_beam,10,48,600,720,2,16,120,30,0.70,0.0034,13,13
and_or_beam,10,48,600,720,2,16,120,30,0.80,0.0032,13,13
and_or_beam,10,48,600,720,2,16,120,40,0.60,0.0033,13,13
and_or_beam,10,48,600,720,2,16,120,40,0.70,0.0031,13,13
and_or_beam,10,48,600,720,2,16,120,40,0.80,0.0033,13,13
and_or_beam,10,48,600,720,2,16,180,30,0.60,0.0032,13,13
and_or_beam,10,48,600,720,2,16,180,30,0.70,0.0033,13,13
and_or_beam,10,48,600,720,2,16,180,30,0.80,0.0033,13,13
and_or_beam,10,48,600,720,2,16,180,40,0.60,0.0032,13,13
and_or_beam,10,48,600,720,2,16,180,40,0.70,0.0032,13,13
and_or_beam,10,48,600,720,2,16,180,40,0.80,0.0033,13,13
and_or_beam,10,48,600,720,3,12,120,30,0.60,0.0039,13,13
and_or_beam,10,48,600,720,3,12,120,30,0.70,0.0039,13,13
and_or_beam,10,48,600,720,3,12,120,30,0.80,0.0040,13,13
and_or_beam,10,48,600,720,3,12,120,40,0.60,0.0041,13,13
and_or_beam,10,48,600,720,3,12,120,40,0.70,0.0039,13,13
and_or_beam,10,48,600,720,3,12,120,40,0.80,0.0038,13,13
and_or_beam,10,48,600,720,3,12,180,30,0.60,0.0040,13,13
and_or_beam,10,48,600,720,3,12,180,30,0.70,0.0038,13,13
and_or_beam,10,48,600,720,3,12,180,30,0.80,0.0038,13,13
and_or_beam,10,48,600,720,3,12,180,40,0.60,0.0038,13,13
and_or_beam,10,48,600,720,3,12,180,40,0.70,0.0037,13,13
and_or_beam,10,48,600,720,3,12,180,40,0.80,0.0037,13,13
and_or_beam,10,48,600,720,3,16,120,30,0.60,0.0037,13,13
and_or_beam,10,48,600,720,3,16,120,30,0.70,0.0037,13,13
and_or_beam,10,48,600,720,3,16,120,30,0.80,0.0037,13,13
and_or_beam,10,48,600,720,3,16,120,40,0.60,0.0040,13,13
and_or_beam,10,48,600,720,3,16,120,40,0.70,0.0040,13,13
and_or_beam,10,48,600,720,3,16,120,40,0.80,0.0040,13,13
and_or_beam,10,48,600,720,3,16,180,30,0.60,0.0039,13,13
and_or_beam,10,48,600,720,3,16,180,30,0.70,0.0037,13,13
and_or_beam,10,48,600,720,3,16,180,30,0.80,0.0038,13,13
and_or_beam,10,48,600,720,3,16,180,40,0.60,0.0039,13,13
and_or_beam,10,48,600,720,3,16,180,40,0.70,0.0038,13,13
and_or_beam,10,48,600,720,3,16,180,40,0.80,0.0043,13,13
and_or_beam,10,48,600,720,4,12,120,30,0.60,0.0041,13,13
and_or_beam,10,48,600,720,4,12,120,30,0.70,0.0040,13,13
and_or_beam,10,48,600,720,4,12,120,30,0.80,0.0041,13,13
and_or_beam,10,48,600,720,4,12,120,40,0.60,0.0040,13,13
and_or_beam,10,48,600,720,4,12,120,40,0.70,0.0043,13,13
and_or_beam,10,48,600,720,4,12,120,40,0.80,0.0040,13,13
and_or_beam,10,48,600,720,4,12,180,30,0.60,0.0040,13,13
and_or_beam,10,48,600,720,4,12,180,30,0.70,0.0039,13,13
and_or_beam,10,48,600,720,4,12,180,30,0.80,0.0040,13,13
and_or_beam,10,48,600,720,4,12,180,40,0.60,0.0040,13,13
and_or_beam,10,48,600,720,4,12,180,40,0.70,0.0039,13,13
and_or_beam,10,48,600,720,4,12,180,40,0.80,0.0039,13,13
and_or_beam,10,48,600,720,4,16,120,30,0.60,0.0040,13,13
and_or_beam,10,48,600,720,4,16,120,30,0.70,0.0039,13,13
and_or_beam,10,48,600,720,4,16,120,30,0.80,0.0039,13,13
and_or_beam,10,48,600,720,4,16,120,40,0.60,0.0039,13,13
and_or_beam,10,48,600,720,4,16,120,40,0.70,0.0042,13,13
and_or_beam,10,48,600,720,4,16,120,40,0.80,0.0039,13,13
and_or_beam,10,48,600,720,4,16,180,30,0.60,0.0039,13,13
and_or_beam,10,48,600,720,4,16,180,30,0.70,0.0040,13,13
and_or_beam,10,48,600,720,4,16,180,30,0.80,0.0040,13,13
and_or_beam,10,48,600,720,4,16,180,40,0.60,0.0039,13,13
and_or_beam,10,48,600,720,4,16,180,40,0.70,0.0039,13,13
and_or_beam,10,48,600,720,4,16,180,40,0.80,0.0041,13,13
and_or_beam,12,24,300,480,2,12,120,30,0.60,0.0033,13,13
and_or_beam,12,24,300,480,2,12,120,30,0.70,0.0032,13,13
and_or_beam,12,24,300,480,2,12,120,30,0.80,0.0031,13,13
and_or_beam,12,24,300,480,2,12,120,40,0.60,0.0032,13,13
and_or_beam,12,24,300,480,2,12,120,40,0.70,0.0033,13,13
and_or_beam,12,24,300,480,2,12,120,40,0.80,0.0033,13,13
and_or_beam,12,24,300,480,2,12,180,30,0.60,0.0032,13,13
and_or_beam,12,24,300,480,2,12,180,30,0.70,0.0034,13,13
and_or_beam,12,24,300,480,2,12,180,30,0.80,0.0032,13,13
and_or_beam,12,24,300,480,2,12,180,40,0.60,0.0040,13,13
and_or_beam,12,24,300,480,2,12,180,40,0.70,0.0032,13,13
and_or_beam,12,24,300,480,2,12,180,40,0.80,0.0033,13,13
and_or_beam,12,24,300,480,2,16,120,30,0.60,0.0034,13,13
and_or_beam,12,24,300,480,2,16,120,30,0.70,0.0031,13,13
and_or_beam,12,24,300,480,2,16,120,30,0.80,0.0032,13,13
and_or_beam,12,24,300,480,2,16,120,40,0.60,0.0033,13,13
and_or_beam,12,24,300,480,2,16,120,40,0.70,0.0032,13,13
and_or_beam,12,24,300,480,2,16,120,40,0.80,0.0032,13,13
and_or_beam,12,24,300,480,2,16,180,30,0.60,0.0032,13,13
and_or_beam,12,24,300,480,2,16,180,30,0.70,0.0031,13,13
and_or_beam,12,24,300,480,2,16,180,30,0.80,0.0032,13,13
and_or_beam,12,24,300,480,2,16,180,40,0.60,0.0033,13,13
and_or_beam,12,24,300,480,2,16,180,40,0.70,0.0033,13,13
and_or_beam,12,24,300,480,2,16,180,40,0.80,0.0033,13,13
and_or_beam,12,24,300,480,3,12,120,30,0.60,0.0039,13,13
and_or_beam,12,24,300,480,3,12,120,30,0.70,0.0037,13,13
and_or_beam,12,24,300,480,3,12,120,30,0.80,0.0038,13,13
and_or_beam,12,24,300,480,3,12,120,40,0.60,0.0037,13,13
and_or_beam,12,24,300,480,3,12,120,40,0.70,0.0038,13,13
and_or_beam,12,24,300,480,3,12,120,40,0.80,0.0038,13,13
and_or_beam,12,24,300,480,3,12,180,30,0.60,0.0040,13,13
and_or_beam,12,24,300,480,3,12,180,30,0.70,0.0039,13,13
and_or_beam,12,24,300,480,3,12,180,30,0.80,0.0038,13,13
and_or_beam,12,24,300,480,3,12,180,40,0.60,0.0039,13,13
and_or_beam,12,24,300,480,3,12,180,40,0.70,0.0040,13,13
and_or_beam,12,24,300,480,3,12,180,40,0.80,0.0040,13,13
and_or_beam,12,24,300,480,3,16,120,30,0.60,0.0038,13,13
and_or_beam,12,24,300,480,3,16,120,30,0.70,0.0040,13,13
and_or_beam,12,24,300,480,3,16,120,30,0.80,0.0042,13,13
and_or_beam,12,24,300,480,3,16,120,40,0.60,0.0040,13,13
and_or_beam,12,24,300,480,3,16,120,40,0.70,0.0039,13,13
and_or_beam,12,24,300,480,3,16,120,40,0.80,0.0038,13,13
and_or_beam,12,24,300,480,3,16,180,30,0.60,0.0037,13,13
and_or_beam,12,24,300,480,3,16,180,30,0.70,0.0038,13,13
and_or_beam,12,24,300,480,3,16,180,30,0.80,0.0038,13,13
and_or_beam,12,24,300,480,3,16,180,40,0.60,0.0038,13,13
and_or_beam,12,24,300,480,3,16,180,40,0.70,0.0039,13,13
and_or_beam,12,24,300,480,3,16,180,40,0.80,0.0039,13,13
and_or_beam,12,24,300,480,4,12,120,30,0.60,0.0041,13,13
and_or_beam,12,24,300,480,4,12,120,30,0.70,0.0043,13,13
and_or_beam,12,24,300,480,4,12,120,30,0.80,0.0042,13,13
and_or_beam,12,24,300,480,4,12,120,40,0.60,0.0041,13,13
and_or_beam,12,24,300,480,4,12,120,40,0.70,0.0041,13,13
and_or_beam,12,24,300,480,4,12,120,40,0.80,0.0042,13,13
and_or_beam,12,24,300,480,4,12,180,30,0.60,0.0040,13,13
and_or_beam,12,24,300,480,4,12,180,30,0.70,0.0039,13,13
and_or_beam,12,24,300,480,4,12,180,30,0.80,0.0041,13,13
and_or_beam,12,24,300,480,4,12,180,40,0.60,0.0039,13,13
and_or_beam,12,24,300,480,4,12,180,40,0.70,0.0040,13,13
and_or_beam,12,24,300,480,4,12,180,40,0.80,0.0040,13,13
and_or_beam,12,24,300,480,4,16,120,30,0.60,0.0040,13,13
and_or_beam,12,24,300,480,4,16,120,30,0.70,0.0041,13,13
and_or_beam,12,24,300,480,4,16,120,30,0.80,0.0039,13,13
and_or_beam,12,24,300,480,4,16,120,40,0.60,0.0039,13,13
and_or_beam,12,24,300,480,4,16,120,40,0.70,0.0039,13,13
and_or_beam,12,24,300,480,4,16,120,40,0.80,0.0039,13,13
and_or_beam,12,24,300,480,4,16,180,30,0.60,0.0040,13,13
and_or_beam,12,24,300,480,4,16,180,30,0.70,0.0039,13,13
and_or_beam,12,24,300,480,4,16,180,30,0.80,0.0039,13,13
and_or_beam,12,24,300,480,4,16,180,40,0.60,0.0039,13,13
and_or_beam,12,24,300,480,4,16,180,40,0.70,0.0041,13,13
and_or_beam,12,24,300,480,4,16,180,40,0.80,0.0041,13,13
and_or_beam,12,24,300,720,2,12,120,30,0.60,0.0034,13,13
and_or_beam,12,24,300,720,2,12,120,30,0.70,0.0033,13,13
and_or_beam,12,24,300,720,2,12,120,30,0.80,0.0032,13,13
and_or_beam,12,24,300,720,2,12,120,40,0.60,0.0041,13,13
and_or_beam,12,24,300,720,2,12,120,40,0.70,0.0043,13,13
and_or_beam,12,24,300,720,2,12,120,40,0.80,0.0034,13,13
and_or_beam,12,24,300,720,2,12,180,30,0.60,0.0033,13,13
and_or_beam,12,24,300,720,2,12,180,30,0.70,0.0035,13,13
and_or_beam,12,24,300,720,2,12,180,30,0.80,0.0033,13,13
and_or_beam,12,24,300,720,2,12,180,40,0.60,0.0032,13,13
and_or_beam,12,24,300,720,2,12,180,40,0.70,0.0035,13,13
and_or_beam,12,24,300,720,2,12,180,40,0.80,0.0034,13,13
and_or_beam,12,24,300,720,2,16,120,30,0.60,0.0034,13,13
and_or_beam,12,24,300,720,2,16,120,30,0.70,0.0034,13,13
and_or_beam,12,24,300,720,2,16,120,30,0.80,0.0034,13,13
and_or_beam,12,24,300,720,2,16,120,40,0.60,0.0035,13,13
and_or_beam,12,24,300,720,2,16,120,40,0.70,0.0034,13,13
and_or_beam,12,24,300,720,2,16,120,40,0.80,0.0033,13,13
and_or_beam,12,24,300,720,2,16,180,30,0.60,0.0036,13,13
and_or_beam,12,24,300,720,2,16,180,30,0.70,0.0034,13,13
and_or_beam,12,24,300,720,2,16,180,30,0.80,0.0034,13,13
and_or_beam,12,24,300,720,2,16,180,40,0.60,0.0034,13,13
and_or_beam,12,24,300,720,2,16,180,40,0.70,0.0034,13,13
and_or_beam,12,24,300,720,2,16,180,40,0.80,0.0033,13,13
and_or_beam,12,24,300,720,3,12,120,30,0.60,0.0041,13,13
and_or_beam,12,24,300,720,3,12,120,30,0.70,0.0040,13,13
and_or_beam,12,24,300,720,3,12,120,30,0.80,0.0037,13,13
and_or_beam,12,24,300,720,3,12,120,40,0.60,0.0039,13,13
and_or_beam,12,24,300,720,3,12,120,40,0.70,0.0040,13,13
and_or_beam,12,24,300,720,3,12,120,40,0.80,0.0040,13,13
and_or_beam,12,24,300,720,3,12,180,30,0.60,0.0039,13,13
and_or_beam,12,24,300,720,3,12,180,30,0.70,0.0040,13,13
and_or_beam,12,24,300,720,3,12,180,30,0.80,0.0040,13,13
and_or_beam,12,24,300,720,3,12,180,40,0.60,0.0037,13,13
and_or_beam,12,24,300,720,3,12,180,40,0.70,0.0039,13,13
and_or_beam,12,24,300,720,3,12,180,40,0.80,0.0041,13,13
and_or_beam,12,24,300,720,3,16,120,30,0.60,0.0039,13,13
and_or_beam,12,24,300,720,3,16,120,30,0.70,0.0039,13,13
and_or_beam,12,24,300,720,3,16,120,30,0.80,0.0040,13,13
and_or_beam,12,24,300,720,3,16,120,40,0.60,0.0040,13,13
and_or_beam,12,24,300,720,3,16,120,40,0.70,0.0041,13,13
and_or_beam,12,24,300,720,3,16,120,40,0.80,0.0042,13,13
and_or_beam,12,24,300,720,3,16,180,30,0.60,0.0041,13,13
and_or_beam,12,24,300,720,3,16,180,30,0.70,0.0039,13,13
and_or_beam,12,24,300,720,3,16,180,30,0.80,0.0041,13,13
and_or_beam,12,24,300,720,3,16,180,40,0.60,0.0039,13,13
and_or_beam,12,24,300,720,3,16,180,40,0.70,0.0041,13,13
and_or_beam,12,24,300,720,3,16,180,40,0.80,0.0039,13,13
and_or_beam,12,24,300,720,4,12,120,30,0.60,0.0042,13,13
and_or_beam,12,24,300,720,4,12,120,30,0.70,0.0049,13,13
and_or_beam,12,24,300,720,4,12,120,30,0.80,0.0042,13,13
and_or_beam,12,24,300,720,4,12,120,40,0.60,0.0041,13,13
and_or_beam,12,24,300,720,4,12,120,40,0.70,0.0043,13,13
and_or_beam,12,24,300,720,4,12,120,40,0.80,0.0044,13,13
and_or_beam,12,24,300,720,4,12,180,30,0.60,0.0042,13,13
and_or_beam,12,24,300,720,4,12,180,30,0.70,0.0040,13,13
and_or_beam,12,24,300,720,4,12,180,30,0.80,0.0042,13,13
and_or_beam,12,24,300,720,4,12,180,40,0.60,0.0040,13,13
and_or_beam,12,24,300,720,4,12,180,40,0.70,0.0040,13,13
and_or_beam,12,24,300,720,4,12,180,40,0.80,0.0040,13,13
and_or_beam,12,24,300,720,4,16,120,30,0.60,0.0042,13,13
and_or_beam,12,24,300,720,4,16,120,30,0.70,0.0040,13,13
and_or_beam,12,24,300,720,4,16,120,30,0.80,0.0041,13,13
and_or_beam,12,24,300,720,4,16,120,40,0.60,0.0042,13,13
and_or_beam,12,24,300,720,4,16,120,40,0.70,0.0042,13,13
and_or_beam,12,24,300,720,4,16,120,40,0.80,0.0042,13,13
and_or_beam,12,24,300,720,4,16,180,30,0.60,0.0043,13,13
and_or_beam,12,24,300,720,4,16,180,30,0.70,0.0042,13,13
and_or_beam,12,24,300,720,4,16,180,30,0.80,0.0043,13,13
and_or_beam,12,24,300,720,4,16,180,40,0.60,0.0042,13,13
and_or_beam,12,24,300,720,4,16,180,40,0.70,0.0042,13,13
and_or_beam,12,24,300,720,4,16,180,40,0.80,0.0041,13,13
and_or_beam,12,24,600,480,2,12,120,30,0.60,0.0035,13,13
and_or_beam,12,24,600,480,2,12,120,30,0.70,0.0036,13,13
and_or_beam,12,24,600,480,2,12,120,30,0.80,0.0034,13,13
and_or_beam,12,24,600,480,2,12,120,40,0.60,0.0034,13,13
and_or_beam,12,24,600,480,2,12,120,40,0.70,0.0033,13,13
and_or_beam,12,24,600,480,2,12,120,40,0.80,0.0037,13,13
and_or_beam,12,24,600,480,2,12,180,30,0.60,0.0034,13,13
and_or_beam,12,24,600,480,2,12,180,30,0.70,0.0036,13,13
and_or_beam,12,24,600,480,2,12,180,30,0.80,0.0033,13,13
and_or_beam,12,24,600,480,2,12,180,40,0.60,0.0035,13,13
and_or_beam,12,24,600,480,2,12,180,40,0.70,0.0036,13,13
and_or_beam,12,24,600,480,2,12,180,40,0.80,0.0033,13,13
and_or_beam,12,24,600,480,2,16,120,30,0.60,0.0035,13,13
and_or_beam,12,24,600,480,2,16,120,30,0.70,0.0036,13,13
and_or_beam,12,24,600,480,2,16,120,30,0.80,0.0035,13,13
and_or_beam,12,24,600,480,2,16,120,40,0.60,0.0035,13,13
and_or_beam,12,24,600,480,2,16,120,40,0.70,0.0035,13,13
and_or_beam,12,24,600,480,2,16,120,40,0.80,0.0035,13,13
and_or_beam,12,24,600,480,2,16,180,30,0.60,0.0036,13,13
and_or_beam,12,24,600,480,2,16,180,30,0.70,0.0035,13,13
and_or_beam,12,24,600,480,2,16,180,30,0.80,0.0036,13,13
and_or_beam,12,24,600,480,2,16,180,40,0.60,0.0035,13,13
and_or_beam,12,24,600,480,2,16,180,40,0.70,0.0036,13,13
and_or_beam,12,24,600,480,2,16,180,40,0.80,0.0037,13,13
and_or_beam,12,24,600,480,3,12,120,30,0.60,0.0041,13,13
and_or_beam,12,24,600,480,3,12,120,30,0.70,0.0039,13,13
and_or_beam,12,24,600,480,3,12,120,30,0.80,0.0040,13,13
and_or_beam,12,24,600,480,3,12,120,40,0.60,0.0042,13,13
and_or_beam,12,24,600,480,3,12,120,40,0.70,0.0039,13,13
and_or_beam,12,24,600,480,3,12,120,40,0.80,0.0038,13,13
and_or_beam,12,24,600,480,3,12,180,30,0.60,0.0038,13,13
and_or_beam,12,24,600,480,3,12,180,30,0.70,0.0039,13,13
and_or_beam,12,24,600,480,3,12,180,30,0.80,0.0041,13,13
and_or_beam,12,24,600,480,3,12,180,40,0.60,0.0039,13,13
and_or_beam,12,24,600,480,3,12,180,40,0.70,0.0039,13,13
and_or_beam,12,24,600,480,3,12,180,40,0.80,0.0039,13,13
and_or_beam,12,24,600,480,3,16,120,30,0.60,0.0037,13,13
and_or_beam,12,24,600,480,3,16,120,30,0.70,0.0040,13,13
and_or_beam,12,24,600,480,3,16,120,30,0.80,0.0039,13,13
and_or_beam,12,24,600,480,3,16,120,40,0.60,0.0040,13,13
and_or_beam,12,24,600,480,3,16,120,40,0.70,0.0039,13,13
and_or_beam,12,24,600,480,3,16,120,40,0.80,0.0040,13,13
and_or_beam,12,24,600,480,3,16,180,30,0.60,0.0038,13,13
and_or_beam,12,24,600,480,3,16,180,30,0.70,0.0038,13,13
and_or_beam,12,24,600,480,3,16,180,30,0.80,0.0038,13,13
and_or_beam,12,24,600,480,3,16,180,40,0.60,0.0039,13,13
and_or_beam,12,24,600,480,3,16,180,40,0.70,0.0040,13,13
and_or_beam,12,24,600,480,3,16,180,40,0.80,0.0039,13,13
and_or_beam,12,24,600,480,4,12,120,30,0.60,0.0041,13,13
and_or_beam,12,24,600,480,4,12,120,30,0.70,0.0041,13,13
and_or_beam,12,24,600,480,4,12,120,30,0.80,0.0044,13,13
and_or_beam,12,24,600,480,4,12,120,40,0.60,0.0042,13,13
and_or_beam,12,24,600,480,4,12,120,40,0.70,0.0041,13,13
and_or_beam,12,24,600,480,4,12,120,40,0.80,0.0040,13,13
and_or_beam,12,24,600,480,4,12,180,30,0.60,0.0041,13,13
and_or_beam,12,24,600,480,4,12,180,30,0.70,0.0041,13,13
and_or_beam,12,24,600,480,4,12,180,30,0.80,0.0043,13,13
and_or_beam,12,24,600,480,4,12,180,40,0.60,0.0045,13,13
and_or_beam,12,24,600,480,4,12,180,40,0.70,0.0045,13,13
and_or_beam,12,24,600,480,4,12,180,40,0.80,0.0042,13,13
and_or_beam,12,24,600,480,4,16,120,30,0.60,0.0042,13,13
and_or_beam,12,24,600,480,4,16,120,30,0.70,0.0042,13,13
and_or_beam,12,24,600,480,4,16,120,30,0.80,0.0043,13,13
and_or_beam,12,24,600,480,4,16,120,40,0.60,0.0042,13,13
and_or_beam,12,24,600,480,4,16,120,40,0.70,0.0043,13,13
and_or_beam,12,24,600,480,4,16,120,40,0.80,0.0043,13,13
and_or_beam,12,24,600,480,4,16,180,30,0.60,0.0041,13,13
and_or_beam,12,24,600,480,4,16,180,30,0.70,0.0040,13,13
and_or_beam,12,24,600,480,4,16,180,30,0.80,0.0040,13,13
and_or_beam,12,24,600,480,4,16,180,40,0.60,0.0048,13,13
and_or_beam,12,24,600,480,4,16,180,40,0.70,0.0064,13,13
and_or_beam,12,24,600,480,4,16,180,40,0.80,0.0045,13,13
and_or_beam,12,24,600,720,2,12,120,30,0.60,0.0034,13,13
and_or_beam,12,24,600,720,2,12,120,30,0.70,0.0034,13,13
and_or_beam,12,24,600,720,2,12,120,30,0.80,0.0033,13,13
and_or_beam,12,24,600,720,2,12,120,40,0.60,0.0034,13,13
and_or_beam,12,24,600,720,2,12,120,40,0.70,0.0035,13,13
and_or_beam,12,24,600,720,2,12,120,40,0.80,0.0034,13,13
and_or_beam,12,24,600,720,2,12,180,30,0.60,0.0034,13,13
and_or_beam,12,24,600,720,2,12,180,30,0.70,0.0033,13,13
and_or_beam,12,24,600,720,2,12,180,30,0.80,0.0034,13,13
and_or_beam,12,24,600,720,2,12,180,40,0.60,0.0034,13,13
and_or_beam,12,24,600,720,2,12,180,40,0.70,0.0033,13,13
and_or_beam,12,24,600,720,2,12,180,40,0.80,0.0032,13,13
and_or_beam,12,24,600,720,2,16,120,30,0.60,0.0033,13,13
and_or_beam,12,24,600,720,2,16,120,30,0.70,0.0034,13,13
and_or_beam,12,24,600,720,2,16,120,30,0.80,0.0034,13,13
and_or_beam,12,24,600,720,2,16,120,40,0.60,0.0033,13,13
and_or_beam,12,24,600,720,2,16,120,40,0.70,0.0035,13,13
and_or_beam,12,24,600,720,2,16,120,40,0.80,0.0033,13,13
and_or_beam,12,24,600,720,2,16,180,30,0.60,0.0033,13,13
and_or_beam,12,24,600,720,2,16,180,30,0.70,0.0035,13,13
and_or_beam,12,24,600,720,2,16,180,30,0.80,0.0036,13,13
and_or_beam,12,24,600,720,2,16,180,40,0.60,0.0035,13,13
and_or_beam,12,24,600,720,2,16,180,40,0.70,0.0035,13,13
and_or_beam,12,24,600,720,2,16,180,40,0.80,0.0036,13,13
and_or_beam,12,24,600,720,3,12,120,30,0.60,0.0039,13,13
and_or_beam,12,24,600,720,3,12,120,30,0.70,0.0044,13,13
and_or_beam,12,24,600,720,3,12,120,30,0.80,0.0043,13,13
and_or_beam,12,24,600,720,3,12,120,40,0.60,0.0041,13,13
and_or_beam,12,24,600,720,3,12,120,40,0.70,0.0039,13,13
and_or_beam,12,24,600,720,3,12,120,40,0.80,0.0037,13,13
and_or_beam,12,24,600,720,3,12,180,30,0.60,0.0037,13,13
and_or_beam,12,24,600,720,3,12,180,30,0.70,0.0038,13,13
and_or_beam,12,24,600,720,3,12,180,30,0.80,0.0039,13,13
and_or_beam,12,24,600,720,3,12,180,40,0.60,0.0038,13,13
and_or_beam,12,24,600,720,3,12,180,40,0.70,0.0037,13,13
and_or_beam,12,24,600,720,3,12,180,40,0.80,0.0037,13,13
and_or_beam,12,24,600,720,3,16,120,30,0.60,0.0038,13,13
and_or_beam,12,24,600,720,3,16,120,30,0.70,0.0036,13,13
and_or_beam,12,24,600,720,3,16,120,30,0.80,0.0037,13,13
and_or_beam,12,24,600,720,3,16,120,40,0.60,0.0038,13,13
and_or_beam,12,24,600,720,3,16,120,40,0.70,0.0038,13,13
and_or_beam,12,24,600,720,3,16,120,40,0.80,0.0038,13,13
and_or_beam,12,24,600,720,3,16,180,30,0.60,0.0038,13,13
and_or_beam,12,24,600,720,3,16,180,30,0.70,0.0038,13,13
and_or_beam,12,24,600,720,3,16,180,30,0.80,0.0037,13,13
and_or_beam,12,24,600,720,3,16,180,40,0.60,0.0039,13,13
and_or_beam,12,24,600,720,3,16,180,40,0.70,0.0037,13,13
and_or_beam,12,24,600,720,3,16,180,40,0.80,0.0037,13,13
and_or_beam,12,24,600,720,4,12,120,30,0.60,0.0043,13,13
and_or_beam,12,24,600,720,4,12,120,30,0.70,0.0041,13,13
and_or_beam,12,24,600,720,4,12,120,30,0.80,0.0042,13,13
and_or_beam,12,24,600,720,4,12,120,40,0.60,0.0042,13,13
and_or_beam,12,24,600,720,4,12,120,40,0.70,0.0042,13,13
and_or_beam,12,24,600,720,4,12,120,40,0.80,0.0050,13,13
and_or_beam,12,24,600,720,4,12,180,30,0.60,0.0043,13,13
and_or_beam,12,24,600,720,4,12,180,30,0.70,0.0039,13,13
and_or_beam,12,24,600,720,4,12,180,30,0.80,0.0039,13,13
and_or_beam,12,24,600,720,4,12,180,40,0.60,0.0039,13,13
and_or_beam,12,24,600,720,4,12,180,40,0.70,0.0041,13,13
and_or_beam,12,24,600,720,4,12,180,40,0.80,0.0040,13,13
and_or_beam,12,24,600,720,4,16,120,30,0.60,0.0039,13,13
and_or_beam,12,24,600,720,4,16,120,30,0.70,0.0039,13,13
and_or_beam,12,24,600,720,4,16,120,30,0.80,0.0043,13,13
and_or_beam,12,24,600,720,4,16,120,40,0.60,0.0039,13,13
and_or_beam,12,24,600,720,4,16,120,40,0.70,0.0039,13,13
and_or_beam,12,24,600,720,4,16,120,40,0.80,0.0040,13,13
and_or_beam,12,24,600,720,4,16,180,30,0.60,0.0039,13,13
and_or_beam,12,24,600,720,4,16,180,30,0.70,0.0039,13,13
and_or_beam,12,24,600,720,4,16,180,30,0.80,0.0042,13,13
and_or_beam,12,24,600,720,4,16,180,40,0.60,0.0040,13,13
and_or_beam,12,24,600,720,4,16,180,40,0.70,0.0042,13,13
and_or_beam,12,24,600,720,4,16,180,40,0.80,0.0041,13,13
and_or_beam,12,36,300,480,2,12,120,30,0.60,0.0034,13,13
and_or_beam,12,36,300,480,2,12,120,30,0.70,0.0035,13,13
and_or_beam,12,36,300,480,2,12,120,30,0.80,0.0035,13,13
and_or_beam,12,36,300,480,2,12,120,40,0.60,0.0034,13,13
and_or_beam,12,36,300,480,2,12,120,40,0.70,0.0034,13,13
and_or_beam,12,36,300,480,2,12,120,40,0.80,0.0034,13,13
and_or_beam,12,36,300,480,2,12,180,30,0.60,0.0036,13,13
and_or_beam,12,36,300,480,2,12,180,30,0.70,0.0035,13,13
and_or_beam,12,36,300,480,2,12,180,30,0.80,0.0035,13,13
and_or_beam,12,36,300,480,2,12,180,40,0.60,0.0034,13,13
and_or_beam,12,36,300,480,2,12,180,40,0.70,0.0035,13,13
and_or_beam,12,36,300,480,2,12,180,40,0.80,0.0033,13,13
and_or_beam,12,36,300,480,2,16,120,30,0.60,0.0033,13,13
and_or_beam,12,36,300,480,2,16,120,30,0.70,0.0035,13,13
and_or_beam,12,36,300,480,2,16,120,30,0.80,0.0034,13,13
and_or_beam,12,36,300,480,2,16,120,40,0.60,0.0035,13,13
and_or_beam,12,36,300,480,2,16,120,40,0.70,0.0034,13,13
and_or_beam,12,36,300,480,2,16,120,40,0.80,0.0038,13,13
and_or_beam,12,36,300,480,2,16,180,30,0.60,0.0033,13,13
and_or_beam,12,36,300,480,2,16,180,30,0.70,0.0051,13,13
and_or_beam,12,36,300,480,2,16,180,30,0.80,0.0039,13,13
and_or_beam,12,36,300,480,2,16,180,40,0.60,0.0035,13,13
and_or_beam,12,36,300,480,2,16,180,40,0.70,0.0034,13,13
and_or_beam,12,36,300,480,2,16,180,40,0.80,0.0034,13,13
and_or_beam,12,36,300,480,3,12,120,30,0.60,0.0038,13,13
and_or_beam,12,36,300,480,3,12,120,30,0.70,0.0039,13,13
and_or_beam,12,36,300,480,3,12,120,30,0.80,0.0040,13,13
and_or_beam,12,36,300,480,3,12,120,40,0.60,0.0036,13,13
and_or_beam,12,36,300,480,3,12,120,40,0.70,0.0038,13,13
and_or_beam,12,36,300,480,3,12,120,40,0.80,0.0037,13,13
and_or_beam,12,36,300,480,3,12,180,30,0.60,0.0039,13,13
and_or_beam,12,36,300,480,3,12,180,30,0.70,0.0037,13,13
and_or_beam,12,36,300,480,3,12,180,30,0.80,0.0038,13,13
and_or_beam,12,36,300,480,3,12,180,40,0.60,0.0037,13,13
and_or_beam,12,36,300,480,3,12,180,40,0.70,0.0038,13,13
and_or_beam,12,36,300,480,3,12,180,40,0.80,0.0039,13,13
and_or_beam,12,36,300,480,3,16,120,30,0.60,0.0037,13,13
and_or_beam,12,36,300,480,3,16,120,30,0.70,0.0037,13,13
and_or_beam,12,36,300,480,3,16,120,30,0.80,0.0037,13,13
and_or_beam,12,36,300,480,3,16,120,40,0.60,0.0037,13,13
and_or_beam,12,36,300,480,3,16,120,40,0.70,0.0037,13,13
and_or_beam,12,36,300,480,3,16,120,40,0.80,0.0039,13,13
and_or_beam,12,36,300,480,3,16,180,30,0.60,0.0036,13,13
and_or_beam,12,36,300,480,3,16,180,30,0.70,0.0040,13,13
and_or_beam,12,36,300,480,3,16,180,30,0.80,0.0037,13,13
and_or_beam,12,36,300,480,3,16,180,40,0.60,0.0036,13,13
and_or_beam,12,36,300,480,3,16,180,40,0.70,0.0037,13,13
and_or_beam,12,36,300,480,3,16,180,40,0.80,0.0036,13,13
and_or_beam,12,36,300,480,4,12,120,30,0.60,0.0040,13,13
and_or_beam,12,36,300,480,4,12,120,30,0.70,0.0039,13,13
and_or_beam,12,36,300,480,4,12,120,30,0.80,0.0040,13,13
and_or_beam,12,36,300,480,4,12,120,40,0.60,0.0041,13,13
and_or_beam,12,36,300,480,4,12,120,40,0.70,0.0042,13,13
and_or_beam,12,36,300,480,4,12,120,40,0.80,0.0040,13,13
and_or_beam,12,36,300,480,4,12,180,30,0.60,0.0040,13,13
and_or_beam,12,36,300,480,4,12,180,30,0.70,0.0039,13,13
and_or_beam,12,36,300,480,4,12,180,30,0.80,0.0045,13,13
and_or_beam,12,36,300,480,4,12,180,40,0.60,0.0043,13,13
and_or_beam,12,36,300,480,4,12,180,40,0.70,0.0045,13,13
and_or_beam,12,36,300,480,4,12,180,40,0.80,0.0045,13,13
and_or_beam,12,36,300,480,4,16,120,30,0.60,0.0043,13,13
and_or_beam,12,36,300,480,4,16,120,30,0.70,0.0042,13,13
and_or_beam,12,36,300,480,4,16,120,30,0.80,0.0041,13,13
and_or_beam,12,36,300,480,4,16,120,40,0.60,0.0041,13,13
and_or_beam,12,36,300,480,4,16,120,40,0.70,0.0044,13,13
and_or_beam,12,36,300,480,4,16,120,40,0.80,0.0053,13,13
and_or_beam,12,36,300,480,4,16,180,30,0.60,0.0047,13,13
and_or_beam,12,36,300,480,4,16,180,30,0.70,0.0044,13,13
and_or_beam,12,36,300,480,4,16,180,30,0.80,0.0041,13,13
and_or_beam,12,36,300,480,4,16,180,40,0.60,0.0041,13,13
and_or_beam,12,36,300,480,4,16,180,40,0.70,0.0040,13,13
and_or_beam,12,36,300,480,4,16,180,40,0.80,0.0047,13,13
and_or_beam,12,36,300,720,2,12,120,30,0.60,0.0038,13,13
and_or_beam,12,36,300,720,2,12,120,30,0.70,0.0038,13,13
and_or_beam,12,36,300,720,2,12,120,30,0.80,0.0038,13,13
and_or_beam,12,36,300,720,2,12,120,40,0.60,0.0040,13,13
and_or_beam,12,36,300,720,2,12,120,40,0.70,0.0035,13,13
and_or_beam,12,36,300,720,2,12,120,40,0.80,0.0034,13,13
and_or_beam,12,36,300,720,2,12,180,30,0.60,0.0036,13,13
and_or_beam,12,36,300,720,2,12,180,30,0.70,0.0034,13,13
and_or_beam,12,36,300,720,2,12,180,30,0.80,0.0035,13,13
and_or_beam,12,36,300,720,2,12,180,40,0.60,0.0035,13,13
and_or_beam,12,36,300,720,2,12,180,40,0.70,0.0034,13,13
and_or_beam,12,36,300,720,2,12,180,40,0.80,0.0035,13,13
and_or_beam,12,36,300,720,2,16,120,30,0.60,0.0039,13,13
and_or_beam,12,36,300,720,2,16,120,30,0.70,0.0041,13,13
and_or_beam,12,36,300,720,2,16,120,30,0.80,0.0037,13,13
and_or_beam,12,36,300,720,2,16,120,40,0.60,0.0035,13,13
and_or_beam,12,36,300,720,2,16,120,40,0.70,0.0035,13,13
and_or_beam,12,36,300,720,2,16,120,40,0.80,0.0034,13,13
and_or_beam,12,36,300,720,2,16,180,30,0.60,0.0034,13,13
and_or_beam,12,36,300,720,2,16,180,30,0.70,0.0048,13,13
and_or_beam,12,36,300,720,2,16,180,30,0.80,0.0046,13,13
and_or_beam,12,36,300,720,2,16,180,40,0.60,0.0042,13,13
and_or_beam,12,36,300,720,2,16,180,40,0.70,0.0034,13,13
and_or_beam,12,36,300,720,2,16,180,40,0.80,0.0035,13,13
and_or_beam,12,36,300,720,3,12,120,30,0.60,0.0039,13,13
and_or_beam,12,36,300,720,3,12,120,30,0.70,0.0040,13,13
and_or_beam,12,36,300,720,3,12,120,30,0.80,0.0038,13,13
and_or_beam,12,36,300,720,3,12,120,40,0.60,0.0041,13,13
and_or_beam,12,36,300,720,3,12,120,40,0.70,0.0040,13,13
and_or_beam,12,36,300,720,3,12,120,40,0.80,0.0039,13,13
and_or_beam,12,36,300,720,3,12,180,30,0.60,0.0039,13,13
and_or_beam,12,36,300,720,3,12,180,30,0.70,0.0038,13,13
and_or_beam,12,36,300,720,3,12,180,30,0.80,0.0041,13,13
and_or_beam,12,36,300,720,3,12,180,40,0.60,0.0046,13,13
and_or_beam,12,36,300,720,3,12,180,40,0.70,0.0050,13,13
and_or_beam,12,36,300,720,3,12,180,40,0.80,0.0048,13,13
and_or_beam,12,36,300,720,3,16,120,30,0.60,0.0048,13,13
and_or_beam,12,36,300,720,3,16,120,30,0.70,0.0043,13,13
and_or_beam,12,36,300,720,3,16,120,30,0.80,0.0041,13,13
and_or_beam,12,36,300,720,3,16,120,40,0.60,0.0052,13,13
and_or_beam,12,36,300,720,3,16,120,40,0.70,0.0051,13,13
and_or_beam,12,36,300,720,3,16,120,40,0.80,0.0051,13,13
and_or_beam,12,36,300,720,3,16,180,30,0.60,0.0045,13,13
and_or_beam,12,36,300,720,3,16,180,30,0.70,0.0038,13,13
and_or_beam,12,36,300,720,3,16,180,30,0.80,0.0040,13,13
and_or_beam,12,36,300,720,3,16,180,40,0.60,0.0039,13,13
and_or_beam,12,36,300,720,3,16,180,40,0.70,0.0039,13,13
and_or_beam,12,36,300,720,3,16,180,40,0.80,0.0043,13,13
and_or_beam,12,36,300,720,4,12,120,30,0.60,0.0063,13,13
and_or_beam,12,36,300,720,4,12,120,30,0.70,0.0055,13,13
and_or_beam,12,36,300,720,4,12,120,30,0.80,0.0049,13,13
and_or_beam,12,36,300,720,4,12,120,40,0.60,0.0045,13,13
and_or_beam,12,36,300,720,4,12,120,40,0.70,0.0043,13,13
and_or_beam,12,36,300,720,4,12,120,40,0.80,0.0049,13,13
and_or_beam,12,36,300,720,4,12,180,30,0.60,0.0055,13,13
and_or_beam,12,36,300,720,4,12,180,30,0.70,0.0051,13,13
and_or_beam,12,36,300,720,4,12,180,30,0.80,0.0055,13,13
and_or_beam,12,36,300,720,4,12,180,40,0.60,0.0050,13,13
and_or_beam,12,36,300,720,4,12,180,40,0.70,0.0045,13,13
and_or_beam,12,36,300,720,4,12,180,40,0.80,0.0046,13,13
and_or_beam,12,36,300,720,4,16,120,30,0.60,0.0053,13,13
and_or_beam,12,36,300,720,4,16,120,30,0.70,0.0065,13,13
and_or_beam,12,36,300,720,4,16,120,30,0.80,0.0052,13,13
and_or_beam,12,36,300,720,4,16,120,40,0.60,0.0052,13,13
and_or_beam,12,36,300,720,4,16,120,40,0.70,0.0053,13,13
and_or_beam,12,36,300,720,4,16,120,40,0.80,0.0048,13,13
and_or_beam,12,36,300,720,4,16,180,30,0.60,0.0048,13,13
and_or_beam,12,36,300,720,4,16,180,30,0.70,0.0048,13,13
and_or_beam,12,36,300,720,4,16,180,30,0.80,0.0047,13,13
and_or_beam,12,36,300,720,4,16,180,40,0.60,0.0045,13,13
and_or_beam,12,36,300,720,4,16,180,40,0.70,0.0047,13,13
and_or_beam,12,36,300,720,4,16,180,40,0.80,0.0044,13,13
and_or_beam,12,36,600,480,2,12,120,30,0.60,0.0037,13,13
and_or_beam,12,36,600,480,2,12,120,30,0.70,0.0036,13,13
and_or_beam,12,36,600,480,2,12,120,30,0.80,0.0038,13,13
and_or_beam,12,36,600,480,2,12,120,40,0.60,0.0039,13,13
and_or_beam,12,36,600,480,2,12,120,40,0.70,0.0045,13,13
and_or_beam,12,36,600,480,2,12,120,40,0.80,0.0056,13,13
and_or_beam,12,36,600,480,2,12,180,30,0.60,0.0041,13,13
and_or_beam,12,36,600,480,2,12,180,30,0.70,0.0035,13,13
and_or_beam,12,36,600,480,2,12,180,30,0.80,0.0036,13,13
and_or_beam,12,36,600,480,2,12,180,40,0.60,0.0036,13,13
and_or_beam,12,36,600,480,2,12,180,40,0.70,0.0037,13,13
and_or_beam,12,36,600,480,2,12,180,40,0.80,0.0035,13,13
and_or_beam,12,36,600,480,2,16,120,30,0.60,0.0037,13,13
and_or_beam,12,36,600,480,2,16,120,30,0.70,0.0036,13,13
and_or_beam,12,36,600,480,2,16,120,30,0.80,0.0033,13,13
and_or_beam,12,36,600,480,2,16,120,40,0.60,0.0034,13,13
and_or_beam,12,36,600,480,2,16,120,40,0.70,0.0036,13,13
and_or_beam,12,36,600,480,2,16,120,40,0.80,0.0039,13,13
and_or_beam,12,36,600,480,2,16,180,30,0.60,0.0039,13,13
and_or_beam,12,36,600,480,2,16,180,30,0.70,0.0036,13,13
and_or_beam,12,36,600,480,2,16,180,30,0.80,0.0039,13,13
and_or_beam,12,36,600,480,2,16,180,40,0.60,0.0037,13,13
and_or_beam,12,36,600,480,2,16,180,40,0.70,0.0038,13,13
and_or_beam,12,36,600,480,2,16,180,40,0.80,0.0039,13,13
and_or_beam,12,36,600,480,3,12,120,30,0.60,0.0048,13,13
and_or_beam,12,36,600,480,3,12,120,30,0.70,0.0042,13,13
and_or_beam,12,36,600,480,3,12,120,30,0.80,0.0044,13,13
and_or_beam,12,36,600,480,3,12,120,40,0.60,0.0044,13,13
and_or_beam,12,36,600,480,3,12,120,40,0.70,0.0055,13,13
and_or_beam,12,36,600,480,3,12,120,40,0.80,0.0047,13,13
and_or_beam,12,36,600,480,3,12,180,30,0.60,0.0059,13,13
and_or_beam,12,36,600,480,3,12,180,30,0.70,0.0048,13,13
and_or_beam,12,36,600,480,3,12,180,30,0.80,0.0041,13,13
and_or_beam,12,36,600,480,3,12,180,40,0.60,0.0055,13,13
and_or_beam,12,36,600,480,3,12,180,40,0.70,0.0049,13,13
and_or_beam,12,36,600,480,3,12,180,40,0.80,0.0049,13,13
and_or_beam,12,36,600,480,3,16,120,30,0.60,0.0040,13,13
and_or_beam,12,36,600,480,3,16,120,30,0.70,0.0040,13,13
and_or_beam,12,36,600,480,3,16,120,30,0.80,0.0041,13,13
and_or_beam,12,36,600,480,3,16,120,40,0.60,0.0042,13,13
and_or_beam,12,36,600,480,3,16,120,40,0.70,0.0041,13,13
and_or_beam,12,36,600,480,3,16,120,40,0.80,0.0039,13,13
and_or_beam,12,36,600,480,3,16,180,30,0.60,0.0039,13,13
and_or_beam,12,36,600,480,3,16,180,30,0.70,0.0040,13,13
and_or_beam,12,36,600,480,3,16,180,30,0.80,0.0039,13,13
and_or_beam,12,36,600,480,3,16,180,40,0.60,0.0040,13,13
and_or_beam,12,36,600,480,3,16,180,40,0.70,0.0043,13,13
and_or_beam,12,36,600,480,3,16,180,40,0.80,0.0040,13,13
and_or_beam,12,36,600,480,4,12,120,30,0.60,0.0044,13,13
and_or_beam,12,36,600,480,4,12,120,30,0.70,0.0044,13,13
and_or_beam,12,36,600,480,4,12,120,30,0.80,0.0044,13,13
and_or_beam,12,36,600,480,4,12,120,40,0.60,0.0046,13,13
and_or_beam,12,36,600,480,4,12,120,40,0.70,0.0051,13,13
and_or_beam,12,36,600,480,4,12,120,40,0.80,0.0042,13,13
and_or_beam,12,36,600,480,4,12,180,30,0.60,0.0040,13,13
and_or_beam,12,36,600,480,4,12,180,30,0.70,0.0044,13,13
and_or_beam,12,36,600,480,4,12,180,30,0.80,0.0044,13,13
and_or_beam,12,36,600,480,4,12,180,40,0.60,0.0049,13,13
and_or_beam,12,36,600,480,4,12,180,40,0.70,0.0050,13,13
and_or_beam,12,36,600,480,4,12,180,40,0.80,0.0048,13,13
and_or_beam,12,36,600,480,4,16,120,30,0.60,0.0043,13,13
and_or_beam,12,36,600,480,4,16,120,30,0.70,0.0046,13,13
and_or_beam,12,36,600,480,4,16,120,30,0.80,0.0042,13,13
and_or_beam,12,36,600,480,4,16,120,40,0.60,0.0044,13,13
and_or_beam,12,36,600,480,4,16,120,40,0.70,0.0057,13,13
and_or_beam,12,36,600,480,4,16,120,40,0.80,0.0046,13,13
and_or_beam,12,36,600,480,4,16,180,30,0.60,0.0042,13,13
and_or_beam,12,36,600,480,4,16,180,30,0.70,0.0042,13,13
and_or_beam,12,36,600,480,4,16,180,30,0.80,0.0044,13,13
and_or_beam,12,36,600,480,4,16,180,40,0.60,0.0042,13,13
and_or_beam,12,36,600,480,4,16,180,40,0.70,0.0043,13,13
and_or_beam,12,36,600,480,4,16,180,40,0.80,0.0042,13,13
and_or_beam,12,36,600,720,2,12,120,30,0.60,0.0037,13,13
and_or_beam,12,36,600,720,2,12,120,30,0.70,0.0036,13,13
and_or_beam,12,36,600,720,2,12,120,30,0.80,0.0037,13,13
and_or_beam,12,36,600,720,2,12,120,40,0.60,0.0036,13,13
and_or_beam,12,36,600,720,2,12,120,40,0.70,0.0036,13,13
and_or_beam,12,36,600,720,2,12,120,40,0.80,0.0035,13,13
and_or_beam,12,36,600,720,2,12,180,30,0.60,0.0039,13,13
and_or_beam,12,36,600,720,2,12,180,30,0.70,0.0060,13,13
and_or_beam,12,36,600,720,2,12,180,30,0.80,0.0038,13,13
and_or_beam,12,36,600,720,2,12,180,40,0.60,0.0035,13,13
and_or_beam,12,36,600,720,2,12,180,40,0.70,0.0035,13,13
and_or_beam,12,36,600,720,2,12,180,40,0.80,0.0034,13,13
and_or_beam,12,36,600,720,2,16,120,30,0.60,0.0036,13,13
and_or_beam,12,36,600,720,2,16,120,30,0.70,0.0035,13,13
and_or_beam,12,36,600,720,2,16,120,30,0.80,0.0035,13,13
and_or_beam,12,36,600,720,2,16,120,40,0.60,0.0035,13,13
and_or_beam,12,36,600,720,2,16,120,40,0.70,0.0034,13,13
and_or_beam,12,36,600,720,2,16,120,40,0.80,0.0034,13,13
and_or_beam,12,36,600,720,2,16,180,30,0.60,0.0034,13,13
and_or_beam,12,36,600,720,2,16,180,30,0.70,0.0034,13,13
and_or_beam,12,36,600,720,2,16,180,30,0.80,0.0039,13,13
and_or_beam,12,36,600,720,2,16,180,40,0.60,0.0037,13,13
and_or_beam,12,36,600,720,2,16,180,40,0.70,0.0037,13,13
and_or_beam,12,36,600,720,2,16,180,40,0.80,0.0035,13,13
and_or_beam,12,36,600,720,3,12,120,30,0.60,0.0042,13,13
and_or_beam,12,36,600,720,3,12,120,30,0.70,0.0043,13,13
and_or_beam,12,36,600,720,3,12,120,30,0.80,0.0043,13,13
and_or_beam,12,36,600,720,3,12,120,40,0.60,0.0044,13,13
and_or_beam,12,36,600,720,3,12,120,40,0.70,0.0044,13,13
and_or_beam,12,36,600,720,3,12,120,40,0.80,0.0043,13,13
and_or_beam,12,36,600,720,3,12,180,30,0.60,0.0044,13,13
and_or_beam,12,36,600,720,3,12,180,30,0.70,0.0042,13,13
and_or_beam,12,36,600,720,3,12,180,30,0.80,0.0045,13,13
and_or_beam,12,36,600,720,3,12,180,40,0.60,0.0044,13,13
and_or_beam,12,36,600,720,3,12,180,40,0.70,0.0046,13,13
and_or_beam,12,36,600,720,3,12,180,40,0.80,0.0039,13,13
and_or_beam,12,36,600,720,3,16,120,30,0.60,0.0041,13,13
and_or_beam,12,36,600,720,3,16,120,30,0.70,0.0044,13,13
and_or_beam,12,36,600,720,3,16,120,30,0.80,0.0038,13,13
and_or_beam,12,36,600,720,3,16,120,40,0.60,0.0041,13,13
and_or_beam,12,36,600,720,3,16,120,40,0.70,0.0041,13,13
and_or_beam,12,36,600,720,3,16,120,40,0.80,0.0042,13,13
and_or_beam,12,36,600,720,3,16,180,30,0.60,0.0039,13,13
and_or_beam,12,36,600,720,3,16,180,30,0.70,0.0039,13,13
and_or_beam,12,36,600,720,3,16,180,30,0.80,0.0039,13,13
and_or_beam,12,36,600,720,3,16,180,40,0.60,0.0040,13,13
and_or_beam,12,36,600,720,3,16,180,40,0.70,0.0040,13,13
and_or_beam,12,36,600,720,3,16,180,40,0.80,0.0040,13,13
and_or_beam,12,36,600,720,4,12,120,30,0.60,0.0042,13,13
and_or_beam,12,36,600,720,4,12,120,30,0.70,0.0043,13,13
and_or_beam,12,36,600,720,4,12,120,30,0.80,0.0042,13,13
and_or_beam,12,36,600,720,4,12,120,40,0.60,0.0042,13,13
and_or_beam,12,36,600,720,4,12,120,40,0.70,0.0044,13,13
and_or_beam,12,36,600,720,4,12,120,40,0.80,0.0045,13,13
and_or_beam,12,36,600,720,4,12,180,30,0.60,0.0046,13,13
and_or_beam,12,36,600,720,4,12,180,30,0.70,0.0046,13,13
and_or_beam,12,36,600,720,4,12,180,30,0.80,0.0047,13,13
and_or_beam,12,36,600,720,4,12,180,40,0.60,0.0045,13,13
and_or_beam,12,36,600,720,4,12,180,40,0.70,0.0045,13,13
and_or_beam,12,36,600,720,4,12,180,40,0.80,0.0045,13,13
and_or_beam,12,36,600,720,4,16,120,30,0.60,0.0045,13,13
and_or_beam,12,36,600,720,4,16,120,30,0.70,0.0042,13,13
and_or_beam,12,36,600,720,4,16,120,30,0.80,0.0051,13,13
and_or_beam,12,36,600,720,4,16,120,40,0.60,0.0050,13,13
and_or_beam,12,36,600,720,4,16,120,40,0.70,0.0045,13,13
and_or_beam,12,36,600,720,4,16,120,40,0.80,0.0045,13,13
and_or_beam,12,36,600,720,4,16,180,30,0.60,0.0045,13,13
and_or_beam,12,36,600,720,4,16,180,30,0.70,0.0043,13,13
and_or_beam,12,36,600,720,4,16,180,30,0.80,0.0043,13,13
and_or_beam,12,36,600,720,4,16,180,40,0.60,0.0043,13,13
and_or_beam,12,36,600,720,4,16,180,40,0.70,0.0042,13,13
and_or_beam,12,36,600,720,4,16,180,40,0.80,0.0045,13,13
and_or_beam,12,48,300,480,2,12,120,30,0.60,0.0037,13,13
and_or_beam,12,48,300,480,2,12,120,30,0.70,0.0039,13,13
and_or_beam,12,48,300,480,2,12,120,30,0.80,0.0039,13,13
and_or_beam,12,48,300,480,2,12,120,40,0.60,0.0036,13,13
and_or_beam,12,48,300,480,2,12,120,40,0.70,0.0036,13,13
and_or_beam,12,48,300,480,2,12,120,40,0.80,0.0035,13,13
and_or_beam,12,48,300,480,2,12,180,30,0.60,0.0035,13,13
and_or_beam,12,48,300,480,2,12,180,30,0.70,0.0035,13,13
and_or_beam,12,48,300,480,2,12,180,30,0.80,0.0035,13,13
and_or_beam,12,48,300,480,2,12,180,40,0.60,0.0035,13,13
and_or_beam,12,48,300,480,2,12,180,40,0.70,0.0036,13,13
and_or_beam,12,48,300,480,2,12,180,40,0.80,0.0035,13,13
and_or_beam,12,48,300,480,2,16,120,30,0.60,0.0034,13,13
and_or_beam,12,48,300,480,2,16,120,30,0.70,0.0036,13,13
and_or_beam,12,48,300,480,2,16,120,30,0.80,0.0037,13,13
and_or_beam,12,48,300,480,2,16,120,40,0.60,0.0037,13,13
and_or_beam,12,48,300,480,2,16,120,40,0.70,0.0037,13,13
and_or_beam,12,48,300,480,2,16,120,40,0.80,0.0034,13,13
and_or_beam,12,48,300,480,2,16,180,30,0.60,0.0034,13,13
and_or_beam,12,48,300,480,2,16,180,30,0.70,0.0035,13,13
and_or_beam,12,48,300,480,2,16,180,30,0.80,0.0035,13,13
and_or_beam,12,48,300,480,2,16,180,40,0.60,0.0035,13,13
and_or_beam,12,48,300,480,2,16,180,40,0.70,0.0036,13,13
and_or_beam,12,48,300,480,2,16,180,40,0.80,0.0037,13,13
and_or_beam,12,48,300,480,3,12,120,30,0.60,0.0041,13,13
and_or_beam,12,48,300,480,3,12,120,30,0.70,0.0040,13,13
and_or_beam,12,48,300,480,3,12,120,30,0.80,0.0040,13,13
and_or_beam,12,48,300,480,3,12,120,40,0.60,0.0041,13,13
and_or_beam,12,48,300,480,3,12,120,40,0.70,0.0041,13,13
and_or_beam,12,48,300,480,3,12,120,40,0.80,0.0039,13,13
and_or_beam,12,48,300,480,3,12,180,30,0.60,0.0044,13,13
and_or_beam,12,48,300,480,3,12,180,30,0.70,0.0039,13,13
and_or_beam,12,48,300,480,3,12,180,30,0.80,0.0039,13,13
and_or_beam,12,48,300,480,3,12,180,40,0.60,0.0040,13,13
and_or_beam,12,48,300,480,3,12,180,40,0.70,0.0040,13,13
and_or_beam,12,48,300,480,3,12,180,40,0.80,0.0040,13,13
and_or_beam,12,48,300,480,3,16,120,30,0.60,0.0040,13,13
and_or_beam,12,48,300,480,3,16,120,30,0.70,0.0039,13,13
and_or_beam,12,48,300,480,3,16,120,30,0.80,0.0039,13,13
and_or_beam,12,48,300,480,3,16,120,40,0.60,0.0039,13,13
and_or_beam,12,48,300,480,3,16,120,40,0.70,0.0040,13,13
and_or_beam,12,48,300,480,3,16,120,40,0.80,0.0039,13,13
and_or_beam,12,48,300,480,3,16,180,30,0.60,0.0040,13,13
and_or_beam,12,48,300,480,3,16,180,30,0.70,0.0039,13,13
and_or_beam,12,48,300,480,3,16,180,30,0.80,0.0040,13,13
and_or_beam,12,48,300,480,3,16,180,40,0.60,0.0050,13,13
and_or_beam,12,48,300,480,3,16,180,40,0.70,0.0057,13,13
and_or_beam,12,48,300,480,3,16,180,40,0.80,0.0049,13,13
and_or_beam,12,48,300,480,4,12,120,30,0.60,0.0042,13,13
and_or_beam,12,48,300,480,4,12,120,30,0.70,0.0040,13,13
and_or_beam,12,48,300,480,4,12,120,30,0.80,0.0041,13,13
and_or_beam,12,48,300,480,4,12,120,40,0.60,0.0041,13,13
and_or_beam,12,48,300,480,4,12,120,40,0.70,0.0041,13,13
and_or_beam,12,48,300,480,4,12,120,40,0.80,0.0042,13,13
and_or_beam,12,48,300,480,4,12,180,30,0.60,0.0045,13,13
and_or_beam,12,48,300,480,4,12,180,30,0.70,0.0044,13,13
and_or_beam,12,48,300,480,4,12,180,30,0.80,0.0043,13,13
and_or_beam,12,48,300,480,4,12,180,40,0.60,0.0039,13,13
and_or_beam,12,48,300,480,4,12,180,40,0.70,0.0040,13,13
and_or_beam,12,48,300,480,4,12,180,40,0.80,0.0041,13,13
and_or_beam,12,48,300,480,4,16,120,30,0.60,0.0048,13,13
and_or_beam,12,48,300,480,4,16,120,30,0.70,0.0045,13,13
and_or_beam,12,48,300,480,4,16,120,30,0.80,0.0055,13,13
and_or_beam,12,48,300,480,4,16,120,40,0.60,0.0066,13,13
and_or_beam,12,48,300,480,4,16,120,40,0.70,0.0052,13,13
and_or_beam,12,48,300,480,4,16,120,40,0.80,0.0041,13,13
and_or_beam,12,48,300,480,4,16,180,30,0.60,0.0042,13,13
and_or_beam,12,48,300,480,4,16,180,30,0.70,0.0044,13,13
and_or_beam,12,48,300,480,4,16,180,30,0.80,0.0041,13,13
and_or_beam,12,48,300,480,4,16,180,40,0.60,0.0042,13,13
and_or_beam,12,48,300,480,4,16,180,40,0.70,0.0041,13,13
and_or_beam,12,48,300,480,4,16,180,40,0.80,0.0040,13,13
and_or_beam,12,48,300,720,2,12,120,30,0.60,0.0035,13,13
and_or_beam,12,48,300,720,2,12,120,30,0.70,0.0035,13,13
and_or_beam,12,48,300,720,2,12,120,30,0.80,0.0035,13,13
and_or_beam,12,48,300,720,2,12,120,40,0.60,0.0035,13,13
and_or_beam,12,48,300,720,2,12,120,40,0.70,0.0039,13,13
and_or_beam,12,48,300,720,2,12,120,40,0.80,0.0036,13,13
and_or_beam,12,48,300,720,2,12,180,30,0.60,0.0037,13,13
and_or_beam,12,48,300,720,2,12,180,30,0.70,0.0036,13,13
and_or_beam,12,48,300,720,2,12,180,30,0.80,0.0035,13,13
and_or_beam,12,48,300,720,2,12,180,40,0.60,0.0033,13,13
and_or_beam,12,48,300,720,2,12,180,40,0.70,0.0035,13,13
and_or_beam,12,48,300,720,2,12,180,40,0.80,0.0038,13,13
and_or_beam,12,48,300,720,2,16,120,30,0.60,0.0036,13,13
and_or_beam,12,48,300,720,2,16,120,30,0.70,0.0035,13,13
and_or_beam,12,48,300,720,2,16,120,30,0.80,0.0034,13,13
and_or_beam,12,48,300,720,2,16,120,40,0.60,0.0035,13,13
and_or_beam,12,48,300,720,2,16,120,40,0.70,0.0036,13,13
and_or_beam,12,48,300,720,2,16,120,40,0.80,0.0035,13,13
and_or_beam,12,48,300,720,2,16,180,30,0.60,0.0034,13,13
and_or_beam,12,48,300,720,2,16,180,30,0.70,0.0033,13,13
and_or_beam,12,48,300,720,2,16,180,30,0.80,0.0035,13,13
and_or_beam,12,48,300,720,2,16,180,40,0.60,0.0034,13,13
and_or_beam,12,48,300,720,2,16,180,40,0.70,0.0034,13,13
and_or_beam,12,48,300,720,2,16,180,40,0.80,0.0033,13,13
and_or_beam,12,48,300,720,3,12,120,30,0.60,0.0038,13,13
and_or_beam,12,48,300,720,3,12,120,30,0.70,0.0041,13,13
and_or_beam,12,48,300,720,3,12,120,30,0.80,0.0040,13,13
and_or_beam,12,48,300,720,3,12,120,40,0.60,0.0039,13,13
and_or_beam,12,48,300,720,3,12,120,40,0.70,0.0040,13,13
and_or_beam,12,48,300,720,3,12,120,40,0.80,0.0038,13,13
and_or_beam,12,48,300,720,3,12,180,30,0.60,0.0038,13,13
and_or_beam,12,48,300,720,3,12,180,30,0.70,0.0039,13,13
and_or_beam,12,48,300,720,3,12,180,30,0.80,0.0040,13,13
and_or_beam,12,48,300,720,3,12,180,40,0.60,0.0040,13,13
and_or_beam,12,48,300,720,3,12,180,40,0.70,0.0040,13,13
and_or_beam,12,48,300,720,3,12,180,40,0.80,0.0038,13,13
and_or_beam,12,48,300,720,3,16,120,30,0.60,0.0037,13,13
and_or_beam,12,48,300,720,3,16,120,30,0.70,0.0036,13,13
and_or_beam,12,48,300,720,3,16,120,30,0.80,0.0037,13,13
and_or_beam,12,48,300,720,3,16,120,40,0.60,0.0039,13,13
and_or_beam,12,48,300,720,3,16,120,40,0.70,0.0039,13,13
and_or_beam,12,48,300,720,3,16,120,40,0.80,0.0036,13,13
and_or_beam,12,48,300,720,3,16,180,30,0.60,0.0037,13,13
and_or_beam,12,48,300,720,3,16,180,30,0.70,0.0037,13,13
and_or_beam,12,48,300,720,3,16,180,30,0.80,0.0037,13,13
and_or_beam,12,48,300,720,3,16,180,40,0.60,0.0040,13,13
and_or_beam,12,48,300,720,3,16,180,40,0.70,0.0037,13,13
and_or_beam,12,48,300,720,3,16,180,40,0.80,0.0037,13,13
and_or_beam,12,48,300,720,4,12,120,30,0.60,0.0041,13,13
and_or_beam,12,48,300,720,4,12,120,30,0.70,0.0042,13,13
and_or_beam,12,48,300,720,4,12,120,30,0.80,0.0041,13,13
and_or_beam,12,48,300,720,4,12,120,40,0.60,0.0042,13,13
and_or_beam,12,48,300,720,4,12,120,40,0.70,0.0041,13,13
and_or_beam,12,48,300,720,4,12,120,40,0.80,0.0040,13,13
and_or_beam,12,48,300,720,4,12,180,30,0.60,0.0042,13,13
and_or_beam,12,48,300,720,4,12,180,30,0.70,0.0050,13,13
and_or_beam,12,48,300,720,4,12,180,30,0.80,0.0044,13,13
and_or_beam,12,48,300,720,4,12,180,40,0.60,0.0043,13,13
and_or_beam,12,48,300,720,4,12,180,40,0.70,0.0041,13,13
and_or_beam,12,48,300,720,4,12,180,40,0.80,0.0040,13,13
and_or_beam,12,48,300,720,4,16,120,30,0.60,0.0040,13,13
and_or_beam,12,48,300,720,4,16,120,30,0.70,0.0041,13,13
and_or_beam,12,48,300,720,4,16,120,30,0.80,0.0041,13,13
and_or_beam,12,48,300,720,4,16,120,40,0.60,0.0042,13,13
and_or_beam,12,48,300,720,4,16,120,40,0.70,0.0041,13,13
and_or_beam,12,48,300,720,4,16,120,40,0.80,0.0041,13,13
and_or_beam,12,48,300,720,4,16,180,30,0.60,0.0041,13,13
and_or_beam,12,48,300,720,4,16,180,30,0.70,0.0043,13,13
and_or_beam,12,48,300,720,4,16,180,30,0.80,0.0042,13,13
and_or_beam,12,48,300,720,4,16,180,40,0.60,0.0041,13,13
and_or_beam,12,48,300,720,4,16,180,40,0.70,0.0041,13,13
and_or_beam,12,48,300,720,4,16,180,40,0.80,0.0039,13,13
and_or_beam,12,48,600,480,2,12,120,30,0.60,0.0033,13,13
and_or_beam,12,48,600,480,2,12,120,30,0.70,0.0033,13,13
and_or_beam,12,48,600,480,2,12,120,30,0.80,0.0032,13,13
and_or_beam,12,48,600,480,2,12,120,40,0.60,0.0034,13,13
and_or_beam,12,48,600,480,2,12,120,40,0.70,0.0035,13,13
and_or_beam,12,48,600,480,2,12,120,40,0.80,0.0033,13,13
and_or_beam,12,48,600,480,2,12,180,30,0.60,0.0035,13,13
and_or_beam,12,48,600,480,2,12,180,30,0.70,0.0036,13,13
and_or_beam,12,48,600,480,2,12,180,30,0.80,0.0035,13,13
and_or_beam,12,48,600,480,2,12,180,40,0.60,0.0034,13,13
and_or_beam,12,48,600,480,2,12,180,40,0.70,0.0035,13,13
and_or_beam,12,48,600,480,2,12,180,40,0.80,0.0043,13,13
and_or_beam,12,48,600,480,2,16,120,30,0.60,0.0034,13,13
and_or_beam,12,48,600,480,2,16,120,30,0.70,0.0034,13,13
and_or_beam,12,48,600,480,2,16,120,30,0.80,0.0035,13,13
and_or_beam,12,48,600,480,2,16,120,40,0.60,0.0033,13,13
and_or_beam,12,48,600,480,2,16,120,40,0.70,0.0034,13,13
and_or_beam,12,48,600,480,2,16,120,40,0.80,0.0034,13,13
and_or_beam,12,48,600,480,2,16,180,30,0.60,0.0034,13,13
and_or_beam,12,48,600,480,2,16,180,30,0.70,0.0036,13,13
and_or_beam,12,48,600,480,2,16,180,30,0.80,0.0037,13,13
and_or_beam,12,48,600,480,2,16,180,40,0.60,0.0037,13,13
and_or_beam,12,48,600,480,2,16,180,40,0.70,0.0035,13,13
and_or_beam,12,48,600,480,2,16,180,40,0.80,0.0033,13,13
and_or_beam,12,48,600,480,3,12,120,30,0.60,0.0040,13,13
and_or_beam,12,48,600,480,3,12,120,30,0.70,0.0041,13,13
and_or_beam,12,48,600,480,3,12,120,30,0.80,0.0040,13,13
and_or_beam,12,48,600,480,3,12,120,40,0.60,0.0041,13,13
and_or_beam,12,48,600,480,3,12,120,40,0.70,0.0039,13,13
and_or_beam,12,48,600,480,3,12,120,40,0.80,0.0039,13,13
and_or_beam,12,48,600,480,3,12,180,30,0.60,0.0039,13,13
and_or_beam,12,48,600,480,3,12,180,30,0.70,0.0040,13,13
and_or_beam,12,48,600,480,3,12,180,30,0.80,0.0038,13,13
and_or_beam,12,48,600,480,3,12,180,40,0.60,0.0039,13,13
and_or_beam,12,48,600,480,3,12,180,40,0.70,0.0038,13,13
and_or_beam,12,48,600,480,3,12,180,40,0.80,0.0038,13,13
and_or_beam,12,48,600,480,3,16,120,30,0.60,0.0038,13,13
and_or_beam,12,48,600,480,3,16,120,30,0.70,0.0040,13,13
and_or_beam,12,48,600,480,3,16,120,30,0.80,0.0040,13,13
and_or_beam,12,48,600,480,3,16,120,40,0.60,0.0039,13,13
and_or_beam,12,48,600,480,3,16,120,40,0.70,0.0039,13,13
and_or_beam,12,48,600,480,3,16,120,40,0.80,0.0040,13,13
and_or_beam,12,48,600,480,3,16,180,30,0.60,0.0038,13,13
and_or_beam,12,48,600,480,3,16,180,30,0.70,0.0038,13,13
and_or_beam,12,48,600,480,3,16,180,30,0.80,0.0040,13,13
and_or_beam,12,48,600,480,3,16,180,40,0.60,0.0047,13,13
and_or_beam,12,48,600,480,3,16,180,40,0.70,0.0041,13,13
and_or_beam,12,48,600,480,3,16,180,40,0.80,0.0039,13,13
and_or_beam,12,48,600,480,4,12,120,30,0.60,0.0042,13,13
and_or_beam,12,48,600,480,4,12,120,30,0.70,0.0043,13,13
and_or_beam,12,48,600,480,4,12,120,30,0.80,0.0041,13,13
and_or_beam,12,48,600,480,4,12,120,40,0.60,0.0043,13,13
and_or_beam,12,48,600,480,4,12,120,40,0.70,0.0041,13,13
and_or_beam,12,48,600,480,4,12,120,40,0.80,0.0040,13,13
and_or_beam,12,48,600,480,4,12,180,30,0.60,0.0041,13,13
and_or_beam,12,48,600,480,4,12,180,30,0.70,0.0040,13,13
and_or_beam,12,48,600,480,4,12,180,30,0.80,0.0042,13,13
and_or_beam,12,48,600,480,4,12,180,40,0.60,0.0042,13,13
and_or_beam,12,48,600,480,4,12,180,40,0.70,0.0041,13,13
and_or_beam,12,48,600,480,4,12,180,40,0.80,0.0042,13,13
and_or_beam,12,48,600,480,4,16,120,30,0.60,0.0053,13,13
and_or_beam,12,48,600,480,4,16,120,30,0.70,0.0045,13,13
and_or_beam,12,48,600,480,4,16,120,30,0.80,0.0046,13,13
and_or_beam,12,48,600,480,4,16,120,40,0.60,0.0041,13,13
and_or_beam,12,48,600,480,4,16,120,40,0.70,0.0042,13,13
and_or_beam,12,48,600,480,4,16,120,40,0.80,0.0042,13,13
and_or_beam,12,48,600,480,4,16,180,30,0.60,0.0042,13,13
and_or_beam,12,48,600,480,4,16,180,30,0.70,0.0042,13,13
and_or_beam,12,48,600,480,4,16,180,30,0.80,0.0039,13,13
and_or_beam,12,48,600,480,4,16,180,40,0.60,0.0043,13,13
and_or_beam,12,48,600,480,4,16,180,40,0.70,0.0046,13,13
and_or_beam,12,48,600,480,4,16,180,40,0.80,0.0043,13,13
and_or_beam,12,48,600,720,2,12,120,30,0.60,0.0040,13,13
and_or_beam,12,48,600,720,2,12,120,30,0.70,0.0034,13,13
and_or_beam,12,48,600,720,2,12,120,30,0.80,0.0035,13,13
and_or_beam,12,48,600,720,2,12,120,40,0.60,0.0036,13,13
and_or_beam,12,48,600,720,2,12,120,40,0.70,0.0034,13,13
and_or_beam,12,48,600,720,2,12,120,40,0.80,0.0033,13,13
and_or_beam,12,48,600,720,2,12,180,30,0.60,0.0035,13,13
and_or_beam,12,48,600,720,2,12,180,30,0.70,0.0034,13,13
and_or_beam,12,48,600,720,2,12,180,30,0.80,0.0033,13,13
and_or_beam,12,48,600,720,2,12,180,40,0.60,0.0034,13,13
and_or_beam,12,48,600,720,2,12,180,40,0.70,0.0034,13,13
and_or_beam,12,48,600,720,2,12,180,40,0.80,0.0034,13,13
and_or_beam,12,48,600,720,2,16,120,30,0.60,0.0037,13,13
and_or_beam,12,48,600,720,2,16,120,30,0.70,0.0041,13,13
and_or_beam,12,48,600,720,2,16,120,30,0.80,0.0039,13,13
and_or_beam,12,48,600,720,2,16,120,40,0.60,0.0036,13,13
and_or_beam,12,48,600,720,2,16,120,40,0.70,0.0033,13,13
and_or_beam,12,48,600,720,2,16,120,40,0.80,0.0033,13,13
and_or_beam,12,48,600,720,2,16,180,30,0.60,0.0032,13,13
and_or_beam,12,48,600,720,2,16,180,30,0.70,0.0035,13,13
and_or_beam,12,48,600,720,2,16,180,30,0.80,0.0033,13,13
and_or_beam,12,48,600,720,2,16,180,40,0.60,0.0035,13,13
and_or_beam,12,48,600,720,2,16,180,40,0.70,0.0039,13,13
and_or_beam,12,48,600,720,2,16,180,40,0.80,0.0034,13,13
and_or_beam,12,48,600,720,3,12,120,30,0.60,0.0038,13,13
and_or_beam,12,48,600,720,3,12,120,30,0.70,0.0041,13,13
and_or_beam,12,48,600,720,3,12,120,30,0.80,0.0039,13,13
and_or_beam,12,48,600,720,3,12,120,40,0.60,0.0040,13,13
and_or_beam,12,48,600,720,3,12,120,40,0.70,0.0042,13,13
and_or_beam,12,48,600,720,3,12,120,40,0.80,0.0040,13,13
and_or_beam,12,48,600,720,3,12,180,30,0.60,0.0040,13,13
and_or_beam,12,48,600,720,3,12,180,30,0.70,0.0039,13,13
and_or_beam,12,48,600,720,3,12,180,30,0.80,0.0039,13,13
and_or_beam,12,48,600,720,3,12,180,40,0.60,0.0038,13,13
and_or_beam,12,48,600,720,3,12,180,40,0.70,0.0038,13,13
and_or_beam,12,48,600,720,3,12,180,40,0.80,0.0039,13,13
and_or_beam,12,48,600,720,3,16,120,30,0.60,0.0041,13,13
and_or_beam,12,48,600,720,3,16,120,30,0.70,0.0040,13,13
and_or_beam,12,48,600,720,3,16,120,30,0.80,0.0040,13,13
and_or_beam,12,48,600,720,3,16,120,40,0.60,0.0040,13,13
and_or_beam,12,48,600,720,3,16,120,40,0.70,0.0039,13,13
and_or_beam,12,48,600,720,3,16,120,40,0.80,0.0040,13,13
and_or_beam,12,48,600,720,3,16,180,30,0.60,0.0045,13,13
and_or_beam,12,48,600,720,3,16,180,30,0.70,0.0042,13,13
and_or_beam,12,48,600,720,3,16,180,30,0.80,0.0039,13,13
and_or_beam,12,48,600,720,3,16,180,40,0.60,0.0046,13,13
and_or_beam,12,48,600,720,3,16,180,40,0.70,0.0038,13,13
and_or_beam,12,48,600,720,3,16,180,40,0.80,0.0037,13,13
and_or_beam,12,48,600,720,4,12,120,30,0.60,0.0046,13,13
and_or_beam,12,48,600,720,4,12,120,30,0.70,0.0049,13,13
and_or_beam,12,48,600,720,4,12,120,30,0.80,0.0047,13,13
and_or_beam,12,48,600,720,4,12,120,40,0.60,0.0045,13,13
and_or_beam,12,48,600,720,4,12,120,40,0.70,0.0045,13,13
and_or_beam,12,48,600,720,4,12,120,40,0.80,0.0046,13,13
and_or_beam,12,48,600,720,4,12,180,30,0.60,0.0043,13,13
and_or_beam,12,48,600,720,4,12,180,30,0.70,0.0046,13,13
and_or_beam,12,48,600,720,4,12,180,30,0.80,0.0045,13,13
and_or_beam,12,48,600,720,4,12,180,40,0.60,0.0045,13,13
and_or_beam,12,48,600,720,4,12,180,40,0.70,0.0046,13,13
and_or_beam,12,48,600,720,4,12,180,40,0.80,0.0049,13,13
and_or_beam,12,48,600,720,4,16,120,30,0.60,0.0046,13,13
and_or_beam,12,48,600,720,4,16,120,30,0.70,0.0047,13,13
and_or_beam,12,48,600,720,4,16,120,30,0.80,0.0049,13,13
and_or_beam,12,48,600,720,4,16,120,40,0.60,0.0049,13,13
and_or_beam,12,48,600,720,4,16,120,40,0.70,0.0051,13,13
and_or_beam,12,48,600,720,4,16,120,40,0.80,0.0049,13,13
and_or_beam,12,48,600,720,4,16,180,30,0.60,0.0047,13,13
and_or_beam,12,48,600,720,4,16,180,30,0.70,0.0045,13,13
and_or_beam,12,48,600,720,4,16,180,30,0.80,0.0044,13,13
and_or_beam,12,48,600,720,4,16,180,40,0.60,0.0043,13,13
and_or_beam,12,48,600,720,4,16,180,40,0.70,0.0041,13,13
and_or_beam,12,48,600,720,4,16,180,40,0.80,0.0046,13,13
and_or_beam,14,24,300,480,2,12,120,30,0.60,0.0037,13,13
and_or_beam,14,24,300,480,2,12,120,30,0.70,0.0037,13,13
and_or_beam,14,24,300,480,2,12,120,30,0.80,0.0037,13,13
and_or_beam,14,24,300,480,2,12,120,40,0.60,0.0035,13,13
and_or_beam,14,24,300,480,2,12,120,40,0.70,0.0035,13,13
and_or_beam,14,24,300,480,2,12,120,40,0.80,0.0036,13,13
and_or_beam,14,24,300,480,2,12,180,30,0.60,0.0035,13,13
and_or_beam,14,24,300,480,2,12,180,30,0.70,0.0035,13,13
and_or_beam,14,24,300,480,2,12,180,30,0.80,0.0035,13,13
and_or_beam,14,24,300,480,2,12,180,40,0.60,0.0036,13,13
and_or_beam,14,24,300,480,2,12,180,40,0.70,0.0034,13,13
and_or_beam,14,24,300,480,2,12,180,40,0.80,0.0033,13,13
and_or_beam,14,24,300,480,2,16,120,30,0.60,0.0034,13,13
and_or_beam,14,24,300,480,2,16,120,30,0.70,0.0037,13,13
and_or_beam,14,24,300,480,2,16,120,30,0.80,0.0037,13,13
and_or_beam,14,24,300,480,2,16,120,40,0.60,0.0037,13,13
and_or_beam,14,24,300,480,2,16,120,40,0.70,0.0041,13,13
and_or_beam,14,24,300,480,2,16,120,40,0.80,0.0038,13,13
and_or_beam,14,24,300,480,2,16,180,30,0.60,0.0036,13,13
and_or_beam,14,24,300,480,2,16,180,30,0.70,0.0037,13,13
and_or_beam,14,24,300,480,2,16,180,30,0.80,0.0034,13,13
and_or_beam,14,24,300,480,2,16,180,40,0.60,0.0036,13,13
and_or_beam,14,24,300,480,2,16,180,40,0.70,0.0035,13,13
and_or_beam,14,24,300,480,2,16,180,40,0.80,0.0034,13,13
and_or_beam,14,24,300,480,3,12,120,30,0.60,0.0039,13,13
and_or_beam,14,24,300,480,3,12,120,30,0.70,0.0042,13,13
and_or_beam,14,24,300,480,3,12,120,30,0.80,0.0044,13,13
and_or_beam,14,24,300,480,3,12,120,40,0.60,0.0042,13,13
and_or_beam,14,24,300,480,3,12,120,40,0.70,0.0041,13,13
and_or_beam,14,24,300,480,3,12,120,40,0.80,0.0040,13,13
and_or_beam,14,24,300,480,3,12,180,30,0.60,0.0039,13,13
and_or_beam,14,24,300,480,3,12,180,30,0.70,0.0039,13,13
and_or_beam,14,24,300,480,3,12,180,30,0.80,0.0038,13,13
and_or_beam,14,24,300,480,3,12,180,40,0.60,0.0038,13,13
and_or_beam,14,24,300,480,3,12,180,40,0.70,0.0039,13,13
and_or_beam,14,24,300,480,3,12,180,40,0.80,0.0040,13,13
and_or_beam,14,24,300,480,3,16,120,30,0.60,0.0040,13,13
and_or_beam,14,24,300,480,3,16,120,30,0.70,0.0040,13,13
and_or_beam,14,24,300,480,3,16,120,30,0.80,0.0039,13,13
and_or_beam,14,24,300,480,3,16,120,40,0.60,0.0041,13,13
and_or_beam,14,24,300,480,3,16,120,40,0.70,0.0049,13,13
and_or_beam,14,24,300,480,3,16,120,40,0.80,0.0049,13,13
and_or_beam,14,24,300,480,3,16,180,30,0.60,0.0046,13,13
and_or_beam,14,24,300,480,3,16,180,30,0.70,0.0040,13,13
and_or_beam,14,24,300,480,3,16,180,30,0.80,0.0040,13,13
and_or_beam,14,24,300,480,3,16,180,40,0.60,0.0041,13,13
and_or_beam,14,24,300,480,3,16,180,40,0.70,0.0040,13,13
and_or_beam,14,24,300,480,3,16,180,40,0.80,0.0041,13,13
and_or_beam,14,24,300,480,4,12,120,30,0.60,0.0043,13,13
and_or_beam,14,24,300,480,4,12,120,30,0.70,0.0042,13,13
and_or_beam,14,24,300,480,4,12,120,30,0.80,0.0044,13,13
and_or_beam,14,24,300,480,4,12,120,40,0.60,0.0046,13,13
and_or_beam,14,24,300,480,4,12,120,40,0.70,0.0043,13,13
and_or_beam,14,24,300,480,4,12,120,40,0.80,0.0046,13,13
and_or_beam,14,24,300,480,4,12,180,30,0.60,0.0044,13,13
and_or_beam,14,24,300,480,4,12,180,30,0.70,0.0044,13,13
and_or_beam,14,24,300,480,4,12,180,30,0.80,0.0046,13,13
and_or_beam,14,24,300,480,4,12,180,40,0.60,0.0044,13,13
and_or_beam,14,24,300,480,4,12,180,40,0.70,0.0042,13,13
and_or_beam,14,24,300,480,4,12,180,40,0.80,0.0043,13,13
and_or_beam,14,24,300,480,4,16,120,30,0.60,0.0043,13,13
and_or_beam,14,24,300,480,4,16,120,30,0.70,0.0043,13,13
and_or_beam,14,24,300,480,4,16,120,30,0.80,0.0046,13,13
and_or_beam,14,24,300,480,4,16,120,40,0.60,0.0046,13,13
and_or_beam,14,24,300,480,4,16,120,40,0.70,0.0041,13,13
and_or_beam,14,24,300,480,4,16,120,40,0.80,0.0044,13,13
and_or_beam,14,24,300,480,4,16,180,30,0.60,0.0044,13,13
and_or_beam,14,24,300,480,4,16,180,30,0.70,0.0045,13,13
and_or_beam,14,24,300,480,4,16,180,30,0.80,0.0042,13,13
and_or_beam,14,24,300,480,4,16,180,40,0.60,0.0041,13,13
and_or_beam,14,24,300,480,4,16,180,40,0.70,0.0042,13,13
and_or_beam,14,24,300,480,4,16,180,40,0.80,0.0042,13,13
and_or_beam,14,24,300,720,2,12,120,30,0.60,0.0033,13,13
and_or_beam,14,24,300,720,2,12,120,30,0.70,0.0033,13,13
and_or_beam,14,24,300,720,2,12,120,30,0.80,0.0032,13,13
and_or_beam,14,24,300,720,2,12,120,40,0.60,0.0036,13,13
and_or_beam,14,24,300,720,2,12,120,40,0.70,0.0034,13,13
and_or_beam,14,24,300,720,2,12,120,40,0.80,0.0038,13,13
and_or_beam,14,24,300,720,2,12,180,30,0.60,0.0034,13,13
and_or_beam,14,24,300,720,2,12,180,30,0.70,0.0034,13,13
and_or_beam,14,24,300,720,2,12,180,30,0.80,0.0033,13,13
and_or_beam,14,24,300,720,2,12,180,40,0.60,0.0036,13,13
and_or_beam,14,24,300,720,2,12,180,40,0.70,0.0033,13,13
and_or_beam,14,24,300,720,2,12,180,40,0.80,0.0036,13,13
and_or_beam,14,24,300,720,2,16,120,30,0.60,0.0035,13,13
and_or_beam,14,24,300,720,2,16,120,30,0.70,0.0036,13,13
and_or_beam,14,24,300,720,2,16,120,30,0.80,0.0034,13,13
and_or_beam,14,24,300,720,2,16,120,40,0.60,0.0035,13,13
and_or_beam,14,24,300,720,2,16,120,40,0.70,0.0035,13,13
and_or_beam,14,24,300,720,2,16,120,40,0.80,0.0036,13,13
and_or_beam,14,24,300,720,2,16,180,30,0.60,0.0035,13,13
and_or_beam,14,24,300,720,2,16,180,30,0.70,0.0036,13,13
and_or_beam,14,24,300,720,2,16,180,30,0.80,0.0034,13,13
and_or_beam,14,24,300,720,2,16,180,40,0.60,0.0036,13,13
and_or_beam,14,24,300,720,2,16,180,40,0.70,0.0040,13,13
and_or_beam,14,24,300,720,2,16,180,40,0.80,0.0047,13,13
and_or_beam,14,24,300,720,3,12,120,30,0.60,0.0058,13,13
and_or_beam,14,24,300,720,3,12,120,30,0.70,0.0042,13,13
and_or_beam,14,24,300,720,3,12,120,30,0.80,0.0044,13,13
and_or_beam,14,24,300,720,3,12,120,40,0.60,0.0042,13,13
and_or_beam,14,24,300,720,3,12,120,40,0.70,0.0041,13,13
and_or_beam,14,24,300,720,3,12,120,40,0.80,0.0043,13,13
and_or_beam,14,24,300,720,3,12,180,30,0.60,0.0042,13,13
and_or_beam,14,24,300,720,3,12,180,30,0.70,0.0041,13,13
and_or_beam,14,24,300,720,3,12,180,30,0.80,0.0041,13,13
and_or_beam,14,24,300,720,3,12,180,40,0.60,0.0040,13,13
and_or_beam,14,24,300,720,3,12,180,40,0.70,0.0041,13,13
and_or_beam,14,24,300,720,3,12,180,40,0.80,0.0048,13,13
and_or_beam,14,24,300,720,3,16,120,30,0.60,0.0041,13,13
and_or_beam,14,24,300,720,3,16,120,30,0.70,0.0040,13,13
and_or_beam,14,24,300,720,3,16,120,30,0.80,0.0039,13,13
and_or_beam,14,24,300,720,3,16,120,40,0.60,0.0039,13,13
and_or_beam,14,24,300,720,3,16,120,40,0.70,0.0042,13,13
and_or_beam,14,24,300,720,3,16,120,40,0.80,0.0041,13,13
and_or_beam,14,24,300,720,3,16,180,30,0.60,0.0039,13,13
and_or_beam,14,24,300,720,3,16,180,30,0.70,0.0046,13,13
and_or_beam,14,24,300,720,3,16,180,30,0.80,0.0053,13,13
and_or_beam,14,24,300,720,3,16,180,40,0.60,0.0045,13,13
and_or_beam,14,24,300,720,3,16,180,40,0.70,0.0042,13,13
and_or_beam,14,24,300,720,3,16,180,40,0.80,0.0041,13,13
and_or_beam,14,24,300,720,4,12,120,30,0.60,0.0043,13,13
and_or_beam,14,24,300,720,4,12,120,30,0.70,0.0044,13,13
and_or_beam,14,24,300,720,4,12,120,30,0.80,0.0041,13,13
and_or_beam,14,24,300,720,4,12,120,40,0.60,0.0041,13,13
and_or_beam,14,24,300,720,4,12,120,40,0.70,0.0043,13,13
and_or_beam,14,24,300,720,4,12,120,40,0.80,0.0044,13,13
and_or_beam,14,24,300,720,4,12,180,30,0.60,0.0042,13,13
and_or_beam,14,24,300,720,4,12,180,30,0.70,0.0043,13,13
and_or_beam,14,24,300,720,4,12,180,30,0.80,0.0044,13,13
and_or_beam,14,24,300,720,4,12,180,40,0.60,0.0042,13,13
and_or_beam,14,24,300,720,4,12,180,40,0.70,0.0041,13,13
and_or_beam,14,24,300,720,4,12,180,40,0.80,0.0042,13,13
and_or_beam,14,24,300,720,4,16,120,30,0.60,0.0042,13,13
and_or_beam,14,24,300,720,4,16,120,30,0.70,0.0041,13,13
and_or_beam,14,24,300,720,4,16,120,30,0.80,0.0041,13,13
and_or_beam,14,24,300,720,4,16,120,40,0.60,0.0040,13,13
and_or_beam,14,24,300,720,4,16,120,40,0.70,0.0058,13,13
and_or_beam,14,24,300,720,4,16,120,40,0.80,0.0047,13,13
and_or_beam,14,24,300,720,4,16,180,30,0.60,0.0049,13,13
and_or_beam,14,24,300,720,4,16,180,30,0.70,0.0060,13,13
and_or_beam,14,24,300,720,4,16,180,30,0.80,0.0063,13,13
and_or_beam,14,24,300,720,4,16,180,40,0.60,0.0041,13,13
and_or_beam,14,24,300,720,4,16,180,40,0.70,0.0039,13,13
and_or_beam,14,24,300,720,4,16,180,40,0.80,0.0041,13,13
and_or_beam,14,24,600,480,2,12,120,30,0.60,0.0033,13,13
and_or_beam,14,24,600,480,2,12,120,30,0.70,0.0033,13,13
and_or_beam,14,24,600,480,2,12,120,30,0.80,0.0041,13,13
and_or_beam,14,24,600,480,2,12,120,40,0.60,0.0033,13,13
and_or_beam,14,24,600,480,2,12,120,40,0.70,0.0034,13,13
and_or_beam,14,24,600,480,2,12,120,40,0.80,0.0034,13,13
and_or_beam,14,24,600,480,2,12,180,30,0.60,0.0035,13,13
and_or_beam,14,24,600,480,2,12,180,30,0.70,0.0033,13,13
and_or_beam,14,24,600,480,2,12,180,30,0.80,0.0034,13,13
and_or_beam,14,24,600,480,2,12,180,40,0.60,0.0034,13,13
and_or_beam,14,24,600,480,2,12,180,40,0.70,0.0035,13,13
and_or_beam,14,24,600,480,2,12,180,40,0.80,0.0034,13,13
and_or_beam,14,24,600,480,2,16,120,30,0.60,0.0035,13,13
and_or_beam,14,24,600,480,2,16,120,30,0.70,0.0033,13,13
and_or_beam,14,24,600,480,2,16,120,30,0.80,0.0032,13,13
and_or_beam,14,24,600,480,2,16,120,40,0.60,0.0034,13,13
and_or_beam,14,24,600,480,2,16,120,40,0.70,0.0034,13,13
and_or_beam,14,24,600,480,2,16,120,40,0.80,0.0035,13,13
and_or_beam,14,24,600,480,2,16,180,30,0.60,0.0035,13,13
and_or_beam,14,24,600,480,2,16,180,30,0.70,0.0035,13,13
and_or_beam,14,24,600,480,2,16,180,30,0.80,0.0034,13,13
and_or_beam,14,24,600,480,2,16,180,40,0.60,0.0034,13,13
and_or_beam,14,24,600,480,2,16,180,40,0.70,0.0037,13,13
and_or_beam,14,24,600,480,2,16,180,40,0.80,0.0034,13,13
and_or_beam,14,24,600,480,3,12,120,30,0.60,0.0051,13,13
and_or_beam,14,24,600,480,3,12,120,30,0.70,0.0038,13,13
and_or_beam,14,24,600,480,3,12,120,30,0.80,0.0038,13,13
and_or_beam,14,24,600,480,3,12,120,40,0.60,0.0037,13,13
and_or_beam,14,24,600,480,3,12,120,40,0.70,0.0039,13,13
and_or_beam,14,24,600,480,3,12,120,40,0.80,0.0038,13,13
and_or_beam,14,24,600,480,3,12,180,30,0.60,0.0039,13,13
and_or_beam,14,24,600,480,3,12,180,30,0.70,0.0039,13,13
and_or_beam,14,24,600,480,3,12,180,30,0.80,0.0043,13,13
and_or_beam,14,24,600,480,3,12,180,40,0.60,0.0040,13,13
and_or_beam,14,24,600,480,3,12,180,40,0.70,0.0040,13,13
and_or_beam,14,24,600,480,3,12,180,40,0.80,0.0040,13,13
and_or_beam,14,24,600,480,3,16,120,30,0.60,0.0040,13,13
and_or_beam,14,24,600,480,3,16,120,30,0.70,0.0039,13,13
and_or_beam,14,24,600,480,3,16,120,30,0.80,0.0043,13,13
and_or_beam,14,24,600,480,3,16,120,40,0.60,0.0052,13,13
and_or_beam,14,24,600,480,3,16,120,40,0.70,0.0045,13,13
and_or_beam,14,24,600,480,3,16,120,40,0.80,0.0061,13,13
and_or_beam,14,24,600,480,3,16,180,30,0.60,0.0049,13,13
and_or_beam,14,24,600,480,3,16,180,30,0.70,0.0066,13,13
and_or_beam,14,24,600,480,3,16,180,30,0.80,0.0065,13,13
and_or_beam,14,24,600,480,3,16,180,40,0.60,0.0059,13,13
and_or_beam,14,24,600,480,3,16,180,40,0.70,0.0060,13,13
and_or_beam,14,24,600,480,3,16,180,40,0.80,0.0067,13,13
and_or_beam,14,24,600,480,4,12,120,30,0.60,0.0051,13,13
and_or_beam,14,24,600,480,4,12,120,30,0.70,0.0080,13,13
and_or_beam,14,24,600,480,4,12,120,30,0.80,0.0056,13,13
and_or_beam,14,24,600,480,4,12,120,40,0.60,0.0054,13,13
and_or_beam,14,24,600,480,4,12,120,40,0.70,0.0046,13,13
and_or_beam,14,24,600,480,4,12,120,40,0.80,0.0054,13,13
and_or_beam,14,24,600,480,4,12,180,30,0.60,0.0043,13,13
and_or_beam,14,24,600,480,4,12,180,30,0.70,0.0044,13,13
and_or_beam,14,24,600,480,4,12,180,30,0.80,0.0043,13,13
and_or_beam,14,24,600,480,4,12,180,40,0.60,0.0043,13,13
and_or_beam,14,24,600,480,4,12,180,40,0.70,0.0043,13,13
and_or_beam,14,24,600,480,4,12,180,40,0.80,0.0043,13,13
and_or_beam,14,24,600,480,4,16,120,30,0.60,0.0041,13,13
and_or_beam,14,24,600,480,4,16,120,30,0.70,0.0046,13,13
and_or_beam,14,24,600,480,4,16,120,30,0.80,0.0045,13,13
and_or_beam,14,24,600,480,4,16,120,40,0.60,0.0044,13,13
and_or_beam,14,24,600,480,4,16,120,40,0.70,0.0042,13,13
and_or_beam,14,24,600,480,4,16,120,40,0.80,0.0041,13,13
and_or_beam,14,24,600,480,4,16,180,30,0.60,0.0044,13,13
and_or_beam,14,24,600,480,4,16,180,30,0.70,0.0042,13,13
and_or_beam,14,24,600,480,4,16,180,30,0.80,0.0041,13,13
and_or_beam,14,24,600,480,4,16,180,40,0.60,0.0042,13,13
and_or_beam,14,24,600,480,4,16,180,40,0.70,0.0046,13,13
and_or_beam,14,24,600,480,4,16,180,40,0.80,0.0041,13,13
and_or_beam,14,24,600,720,2,12,120,30,0.60,0.0036,13,13
and_or_beam,14,24,600,720,2,12,120,30,0.70,0.0033,13,13
and_or_beam,14,24,600,720,2,12,120,30,0.80,0.0034,13,13
and_or_beam,14,24,600,720,2,12,120,40,0.60,0.0037,13,13
and_or_beam,14,24,600,720,2,12,120,40,0.70,0.0035,13,13
and_or_beam,14,24,600,720,2,12,120,40,0.80,0.0035,13,13
and_or_beam,14,24,600,720,2,12,180,30,0.60,0.0034,13,13
and_or_beam,14,24,600,720,2,12,180,30,0.70,0.0036,13,13
and_or_beam,14,24,600,720,2,12,180,30,0.80,0.0035,13,13
and_or_beam,14,24,600,720,2,12,180,40,0.60,0.0034,13,13
and_or_beam,14,24,600,720,2,12,180,40,0.70,0.0037,13,13
and_or_beam,14,24,600,720,2,12,180,40,0.80,0.0035,13,13
and_or_beam,14,24,600,720,2,16,120,30,0.60,0.0033,13,13
and_or_beam,14,24,600,720,2,16,120,30,0.70,0.0034,13,13
and_or_beam,14,24,600,720,2,16,120,30,0.80,0.0036,13,13
and_or_beam,14,24,600,720,2,16,120,40,0.60,0.0035,13,13
and_or_beam,14,24,600,720,2,16,120,40,0.70,0.0035,13,13
and_or_beam,14,24,600,720,2,16,120,40,0.80,0.0036,13,13
and_or_beam,14,24,600,720,2,16,180,30,0.60,0.0035,13,13
and_or_beam,14,24,600,720,2,16,180,30,0.70,0.0035,13,13
and_or_beam,14,24,600,720,2,16,180,30,0.80,0.0037,13,13
and_or_beam,14,24,600,720,2,16,180,40,0.60,0.0032,13,13
and_or_beam,14,24,600,720,2,16,180,40,0.70,0.0033,13,13
and_or_beam,14,24,600,720,2,16,180,40,0.80,0.0034,13,13
and_or_beam,14,24,600,720,3,12,120,30,0.60,0.0038,13,13
and_or_beam,14,24,600,720,3,12,120,30,0.70,0.0039,13,13
and_or_beam,14,24,600,720,3,12,120,30,0.80,0.0040,13,13
and_or_beam,14,24,600,720,3,12,120,40,0.60,0.0040,13,13
and_or_beam,14,24,600,720,3,12,120,40,0.70,0.0041,13,13
and_or_beam,14,24,600,720,3,12,120,40,0.80,0.0039,13,13
and_or_beam,14,24,600,720,3,12,180,30,0.60,0.0039,13,13
and_or_beam,14,24,600,720,3,12,180,30,0.70,0.0040,13,13
and_or_beam,14,24,600,720,3,12,180,30,0.80,0.0039,13,13
and_or_beam,14,24,600,720,3,12,180,40,0.60,0.0039,13,13
and_or_beam,14,24,600,720,3,12,180,40,0.70,0.0038,13,13
and_or_beam,14,24,600,720,3,12,180,40,0.80,0.0043,13,13
and_or_beam,14,24,600,720,3,16,120,30,0.60,0.0039,13,13
and_or_beam,14,24,600,720,3,16,120,30,0.70,0.0038,13,13
and_or_beam,14,24,600,720,3,16,120,30,0.80,0.0040,13,13
and_or_beam,14,24,600,720,3,16,120,40,0.60,0.0043,13,13
and_or_beam,14,24,600,720,3,16,120,40,0.70,0.0041,13,13
and_or_beam,14,24,600,720,3,16,120,40,0.80,0.0042,13,13
and_or_beam,14,24,600,720,3,16,180,30,0.60,0.0041,13,13
and_or_beam,14,24,600,720,3,16,180,30,0.70,0.0040,13,13
and_or_beam,14,24,600,720,3,16,180,30,0.80,0.0040,13,13
and_or_beam,14,24,600,720,3,16,180,40,0.60,0.0039,13,13
and_or_beam,14,24,600,720,3,16,180,40,0.70,0.0040,13,13
and_or_beam,14,24,600,720,3,16,180,40,0.80,0.0039,13,13
and_or_beam,14,24,600,720,4,12,120,30,0.60,0.0042,13,13
and_or_beam,14,24,600,720,4,12,120,30,0.70,0.0045,13,13
and_or_beam,14,24,600,720,4,12,120,30,0.80,0.0043,13,13
and_or_beam,14,24,600,720,4,12,120,40,0.60,0.0040,13,13
and_or_beam,14,24,600,720,4,12,120,40,0.70,0.0042,13,13
and_or_beam,14,24,600,720,4,12,120,40,0.80,0.0044,13,13
and_or_beam,14,24,600,720,4,12,180,30,0.60,0.0042,13,13
and_or_beam,14,24,600,720,4,12,180,30,0.70,0.0044,13,13
and_or_beam,14,24,600,720,4,12,180,30,0.80,0.0042,13,13
and_or_beam,14,24,600,720,4,12,180,40,0.60,0.0042,13,13
and_or_beam,14,24,600,720,4,12,180,40,0.70,0.0042,13,13
and_or_beam,14,24,600,720,4,12,180,40,0.80,0.0040,13,13
and_or_beam,14,24,600,720,4,16,120,30,0.60,0.0044,13,13
and_or_beam,14,24,600,720,4,16,120,30,0.70,0.0044,13,13
and_or_beam,14,24,600,720,4,16,120,30,0.80,0.0040,13,13
and_or_beam,14,24,600,720,4,16,120,40,0.60,0.0041,13,13
and_or_beam,14,24,600,720,4,16,120,40,0.70,0.0041,13,13
and_or_beam,14,24,600,720,4,16,120,40,0.80,0.0042,13,13
and_or_beam,14,24,600,720,4,16,180,30,0.60,0.0042,13,13
and_or_beam,14,24,600,720,4,16,180,30,0.70,0.0043,13,13
and_or_beam,14,24,600,720,4,16,180,30,0.80,0.0046,13,13
and_or_beam,14,24,600,720,4,16,180,40,0.60,0.0042,13,13
and_or_beam,14,24,600,720,4,16,180,40,0.70,0.0043,13,13
and_or_beam,14,24,600,720,4,16,180,40,0.80,0.0041,13,13
and_or_beam,14,36,300,480,2,12,120,30,0.60,0.0034,13,13
and_or_beam,14,36,300,480,2,12,120,30,0.70,0.0033,13,13
and_or_beam,14,36,300,480,2,12,120,30,0.80,0.0033,13,13
and_or_beam,14,36,300,480,2,12,120,40,0.60,0.0032,13,13
and_or_beam,14,36,300,480,2,12,120,40,0.70,0.0035,13,13
and_or_beam,14,36,300,480,2,12,120,40,0.80,0.0034,13,13
and_or_beam,14,36,300,480,2,12,180,30,0.60,0.0034,13,13
and_or_beam,14,36,300,480,2,12,180,30,0.70,0.0033,13,13
and_or_beam,14,36,300,480,2,12,180,30,0.80,0.0035,13,13
and_or_beam,14,36,300,480,2,12,180,40,0.60,0.0036,13,13
and_or_beam,14,36,300,480,2,12,180,40,0.70,0.0034,13,13
and_or_beam,14,36,300,480,2,12,180,40,0.80,0.0036,13,13
and_or_beam,14,36,300,480,2,16,120,30,0.60,0.0035,13,13
and_or_beam,14,36,300,480,2,16,120,30,0.70,0.0036,13,13
and_or_beam,14,36,300,480,2,16,120,30,0.80,0.0035,13,13
and_or_beam,14,36,300,480,2,16,120,40,0.60,0.0034,13,13
and_or_beam,14,36,300,480,2,16,120,40,0.70,0.0034,13,13
and_or_beam,14,36,300,480,2,16,120,40,0.80,0.0034,13,13
and_or_beam,14,36,300,480,2,16,180,30,0.60,0.0036,13,13
and_or_beam,14,36,300,480,2,16,180,30,0.70,0.0036,13,13
and_or_beam,14,36,300,480,2,16,180,30,0.80,0.0035,13,13
and_or_beam,14,36,300,480,2,16,180,40,0.60,0.0035,13,13
and_or_beam,14,36,300,480,2,16,180,40,0.70,0.0035,13,13
and_or_beam,14,36,300,480,2,16,180,40,0.80,0.0034,13,13
and_or_beam,14,36,300,480,3,12,120,30,0.60,0.0039,13,13
and_or_beam,14,36,300,480,3,12,120,30,0.70,0.0040,13,13
and_or_beam,14,36,300,480,3,12,120,30,0.80,0.0039,13,13
and_or_beam,14,36,300,480,3,12,120,40,0.60,0.0039,13,13
and_or_beam,14,36,300,480,3,12,120,40,0.70,0.0039,13,13
and_or_beam,14,36,300,480,3,12,120,40,0.80,0.0039,13,13
and_or_beam,14,36,300,480,3,12,180,30,0.60,0.0040,13,13
and_or_beam,14,36,300,480,3,12,180,30,0.70,0.0040,13,13
and_or_beam,14,36,300,480,3,12,180,30,0.80,0.0040,13,13
and_or_beam,14,36,300,480,3,12,180,40,0.60,0.0040,13,13
and_or_beam,14,36,300,480,3,12,180,40,0.70,0.0039,13,13
and_or_beam,14,36,300,480,3,12,180,40,0.80,0.0040,13,13
and_or_beam,14,36,300,480,3,16,120,30,0.60,0.0039,13,13
and_or_beam,14,36,300,480,3,16,120,30,0.70,0.0038,13,13
and_or_beam,14,36,300,480,3,16,120,30,0.80,0.0041,13,13
and_or_beam,14,36,300,480,3,16,120,40,0.60,0.0039,13,13
and_or_beam,14,36,300,480,3,16,120,40,0.70,0.0038,13,13
and_or_beam,14,36,300,480,3,16,120,40,0.80,0.0039,13,13
and_or_beam,14,36,300,480,3,16,180,30,0.60,0.0038,13,13
and_or_beam,14,36,300,480,3,16,180,30,0.70,0.0040,13,13
and_or_beam,14,36,300,480,3,16,180,30,0.80,0.0040,13,13
and_or_beam,14,36,300,480,3,16,180,40,0.60,0.0040,13,13
and_or_beam,14,36,300,480,3,16,180,40,0.70,0.0043,13,13
and_or_beam,14,36,300,480,3,16,180,40,0.80,0.0042,13,13
and_or_beam,14,36,300,480,4,12,120,30,0.60,0.0058,13,13
and_or_beam,14,36,300,480,4,12,120,30,0.70,0.0059,13,13
and_or_beam,14,36,300,480,4,12,120,30,0.80,0.0060,13,13
and_or_beam,14,36,300,480,4,12,120,40,0.60,0.0043,13,13
and_or_beam,14,36,300,480,4,12,120,40,0.70,0.0042,13,13
and_or_beam,14,36,300,480,4,12,120,40,0.80,0.0041,13,13
and_or_beam,14,36,300,480,4,12,180,30,0.60,0.0043,13,13
and_or_beam,14,36,300,480,4,12,180,30,0.70,0.0041,13,13
and_or_beam,14,36,300,480,4,12,180,30,0.80,0.0041,13,13
and_or_beam,14,36,300,480,4,12,180,40,0.60,0.0042,13,13
and_or_beam,14,36,300,480,4,12,180,40,0.70,0.0041,13,13
and_or_beam,14,36,300,480,4,12,180,40,0.80,0.0042,13,13
and_or_beam,14,36,300,480,4,16,120,30,0.60,0.0039,13,13
and_or_beam,14,36,300,480,4,16,120,30,0.70,0.0046,13,13
and_or_beam,14,36,300,480,4,16,120,30,0.80,0.0057,13,13
and_or_beam,14,36,300,480,4,16,120,40,0.60,0.0040,13,13
and_or_beam,14,36,300,480,4,16,120,40,0.70,0.0040,13,13
and_or_beam,14,36,300,480,4,16,120,40,0.80,0.0040,13,13
and_or_beam,14,36,300,480,4,16,180,30,0.60,0.0041,13,13
and_or_beam,14,36,300,480,4,16,180,30,0.70,0.0040,13,13
and_or_beam,14,36,300,480,4,16,180,30,0.80,0.0039,13,13
and_or_beam,14,36,300,480,4,16,180,40,0.60,0.0045,13,13
and_or_beam,14,36,300,480,4,16,180,40,0.70,0.0041,13,13
and_or_beam,14,36,300,480,4,16,180,40,0.80,0.0043,13,13
and_or_beam,14,36,300,720,2,12,120,30,0.60,0.0034,13,13
and_or_beam,14,36,300,720,2,12,120,30,0.70,0.0033,13,13
and_or_beam,14,36,300,720,2,12,120,30,0.80,0.0036,13,13
and_or_beam,14,36,300,720,2,12,120,40,0.60,0.0036,13,13
and_or_beam,14,36,300,720,2,12,120,40,0.70,0.0035,13,13
and_or_beam,14,36,300,720,2,12,120,40,0.80,0.0034,13,13
and_or_beam,14,36,300,720,2,12,180,30,0.60,0.0034,13,13
and_or_beam,14,36,300,720,2,12,180,30,0.70,0.0033,13,13
and_or_beam,14,36,300,720,2,12,180,30,0.80,0.0033,13,13
and_or_beam,14,36,300,720,2,12,180,40,0.60,0.0034,13,13
and_or_beam,14,36,300,720,2,12,180,40,0.70,0.0033,13,13
and_or_beam,14,36,300,720,2,12,180,40,0.80,0.0034,13,13
and_or_beam,14,36,300,720,2,16,120,30,0.60,0.0034,13,13
and_or_beam,14,36,300,720,2,16,120,30,0.70,0.0033,13,13
and_or_beam,14,36,300,720,2,16,120,30,0.80,0.0036,13,13
and_or_beam,14,36,300,720,2,16,120,40,0.60,0.0034,13,13
and_or_beam,14,36,300,720,2,16,120,40,0.70,0.0034,13,13
and_or_beam,14,36,300,720,2,16,120,40,0.80,0.0035,13,13
and_or_beam,14,36,300,720,2,16,180,30,0.60,0.0034,13,13
and_or_beam,14,36,300,720,2,16,180,30,0.70,0.0034,13,13
and_or_beam,14,36,300,720,2,16,180,30,0.80,0.0034,13,13
and_or_beam,14,36,300,720,2,16,180,40,0.60,0.0033,13,13
and_or_beam,14,36,300,720,2,16,180,40,0.70,0.0035,13,13
and_or_beam,14,36,300,720,2,16,180,40,0.80,0.0036,13,13
and_or_beam,14,36,300,720,3,12,120,30,0.60,0.0039,13,13
and_or_beam,14,36,300,720,3,12,120,30,0.70,0.0042,13,13
and_or_beam,14,36,300,720,3,12,120,30,0.80,0.0043,13,13
and_or_beam,14,36,300,720,3,12,120,40,0.60,0.0041,13,13
and_or_beam,14,36,300,720,3,12,120,40,0.70,0.0041,13,13
and_or_beam,14,36,300,720,3,12,120,40,0.80,0.0041,13,13
and_or_beam,14,36,300,720,3,12,180,30,0.60,0.0040,13,13
and_or_beam,14,36,300,720,3,12,180,30,0.70,0.0041,13,13
and_or_beam,14,36,300,720,3,12,180,30,0.80,0.0039,13,13
and_or_beam,14,36,300,720,3,12,180,40,0.60,0.0040,13,13
and_or_beam,14,36,300,720,3,12,180,40,0.70,0.0041,13,13
and_or_beam,14,36,300,720,3,12,180,40,0.80,0.0040,13,13
and_or_beam,14,36,300,720,3,16,120,30,0.60,0.0049,13,13
and_or_beam,14,36,300,720,3,16,120,30,0.70,0.0040,13,13
and_or_beam,14,36,300,720,3,16,120,30,0.80,0.0040,13,13
and_or_beam,14,36,300,720,3,16,120,40,0.60,0.0041,13,13
and_or_beam,14,36,300,720,3,16,120,40,0.70,0.0040,13,13
and_or_beam,14,36,300,720,3,16,120,40,0.80,0.0039,13,13
and_or_beam,14,36,300,720,3,16,180,30,0.60,0.0040,13,13
and_or_beam,14,36,300,720,3,16,180,30,0.70,0.0040,13,13
and_or_beam,14,36,300,720,3,16,180,30,0.80,0.0038,13,13
and_or_beam,14,36,300,720,3,16,180,40,0.60,0.0038,13,13
and_or_beam,14,36,300,720,3,16,180,40,0.70,0.0039,13,13
and_or_beam,14,36,300,720,3,16,180,40,0.80,0.0038,13,13
and_or_beam,14,36,300,720,4,12,120,30,0.60,0.0044,13,13
and_or_beam,14,36,300,720,4,12,120,30,0.70,0.0041,13,13
and_or_beam,14,36,300,720,4,12,120,30,0.80,0.0040,13,13
and_or_beam,14,36,300,720,4,12,120,40,0.60,0.0041,13,13
and_or_beam,14,36,300,720,4,12,120,40,0.70,0.0041,13,13
and_or_beam,14,36,300,720,4,12,120,40,0.80,0.0042,13,13
and_or_beam,14,36,300,720,4,12,180,30,0.60,0.0042,13,13
and_or_beam,14,36,300,720,4,12,180,30,0.70,0.0041,13,13
and_or_beam,14,36,300,720,4,12,180,30,0.80,0.0041,13,13
and_or_beam,14,36,300,720,4,12,180,40,0.60,0.0041,13,13
and_or_beam,14,36,300,720,4,12,180,40,0.70,0.0041,13,13
and_or_beam,14,36,300,720,4,12,180,40,0.80,0.0041,13,13
and_or_beam,14,36,300,720,4,16,120,30,0.60,0.0043,13,13
and_or_beam,14,36,300,720,4,16,120,30,0.70,0.0041,13,13
and_or_beam,14,36,300,720,4,16,120,30,0.80,0.0039,13,13
and_or_beam,14,36,300,720,4,16,120,40,0.60,0.0041,13,13
and_or_beam,14,36,300,720,4,16,120,40,0.70,0.0043,13,13
and_or_beam,14,36,300,720,4,16,120,40,0.80,0.0045,13,13
and_or_beam,14,36,300,720,4,16,180,30,0.60,0.0042,13,13
and_or_beam,14,36,300,720,4,16,180,30,0.70,0.0042,13,13
and_or_beam,14,36,300,720,4,16,180,30,0.80,0.0042,13,13
and_or_beam,14,36,300,720,4,16,180,40,0.60,0.0043,13,13
and_or_beam,14,36,300,720,4,16,180,40,0.70,0.0042,13,13
and_or_beam,14,36,300,720,4,16,180,40,0.80,0.0044,13,13
and_or_beam,14,36,600,480,2,12,120,30,0.60,0.0036,13,13
and_or_beam,14,36,600,480,2,12,120,30,0.70,0.0036,13,13
and_or_beam,14,36,600,480,2,12,120,30,0.80,0.0038,13,13
and_or_beam,14,36,600,480,2,12,120,40,0.60,0.0034,13,13
and_or_beam,14,36,600,480,2,12,120,40,0.70,0.0035,13,13
and_or_beam,14,36,600,480,2,12,120,40,0.80,0.0034,13,13
and_or_beam,14,36,600,480,2,12,180,30,0.60,0.0033,13,13
and_or_beam,14,36,600,480,2,12,180,30,0.70,0.0033,13,13
and_or_beam,14,36,600,480,2,12,180,30,0.80,0.0034,13,13
and_or_beam,14,36,600,480,2,12,180,40,0.60,0.0034,13,13
and_or_beam,14,36,600,480,2,12,180,40,0.70,0.0033,13,13
and_or_beam,14,36,600,480,2,12,180,40,0.80,0.0035,13,13
and_or_beam,14,36,600,480,2,16,120,30,0.60,0.0036,13,13
and_or_beam,14,36,600,480,2,16,120,30,0.70,0.0034,13,13
and_or_beam,14,36,600,480,2,16,120,30,0.80,0.0034,13,13
and_or_beam,14,36,600,480,2,16,120,40,0.60,0.0034,13,13
and_or_beam,14,36,600,480,2,16,120,40,0.70,0.0034,13,13
and_or_beam,14,36,600,480,2,16,120,40,0.80,0.0036,13,13
and_or_beam,14,36,600,480,2,16,180,30,0.60,0.0036,13,13
and_or_beam,14,36,600,480,2,16,180,30,0.70,0.0033,13,13
and_or_beam,14,36,600,480,2,16,180,30,0.80,0.0035,13,13
and_or_beam,14,36,600,480,2,16,180,40,0.60,0.0035,13,13
and_or_beam,14,36,600,480,2,16,180,40,0.70,0.0033,13,13
and_or_beam,14,36,600,480,2,16,180,40,0.80,0.0034,13,13
and_or_beam,14,36,600,480,3,12,120,30,0.60,0.0040,13,13
and_or_beam,14,36,600,480,3,12,120,30,0.70,0.0041,13,13
and_or_beam,14,36,600,480,3,12,120,30,0.80,0.0040,13,13
and_or_beam,14,36,600,480,3,12,120,40,0.60,0.0040,13,13
and_or_beam,14,36,600,480,3,12,120,40,0.70,0.0040,13,13
and_or_beam,14,36,600,480,3,12,120,40,0.80,0.0044,13,13
and_or_beam,14,36,600,480,3,12,180,30,0.60,0.0041,13,13
and_or_beam,14,36,600,480,3,12,180,30,0.70,0.0042,13,13
and_or_beam,14,36,600,480,3,12,180,30,0.80,0.0044,13,13
and_or_beam,14,36,600,480,3,12,180,40,0.60,0.0042,13,13
and_or_beam,14,36,600,480,3,12,180,40,0.70,0.0041,13,13
and_or_beam,14,36,600,480,3,12,180,40,0.80,0.0041,13,13
and_or_beam,14,36,600,480,3,16,120,30,0.60,0.0040,13,13
and_or_beam,14,36,600,480,3,16,120,30,0.70,0.0039,13,13
and_or_beam,14,36,600,480,3,16,120,30,0.80,0.0042,13,13
and_or_beam,14,36,600,480,3,16,120,40,0.60,0.0038,13,13
and_or_beam,14,36,600,480,3,16,120,40,0.70,0.0039,13,13
and_or_beam,14,36,600,480,3,16,120,40,0.80,0.0040,13,13
and_or_beam,14,36,600,480,3,16,180,30,0.60,0.0037,13,13
and_or_beam,14,36,600,480,3,16,180,30,0.70,0.0040,13,13
and_or_beam,14,36,600,480,3,16,180,30,0.80,0.0040,13,13
and_or_beam,14,36,600,480,3,16,180,40,0.60,0.0040,13,13
and_or_beam,14,36,600,480,3,16,180,40,0.70,0.0040,13,13
and_or_beam,14,36,600,480,3,16,180,40,0.80,0.0040,13,13
and_or_beam,14,36,600,480,4,12,120,30,0.60,0.0041,13,13
and_or_beam,14,36,600,480,4,12,120,30,0.70,0.0041,13,13
and_or_beam,14,36,600,480,4,12,120,30,0.80,0.0040,13,13
and_or_beam,14,36,600,480,4,12,120,40,0.60,0.0041,13,13
and_or_beam,14,36,600,480,4,12,120,40,0.70,0.0043,13,13
and_or_beam,14,36,600,480,4,12,120,40,0.80,0.0043,13,13
and_or_beam,14,36,600,480,4,12,180,30,0.60,0.0042,13,13
and_or_beam,14,36,600,480,4,12,180,30,0.70,0.0061,13,13
and_or_beam,14,36,600,480,4,12,180,30,0.80,0.0049,13,13
and_or_beam,14,36,600,480,4,12,180,40,0.60,0.0042,13,13
and_or_beam,14,36,600,480,4,12,180,40,0.70,0.0041,13,13
and_or_beam,14,36,600,480,4,12,180,40,0.80,0.0041,13,13
and_or_beam,14,36,600,480,4,16,120,30,0.60,0.0042,13,13
and_or_beam,14,36,600,480,4,16,120,30,0.70,0.0042,13,13
and_or_beam,14,36,600,480,4,16,120,30,0.80,0.0047,13,13
and_or_beam,14,36,600,480,4,16,120,40,0.60,0.0065,13,13
and_or_beam,14,36,600,480,4,16,120,40,0.70,0.0043,13,13
and_or_beam,14,36,600,480,4,16,120,40,0.80,0.0041,13,13
and_or_beam,14,36,600,480,4,16,180,30,0.60,0.0043,13,13
and_or_beam,14,36,600,480,4,16,180,30,0.70,0.0057,13,13
and_or_beam,14,36,600,480,4,16,180,30,0.80,0.0059,13,13
and_or_beam,14,36,600,480,4,16,180,40,0.60,0.0046,13,13
and_or_beam,14,36,600,480,4,16,180,40,0.70,0.0052,13,13
and_or_beam,14,36,600,480,4,16,180,40,0.80,0.0042,13,13
and_or_beam,14,36,600,720,2,12,120,30,0.60,0.0036,13,13
and_or_beam,14,36,600,720,2,12,120,30,0.70,0.0036,13,13
and_or_beam,14,36,600,720,2,12,120,30,0.80,0.0039,13,13
and_or_beam,14,36,600,720,2,12,120,40,0.60,0.0039,13,13
and_or_beam,14,36,600,720,2,12,120,40,0.70,0.0037,13,13
and_or_beam,14,36,600,720,2,12,120,40,0.80,0.0040,13,13
and_or_beam,14,36,600,720,2,12,180,30,0.60,0.0035,13,13
and_or_beam,14,36,600,720,2,12,180,30,0.70,0.0035,13,13
and_or_beam,14,36,600,720,2,12,180,30,0.80,0.0034,13,13
and_or_beam,14,36,600,720,2,12,180,40,0.60,0.0034,13,13
and_or_beam,14,36,600,720,2,12,180,40,0.70,0.0038,13,13
and_or_beam,14,36,600,720,2,12,180,40,0.80,0.0034,13,13
and_or_beam,14,36,600,720,2,16,120,30,0.60,0.0035,13,13
and_or_beam,14,36,600,720,2,16,120,30,0.70,0.0033,13,13
and_or_beam,14,36,600,720,2,16,120,30,0.80,0.0036,13,13
and_or_beam,14,36,600,720,2,16,120,40,0.60,0.0037,13,13
and_or_beam,14,36,600,720,2,16,120,40,0.70,0.0036,13,13
and_or_beam,14,36,600,720,2,16,120,40,0.80,0.0037,13,13
and_or_beam,14,36,600,720,2,16,180,30,0.60,0.0035,13,13
and_or_beam,14,36,600,720,2,16,180,30,0.70,0.0036,13,13
and_or_beam,14,36,600,720,2,16,180,30,0.80,0.0035,13,13
and_or_beam,14,36,600,720,2,16,180,40,0.60,0.0036,13,13
and_or_beam,14,36,600,720,2,16,180,40,0.70,0.0037,13,13
and_or_beam,14,36,600,720,2,16,180,40,0.80,0.0035,13,13
and_or_beam,14,36,600,720,3,12,120,30,0.60,0.0040,13,13
and_or_beam,14,36,600,720,3,12,120,30,0.70,0.0040,13,13
and_or_beam,14,36,600,720,3,12,120,30,0.80,0.0039,13,13
and_or_beam,14,36,600,720,3,12,120,40,0.60,0.0042,13,13
and_or_beam,14,36,600,720,3,12,120,40,0.70,0.0048,13,13
and_or_beam,14,36,600,720,3,12,120,40,0.80,0.0047,13,13
and_or_beam,14,36,600,720,3,12,180,30,0.60,0.0044,13,13
and_or_beam,14,36,600,720,3,12,180,30,0.70,0.0043,13,13
and_or_beam,14,36,600,720,3,12,180,30,0.80,0.0039,13,13
and_or_beam,14,36,600,720,3,12,180,40,0.60,0.0039,13,13
and_or_beam,14,36,600,720,3,12,180,40,0.70,0.0039,13,13
and_or_beam,14,36,600,720,3,12,180,40,0.80,0.0038,13,13
and_or_beam,14,36,600,720,3,16,120,30,0.60,0.0037,13,13
and_or_beam,14,36,600,720,3,16,120,30,0.70,0.0037,13,13
and_or_beam,14,36,600,720,3,16,120,30,0.80,0.0038,13,13
and_or_beam,14,36,600,720,3,16,120,40,0.60,0.0038,13,13
and_or_beam,14,36,600,720,3,16,120,40,0.70,0.0038,13,13
and_or_beam,14,36,600,720,3,16,120,40,0.80,0.0037,13,13
and_or_beam,14,36,600,720,3,16,180,30,0.60,0.0038,13,13
and_or_beam,14,36,600,720,3,16,180,30,0.70,0.0038,13,13
and_or_beam,14,36,600,720,3,16,180,30,0.80,0.0039,13,13
and_or_beam,14,36,600,720,3,16,180,40,0.60,0.0037,13,13
and_or_beam,14,36,600,720,3,16,180,40,0.70,0.0038,13,13
and_or_beam,14,36,600,720,3,16,180,40,0.80,0.0038,13,13
and_or_beam,14,36,600,720,4,12,120,30,0.60,0.0044,13,13
and_or_beam,14,36,600,720,4,12,120,30,0.70,0.0042,13,13
and_or_beam,14,36,600,720,4,12,120,30,0.80,0.0042,13,13
and_or_beam,14,36,600,720,4,12,120,40,0.60,0.0041,13,13
and_or_beam,14,36,600,720,4,12,120,40,0.70,0.0043,13,13
and_or_beam,14,36,600,720,4,12,120,40,0.80,0.0044,13,13
and_or_beam,14,36,600,720,4,12,180,30,0.60,0.0042,13,13
and_or_beam,14,36,600,720,4,12,180,30,0.70,0.0043,13,13
and_or_beam,14,36,600,720,4,12,180,30,0.80,0.0043,13,13
and_or_beam,14,36,600,720,4,12,180,40,0.60,0.0042,13,13
and_or_beam,14,36,600,720,4,12,180,40,0.70,0.0059,13,13
and_or_beam,14,36,600,720,4,12,180,40,0.80,0.0065,13,13
and_or_beam,14,36,600,720,4,16,120,30,0.60,0.0042,13,13
and_or_beam,14,36,600,720,4,16,120,30,0.70,0.0041,13,13
and_or_beam,14,36,600,720,4,16,120,30,0.80,0.0041,13,13
and_or_beam,14,36,600,720,4,16,120,40,0.60,0.0041,13,13
and_or_beam,14,36,600,720,4,16,120,40,0.70,0.0046,13,13
and_or_beam,14,36,600,720,4,16,120,40,0.80,0.0041,13,13
and_or_beam,14,36,600,720,4,16,180,30,0.60,0.0041,13,13
and_or_beam,14,36,600,720,4,16,180,30,0.70,0.0042,13,13
and_or_beam,14,36,600,720,4,16,180,30,0.80,0.0042,13,13
and_or_beam,14,36,600,720,4,16,180,40,0.60,0.0043,13,13
and_or_beam,14,36,600,720,4,16,180,40,0.70,0.0039,13,13
and_or_beam,14,36,600,720,4,16,180,40,0.80,0.0040,13,13
and_or_beam,14,48,300,480,2,12,120,30,0.60,0.0033,13,13
and_or_beam,14,48,300,480,2,12,120,30,0.70,0.0033,13,13
and_or_beam,14,48,300,480,2,12,120,30,0.80,0.0032,13,13
and_or_beam,14,48,300,480,2,12,120,40,0.60,0.0035,13,13
and_or_beam,14,48,300,480,2,12,120,40,0.70,0.0033,13,13
and_or_beam,14,48,300,480,2,12,120,40,0.80,0.0038,13,13
and_or_beam,14,48,300,480,2,12,180,30,0.60,0.0035,13,13
and_or_beam,14,48,300,480,2,12,180,30,0.70,0.0035,13,13
and_or_beam,14,48,300,480,2,12,180,30,0.80,0.0035,13,13
and_or_beam,14,48,300,480,2,12,180,40,0.60,0.0037,13,13
and_or_beam,14,48,300,480,2,12,180,40,0.70,0.0033,13,13
and_or_beam,14,48,300,480,2,12,180,40,0.80,0.0035,13,13
and_or_beam,14,48,300,480,2,16,120,30,0.60,0.0034,13,13
and_or_beam,14,48,300,480,2,16,120,30,0.70,0.0037,13,13
and_or_beam,14,48,300,480,2,16,120,30,0.80,0.0034,13,13
and_or_beam,14,48,300,480,2,16,120,40,0.60,0.0034,13,13
and_or_beam,14,48,300,480,2,16,120,40,0.70,0.0048,13,13
and_or_beam,14,48,300,480,2,16,120,40,0.80,0.0040,13,13
and_or_beam,14,48,300,480,2,16,180,30,0.60,0.0034,13,13
and_or_beam,14,48,300,480,2,16,180,30,0.70,0.0035,13,13
and_or_beam,14,48,300,480,2,16,180,30,0.80,0.0033,13,13
and_or_beam,14,48,300,480,2,16,180,40,0.60,0.0035,13,13
and_or_beam,14,48,300,480,2,16,180,40,0.70,0.0034,13,13
and_or_beam,14,48,300,480,2,16,180,40,0.80,0.0036,13,13
and_or_beam,14,48,300,480,3,12,120,30,0.60,0.0040,13,13
and_or_beam,14,48,300,480,3,12,120,30,0.70,0.0041,13,13
and_or_beam,14,48,300,480,3,12,120,30,0.80,0.0041,13,13
and_or_beam,14,48,300,480,3,12,120,40,0.60,0.0041,13,13
and_or_beam,14,48,300,480,3,12,120,40,0.70,0.0040,13,13
and_or_beam,14,48,300,480,3,12,120,40,0.80,0.0039,13,13
and_or_beam,14,48,300,480,3,12,180,30,0.60,0.0038,13,13
and_or_beam,14,48,300,480,3,12,180,30,0.70,0.0040,13,13
and_or_beam,14,48,300,480,3,12,180,30,0.80,0.0055,13,13
and_or_beam,14,48,300,480,3,12,180,40,0.60,0.0053,13,13
and_or_beam,14,48,300,480,3,12,180,40,0.70,0.0038,13,13
and_or_beam,14,48,300,480,3,12,180,40,0.80,0.0037,13,13
and_or_beam,14,48,300,480,3,16,120,30,0.60,0.0038,13,13
and_or_beam,14,48,300,480,3,16,120,30,0.70,0.0041,13,13
and_or_beam,14,48,300,480,3,16,120,30,0.80,0.0040,13,13
and_or_beam,14,48,300,480,3,16,120,40,0.60,0.0040,13,13
and_or_beam,14,48,300,480,3,16,120,40,0.70,0.0038,13,13
and_or_beam,14,48,300,480,3,16,120,40,0.80,0.0038,13,13
and_or_beam,14,48,300,480,3,16,180,30,0.60,0.0037,13,13
and_or_beam,14,48,300,480,3,16,180,30,0.70,0.0038,13,13
and_or_beam,14,48,300,480,3,16,180,30,0.80,0.0038,13,13
and_or_beam,14,48,300,480,3,16,180,40,0.60,0.0042,13,13
and_or_beam,14,48,300,480,3,16,180,40,0.70,0.0040,13,13
and_or_beam,14,48,300,480,3,16,180,40,0.80,0.0040,13,13
and_or_beam,14,48,300,480,4,12,120,30,0.60,0.0041,13,13
and_or_beam,14,48,300,480,4,12,120,30,0.70,0.0041,13,13
and_or_beam,14,48,300,480,4,12,120,30,0.80,0.0042,13,13
and_or_beam,14,48,300,480,4,12,120,40,0.60,0.0041,13,13
and_or_beam,14,48,300,480,4,12,120,40,0.70,0.0042,13,13
and_or_beam,14,48,300,480,4,12,120,40,0.80,0.0044,13,13
and_or_beam,14,48,300,480,4,12,180,30,0.60,0.0042,13,13
and_or_beam,14,48,300,480,4,12,180,30,0.70,0.0043,13,13
and_or_beam,14,48,300,480,4,12,180,30,0.80,0.0043,13,13
and_or_beam,14,48,300,480,4,12,180,40,0.60,0.0043,13,13
and_or_beam,14,48,300,480,4,12,180,40,0.70,0.0043,13,13
and_or_beam,14,48,300,480,4,12,180,40,0.80,0.0042,13,13
and_or_beam,14,48,300,480,4,16,120,30,0.60,0.0041,13,13
and_or_beam,14,48,300,480,4,16,120,30,0.70,0.0042,13,13
and_or_beam,14,48,300,480,4,16,120,30,0.80,0.0040,13,13
and_or_beam,14,48,300,480,4,16,120,40,0.60,0.0042,13,13
and_or_beam,14,48,300,480,4,16,120,40,0.70,0.0044,13,13
and_or_beam,14,48,300,480,4,16,120,40,0.80,0.0041,13,13
and_or_beam,14,48,300,480,4,16,180,30,0.60,0.0041,13,13
and_or_beam,14,48,300,480,4,16,180,30,0.70,0.0041,13,13
and_or_beam,14,48,300,480,4,16,180,30,0.80,0.0042,13,13
and_or_beam,14,48,300,480,4,16,180,40,0.60,0.0043,13,13
and_or_beam,14,48,300,480,4,16,180,40,0.70,0.0049,13,13
and_or_beam,14,48,300,480,4,16,180,40,0.80,0.0043,13,13
and_or_beam,14,48,300,720,2,12,120,30,0.60,0.0034,13,13
and_or_beam,14,48,300,720,2,12,120,30,0.70,0.0034,13,13
and_or_beam,14,48,300,720,2,12,120,30,0.80,0.0036,13,13
and_or_beam,14,48,300,720,2,12,120,40,0.60,0.0034,13,13
and_or_beam,14,48,300,720,2,12,120,40,0.70,0.0035,13,13
and_or_beam,14,48,300,720,2,12,120,40,0.80,0.0035,13,13
and_or_beam,14,48,300,720,2,12,180,30,0.60,0.0035,13,13
and_or_beam,14,48,300,720,2,12,180,30,0.70,0.0034,13,13
and_or_beam,14,48,300,720,2,12,180,30,0.80,0.0033,13,13
and_or_beam,14,48,300,720,2,12,180,40,0.60,0.0038,13,13
and_or_beam,14,48,300,720,2,12,180,40,0.70,0.0035,13,13
and_or_beam,14,48,300,720,2,12,180,40,0.80,0.0034,13,13
and_or_beam,14,48,300,720,2,16,120,30,0.60,0.0038,13,13
and_or_beam,14,48,300,720,2,16,120,30,0.70,0.0040,13,13
and_or_beam,14,48,300,720,2,16,120,30,0.80,0.0041,13,13
and_or_beam,14,48,300,720,2,16,120,40,0.60,0.0036,13,13
and_or_beam,14,48,300,720,2,16,120,40,0.70,0.0034,13,13
and_or_beam,14,48,300,720,2,16,120,40,0.80,0.0035,13,13
and_or_beam,14,48,300,720,2,16,180,30,0.60,0.0034,13,13
and_or_beam,14,48,300,720,2,16,180,30,0.70,0.0034,13,13
and_or_beam,14,48,300,720,2,16,180,30,0.80,0.0034,13,13
and_or_beam,14,48,300,720,2,16,180,40,0.60,0.0035,13,13
and_or_beam,14,48,300,720,2,16,180,40,0.70,0.0034,13,13
and_or_beam,14,48,300,720,2,16,180,40,0.80,0.0034,13,13
and_or_beam,14,48,300,720,3,12,120,30,0.60,0.0040,13,13
and_or_beam,14,48,300,720,3,12,120,30,0.70,0.0040,13,13
and_or_beam,14,48,300,720,3,12,120,30,0.80,0.0038,13,13
and_or_beam,14,48,300,720,3,12,120,40,0.60,0.0039,13,13
and_or_beam,14,48,300,720,3,12,120,40,0.70,0.0040,13,13
and_or_beam,14,48,300,720,3,12,120,40,0.80,0.0038,13,13
and_or_beam,14,48,300,720,3,12,180,30,0.60,0.0037,13,13
and_or_beam,14,48,300,720,3,12,180,30,0.70,0.0037,13,13
and_or_beam,14,48,300,720,3,12,180,30,0.80,0.0037,13,13
and_or_beam,14,48,300,720,3,12,180,40,0.60,0.0036,13,13
and_or_beam,14,48,300,720,3,12,180,40,0.70,0.0037,13,13
and_or_beam,14,48,300,720,3,12,180,40,0.80,0.0037,13,13
and_or_beam,14,48,300,720,3,16,120,30,0.60,0.0037,13,13
and_or_beam,14,48,300,720,3,16,120,30,0.70,0.0038,13,13
and_or_beam,14,48,300,720,3,16,120,30,0.80,0.0037,13,13
and_or_beam,14,48,300,720,3,16,120,40,0.60,0.0046,13,13
and_or_beam,14,48,300,720,3,16,120,40,0.70,0.0039,13,13
and_or_beam,14,48,300,720,3,16,120,40,0.80,0.0045,13,13
and_or_beam,14,48,300,720,3,16,180,30,0.60,0.0038,13,13
and_or_beam,14,48,300,720,3,16,180,30,0.70,0.0038,13,13
and_or_beam,14,48,300,720,3,16,180,30,0.80,0.0040,13,13
and_or_beam,14,48,300,720,3,16,180,40,0.60,0.0039,13,13
and_or_beam,14,48,300,720,3,16,180,40,0.70,0.0038,13,13
and_or_beam,14,48,300,720,3,16,180,40,0.80,0.0038,13,13
and_or_beam,14,48,300,720,4,12,120,30,0.60,0.0041,13,13
and_or_beam,14,48,300,720,4,12,120,30,0.70,0.0040,13,13
and_or_beam,14,48,300,720,4,12,120,30,0.80,0.0041,13,13
and_or_beam,14,48,300,720,4,12,120,40,0.60,0.0042,13,13
and_or_beam,14,48,300,720,4,12,120,40,0.70,0.0043,13,13
and_or_beam,14,48,300,720,4,12,120,40,0.80,0.0040,13,13
and_or_beam,14,48,300,720,4,12,180,30,0.60,0.0039,13,13
and_or_beam,14,48,300,720,4,12,180,30,0.70,0.0041,13,13
and_or_beam,14,48,300,720,4,12,180,30,0.80,0.0040,13,13
and_or_beam,14,48,300,720,4,12,180,40,0.60,0.0041,13,13
and_or_beam,14,48,300,720,4,12,180,40,0.70,0.0038,13,13
and_or_beam,14,48,300,720,4,12,180,40,0.80,0.0038,13,13
and_or_beam,14,48,300,720,4,16,120,30,0.60,0.0040,13,13
and_or_beam,14,48,300,720,4,16,120,30,0.70,0.0039,13,13
and_or_beam,14,48,300,720,4,16,120,30,0.80,0.0038,13,13
and_or_beam,14,48,300,720,4,16,120,40,0.60,0.0046,13,13
and_or_beam,14,48,300,720,4,16,120,40,0.70,0.0039,13,13
and_or_beam,14,48,300,720,4,16,120,40,0.80,0.0040,13,13
and_or_beam,14,48,300,720,4,16,180,30,0.60,0.0043,13,13
and_or_beam,14,48,300,720,4,16,180,30,0.70,0.0052,13,13
and_or_beam,14,48,300,720,4,16,180,30,0.80,0.0048,13,13
and_or_beam,14,48,300,720,4,16,180,40,0.60,0.0040,13,13
and_or_beam,14,48,300,720,4,16,180,40,0.70,0.0045,13,13
and_or_beam,14,48,300,720,4,16,180,40,0.80,0.0041,13,13
and_or_beam,14,48,600,480,2,12,120,30,0.60,0.0034,13,13
and_or_beam,14,48,600,480,2,12,120,30,0.70,0.0033,13,13
and_or_beam,14,48,600,480,2,12,120,30,0.80,0.0033,13,13
and_or_beam,14,48,600,480,2,12,120,40,0.60,0.0033,13,13
and_or_beam,14,48,600,480,2,12,120,40,0.70,0.0033,13,13
and_or_beam,14,48,600,480,2,12,120,40,0.80,0.0032,13,13
and_or_beam,14,48,600,480,2,12,180,30,0.60,0.0033,13,13
and_or_beam,14,48,600,480,2,12,180,30,0.70,0.0033,13,13
and_or_beam,14,48,600,480,2,12,180,30,0.80,0.0033,13,13
and_or_beam,14,48,600,480,2,12,180,40,0.60,0.0034,13,13
and_or_beam,14,48,600,480,2,12,180,40,0.70,0.0033,13,13
and_or_beam,14,48,600,480,2,12,180,40,0.80,0.0031,13,13
and_or_beam,14,48,600,480,2,16,120,30,0.60,0.0032,13,13
and_or_beam,14,48,600,480,2,16,120,30,0.70,0.0032,13,13
and_or_beam,14,48,600,480,2,16,120,30,0.80,0.0036,13,13
and_or_beam,14,48,600,480,2,16,120,40,0.60,0.0037,13,13
and_or_beam,14,48,600,480,2,16,120,40,0.70,0.0041,13,13
and_or_beam,14,48,600,480,2,16,120,40,0.80,0.0045,13,13
and_or_beam,14,48,600,480,2,16,180,30,0.60,0.0050,13,13
and_or_beam,14,48,600,480,2,16,180,30,0.70,0.0034,13,13
and_or_beam,14,48,600,480,2,16,180,30,0.80,0.0034,13,13
and_or_beam,14,48,600,480,2,16,180,40,0.60,0.0034,13,13
and_or_beam,14,48,600,480,2,16,180,40,0.70,0.0035,13,13
and_or_beam,14,48,600,480,2,16,180,40,0.80,0.0034,13,13
and_or_beam,14,48,600,480,3,12,120,30,0.60,0.0039,13,13
and_or_beam,14,48,600,480,3,12,120,30,0.70,0.0038,13,13
and_or_beam,14,48,600,480,3,12,120,30,0.80,0.0040,13,13
and_or_beam,14,48,600,480,3,12,120,40,0.60,0.0039,13,13
and_or_beam,14,48,600,480,3,12,120,40,0.70,0.0038,13,13
and_or_beam,14,48,600,480,3,12,120,40,0.80,0.0038,13,13
and_or_beam,14,48,600,480,3,12,180,30,0.60,0.0037,13,13
and_or_beam,14,48,600,480,3,12,180,30,0.70,0.0041,13,13
and_or_beam,14,48,600,480,3,12,180,30,0.80,0.0038,13,13
and_or_beam,14,48,600,480,3,12,180,40,0.60,0.0038,13,13
and_or_beam,14,48,600,480,3,12,180,40,0.70,0.0039,13,13
and_or_beam,14,48,600,480,3,12,180,40,0.80,0.0038,13,13
and_or_beam,14,48,600,480,3,16,120,30,0.60,0.0038,13,13
and_or_beam,14,48,600,480,3,16,120,30,0.70,0.0037,13,13
and_or_beam,14,48,600,480,3,16,120,30,0.80,0.0038,13,13
and_or_beam,14,48,600,480,3,16,120,40,0.60,0.0038,13,13
and_or_beam,14,48,600,480,3,16,120,40,0.70,0.0038,13,13
and_or_beam,14,48,600,480,3,16,120,40,0.80,0.0038,13,13
and_or_beam,14,48,600,480,3,16,180,30,0.60,0.0038,13,13
and_or_beam,14,48,600,480,3,16,180,30,0.70,0.0037,13,13
and_or_beam,14,48,600,480,3,16,180,30,0.80,0.0038,13,13
and_or_beam,14,48,600,480,3,16,180,40,0.60,0.0040,13,13
and_or_beam,14,48,600,480,3,16,180,40,0.70,0.0039,13,13
and_or_beam,14,48,600,480,3,16,180,40,0.80,0.0038,13,13
and_or_beam,14,48,600,480,4,12,120,30,0.60,0.0041,13,13
and_or_beam,14,48,600,480,4,12,120,30,0.70,0.0040,13,13
and_or_beam,14,48,600,480,4,12,120,30,0.80,0.0040,13,13
and_or_beam,14,48,600,480,4,12,120,40,0.60,0.0041,13,13
and_or_beam,14,48,600,480,4,12,120,40,0.70,0.0039,13,13
and_or_beam,14,48,600,480,4,12,120,40,0.80,0.0039,13,13
and_or_beam,14,48,600,480,4,12,180,30,0.60,0.0048,13,13
and_or_beam,14,48,600,480,4,12,180,30,0.70,0.0054,13,13
and_or_beam,14,48,600,480,4,12,180,30,0.80,0.0050,13,13
and_or_beam,14,48,600,480,4,12,180,40,0.60,0.0049,13,13
and_or_beam,14,48,600,480,4,12,180,40,0.70,0.0047,13,13
and_or_beam,14,48,600,480,4,12,180,40,0.80,0.0048,13,13
and_or_beam,14,48,600,480,4,16,120,30,0.60,0.0040,13,13
and_or_beam,14,48,600,480,4,16,120,30,0.70,0.0040,13,13
and_or_beam,14,48,600,480,4,16,120,30,0.80,0.0041,13,13
and_or_beam,14,48,600,480,4,16,120,40,0.60,0.0040,13,13
and_or_beam,14,48,600,480,4,16,120,40,0.70,0.0040,13,13
and_or_beam,14,48,600,480,4,16,120,40,0.80,0.0042,13,13
and_or_beam,14,48,600,480,4,16,180,30,0.60,0.0042,13,13
and_or_beam,14,48,600,480,4,16,180,30,0.70,0.0040,13,13
and_or_beam,14,48,600,480,4,16,180,30,0.80,0.0040,13,13
and_or_beam,14,48,600,480,4,16,180,40,0.60,0.0039,13,13
and_or_beam,14,48,600,480,4,16,180,40,0.70,0.0040,13,13
and_or_beam,14,48,600,480,4,16,180,40,0.80,0.0042,13,13
and_or_beam,14,48,600,720,2,12,120,30,0.60,0.0034,13,13
and_or_beam,14,48,600,720,2,12,120,30,0.70,0.0033,13,13
and_or_beam,14,48,600,720,2,12,120,30,0.80,0.0034,13,13
and_or_beam,14,48,600,720,2,12,120,40,0.60,0.0034,13,13
and_or_beam,14,48,600,720,2,12,120,40,0.70,0.0034,13,13
and_or_beam,14,48,600,720,2,12,120,40,0.80,0.0033,13,13
and_or_beam,14,48,600,720,2,12,180,30,0.60,0.0034,13,13
and_or_beam,14,48,600,720,2,12,180,30,0.70,0.0033,13,13
and_or_beam,14,48,600,720,2,12,180,30,0.80,0.0033,13,13
and_or_beam,14,48,600,720,2,12,180,40,0.60,0.0033,13,13
and_or_beam,14,48,600,720,2,12,180,40,0.70,0.0033,13,13
and_or_beam,14,48,600,720,2,12,180,40,0.80,0.0034,13,13
and_or_beam,14,48,600,720,2,16,120,30,0.60,0.0033,13,13
and_or_beam,14,48,600,720,2,16,120,30,0.70,0.0032,13,13
and_or_beam,14,48,600,720,2,16,120,30,0.80,0.0033,13,13
and_or_beam,14,48,600,720,2,16,120,40,0.60,0.0033,13,13
and_or_beam,14,48,600,720,2,16,120,40,0.70,0.0033,13,13
and_or_beam,14,48,600,720,2,16,120,40,0.80,0.0034,13,13
and_or_beam,14,48,600,720,2,16,180,30,0.60,0.0033,13,13
and_or_beam,14,48,600,720,2,16,180,30,0.70,0.0034,13,13
and_or_beam,14,48,600,720,2,16,180,30,0.80,0.0033,13,13
and_or_beam,14,48,600,720,2,16,180,40,0.60,0.0034,13,13
and_or_beam,14,48,600,720,2,16,180,40,0.70,0.0033,13,13
and_or_beam,14,48,600,720,2,16,180,40,0.80,0.0032,13,13
and_or_beam,14,48,600,720,3,12,120,30,0.60,0.0037,13,13
and_or_beam,14,48,600,720,3,12,120,30,0.70,0.0038,13,13
and_or_beam,14,48,600,720,3,12,120,30,0.80,0.0040,13,13
and_or_beam,14,48,600,720,3,12,120,40,0.60,0.0039,13,13
and_or_beam,14,48,600,720,3,12,120,40,0.70,0.0040,13,13
and_or_beam,14,48,600,720,3,12,120,40,0.80,0.0039,13,13
and_or_beam,14,48,600,720,3,12,180,30,0.60,0.0038,13,13
and_or_beam,14,48,600,720,3,12,180,30,0.70,0.0039,13,13
and_or_beam,14,48,600,720,3,12,180,30,0.80,0.0042,13,13
and_or_beam,14,48,600,720,3,12,180,40,0.60,0.0039,13,13
and_or_beam,14,48,600,720,3,12,180,40,0.70,0.0043,13,13
and_or_beam,14,48,600,720,3,12,180,40,0.80,0.0040,13,13
and_or_beam,14,48,600,720,3,16,120,30,0.60,0.0039,13,13
and_or_beam,14,48,600,720,3,16,120,30,0.70,0.0039,13,13
and_or_beam,14,48,600,720,3,16,120,30,0.80,0.0041,13,13
and_or_beam,14,48,600,720,3,16,120,40,0.60,0.0039,13,13
and_or_beam,14,48,600,720,3,16,120,40,0.70,0.0037,13,13
and_or_beam,14,48,600,720,3,16,120,40,0.80,0.0038,13,13
and_or_beam,14,48,600,720,3,16,180,30,0.60,0.0038,13,13
and_or_beam,14,48,600,720,3,16,180,30,0.70,0.0039,13,13
and_or_beam,14,48,600,720,3,16,180,30,0.80,0.0037,13,13
and_or_beam,14,48,600,720,3,16,180,40,0.60,0.0039,13,13
and_or_beam,14,48,600,720,3,16,180,40,0.70,0.0039,13,13
and_or_beam,14,48,600,720,3,16,180,40,0.80,0.0038,13,13
and_or_beam,14,48,600,720,4,12,120,30,0.60,0.0040,13,13
and_or_beam,14,48,600,720,4,12,120,30,0.70,0.0040,13,13
and_or_beam,14,48,600,720,4,12,120,30,0.80,0.0040,13,13
and_or_beam,14,48,600,720,4,12,120,40,0.60,0.0039,13,13
and_or_beam,14,48,600,720,4,12,120,40,0.70,0.0042,13,13
and_or_beam,14,48,600,720,4,12,120,40,0.80,0.0044,13,13
and_or_beam,14,48,600,720,4,12,180,30,0.60,0.0041,13,13
and_or_beam,14,48,600,720,4,12,180,30,0.70,0.0042,13,13
and_or_beam,14,48,600,720,4,12,180,30,0.80,0.0040,13,13
and_or_beam,14,48,600,720,4,12,180,40,0.60,0.0040,13,13
and_or_beam,14,48,600,720,4,12,180,40,0.70,0.0040,13,13
and_or_beam,14,48,600,720,4,12,180,40,0.80,0.0041,13,13
and_or_beam,14,48,600,720,4,16,120,30,0.60,0.0043,13,13
and_or_beam,14,48,600,720,4,16,120,30,0.70,0.0048,13,13
and_or_beam,14,48,600,720,4,16,120,30,0.80,0.0040,13,13
and_or_beam,14,48,600,720,4,16,120,40,0.60,0.0042,13,13
and_or_beam,14,48,600,720,4,16,120,40,0.70,0.0041,13,13
and_or_beam,14,48,600,720,4,16,120,40,0.80,0.0044,13,13
and_or_beam,14,48,600,720,4,16,180,30,0.60,0.0042,13,13
and_or_beam,14,48,600,720,4,16,180,30,0.70,0.0042,13,13
and_or_beam,14,48,600,720,4,16,180,30,0.80,0.0046,13,13
and_or_beam,14,48,600,720,4,16,180,40,0.60,0.0042,13,13
and_or_beam,14,48,600,720,4,16,180,40,0.70,0.0042,13,13
and_or_beam,14,48,600,720,4,16,180,40,0.80,0.0041,13,13
and_or_beam,16,24,300,480,2,12,120,30,0.60,0.0035,13,13
and_or_beam,16,24,300,480,2,12,120,30,0.70,0.0034,13,13
and_or_beam,16,24,300,480,2,12,120,30,0.80,0.0034,13,13
and_or_beam,16,24,300,480,2,12,120,40,0.60,0.0036,13,13
and_or_beam,16,24,300,480,2,12,120,40,0.70,0.0035,13,13
and_or_beam,16,24,300,480,2,12,120,40,0.80,0.0035,13,13
and_or_beam,16,24,300,480,2,12,180,30,0.60,0.0034,13,13
and_or_beam,16,24,300,480,2,12,180,30,0.70,0.0035,13,13
and_or_beam,16,24,300,480,2,12,180,30,0.80,0.0033,13,13
and_or_beam,16,24,300,480,2,12,180,40,0.60,0.0033,13,13
and_or_beam,16,24,300,480,2,12,180,40,0.70,0.0033,13,13
and_or_beam,16,24,300,480,2,12,180,40,0.80,0.0033,13,13
and_or_beam,16,24,300,480,2,16,120,30,0.60,0.0033,13,13
and_or_beam,16,24,300,480,2,16,120,30,0.70,0.0033,13,13
and_or_beam,16,24,300,480,2,16,120,30,0.80,0.0033,13,13
and_or_beam,16,24,300,480,2,16,120,40,0.60,0.0035,13,13
and_or_beam,16,24,300,480,2,16,120,40,0.70,0.0032,13,13
and_or_beam,16,24,300,480,2,16,120,40,0.80,0.0032,13,13
and_or_beam,16,24,300,480,2,16,180,30,0.60,0.0034,13,13
and_or_beam,16,24,300,480,2,16,180,30,0.70,0.0035,13,13
and_or_beam,16,24,300,480,2,16,180,30,0.80,0.0035,13,13
and_or_beam,16,24,300,480,2,16,180,40,0.60,0.0034,13,13
and_or_beam,16,24,300,480,2,16,180,40,0.70,0.0032,13,13
and_or_beam,16,24,300,480,2,16,180,40,0.80,0.0033,13,13
and_or_beam,16,24,300,480,3,12,120,30,0.60,0.0038,13,13
and_or_beam,16,24,300,480,3,12,120,30,0.70,0.0038,13,13
and_or_beam,16,24,300,480,3,12,120,30,0.80,0.0040,13,13
and_or_beam,16,24,300,480,3,12,120,40,0.60,0.0040,13,13
and_or_beam,16,24,300,480,3,12,120,40,0.70,0.0038,13,13
and_or_beam,16,24,300,480,3,12,120,40,0.80,0.0040,13,13
and_or_beam,16,24,300,480,3,12,180,30,0.60,0.0038,13,13
and_or_beam,16,24,300,480,3,12,180,30,0.70,0.0040,13,13
and_or_beam,16,24,300,480,3,12,180,30,0.80,0.0036,13,13
and_or_beam,16,24,300,480,3,12,180,40,0.60,0.0038,13,13
and_or_beam,16,24,300,480,3,12,180,40,0.70,0.0039,13,13
and_or_beam,16,24,300,480,3,12,180,40,0.80,0.0039,13,13
and_or_beam,16,24,300,480,3,16,120,30,0.60,0.0041,13,13
and_or_beam,16,24,300,480,3,16,120,30,0.70,0.0040,13,13
and_or_beam,16,24,300,480,3,16,120,30,0.80,0.0040,13,13
and_or_beam,16,24,300,480,3,16,120,40,0.60,0.0040,13,13
and_or_beam,16,24,300,480,3,16,120,40,0.70,0.0039,13,13
and_or_beam,16,24,300,480,3,16,120,40,0.80,0.0042,13,13
and_or_beam,16,24,300,480,3,16,180,30,0.60,0.0039,13,13
and_or_beam,16,24,300,480,3,16,180,30,0.70,0.0040,13,13
and_or_beam,16,24,300,480,3,16,180,30,0.80,0.0072,13,13
and_or_beam,16,24,300,480,3,16,180,40,0.60,0.0041,13,13
and_or_beam,16,24,300,480,3,16,180,40,0.70,0.0037,13,13
and_or_beam,16,24,300,480,3,16,180,40,0.80,0.0038,13,13
and_or_beam,16,24,300,480,4,12,120,30,0.60,0.0041,13,13
and_or_beam,16,24,300,480,4,12,120,30,0.70,0.0044,13,13
and_or_beam,16,24,300,480,4,12,120,30,0.80,0.0040,13,13
and_or_beam,16,24,300,480,4,12,120,40,0.60,0.0042,13,13
and_or_beam,16,24,300,480,4,12,120,40,0.70,0.0041,13,13
and_or_beam,16,24,300,480,4,12,120,40,0.80,0.0048,13,13
and_or_beam,16,24,300,480,4,12,180,30,0.60,0.0041,13,13
and_or_beam,16,24,300,480,4,12,180,30,0.70,0.0041,13,13
and_or_beam,16,24,300,480,4,12,180,30,0.80,0.0044,13,13
and_or_beam,16,24,300,480,4,12,180,40,0.60,0.0047,13,13
and_or_beam,16,24,300,480,4,12,180,40,0.70,0.0042,13,13
and_or_beam,16,24,300,480,4,12,180,40,0.80,0.0042,13,13
and_or_beam,16,24,300,480,4,16,120,30,0.60,0.0045,13,13
and_or_beam,16,24,300,480,4,16,120,30,0.70,0.0042,13,13
and_or_beam,16,24,300,480,4,16,120,30,0.80,0.0041,13,13
and_or_beam,16,24,300,480,4,16,120,40,0.60,0.0041,13,13
and_or_beam,16,24,300,480,4,16,120,40,0.70,0.0042,13,13
and_or_beam,16,24,300,480,4,16,120,40,0.80,0.0042,13,13
and_or_beam,16,24,300,480,4,16,180,30,0.60,0.0042,13,13
and_or_beam,16,24,300,480,4,16,180,30,0.70,0.0042,13,13
and_or_beam,16,24,300,480,4,16,180,30,0.80,0.0041,13,13
and_or_beam,16,24,300,480,4,16,180,40,0.60,0.0041,13,13
and_or_beam,16,24,300,480,4,16,180,40,0.70,0.0040,13,13
and_or_beam,16,24,300,480,4,16,180,40,0.80,0.0040,13,13
and_or_beam,16,24,300,720,2,12,120,30,0.60,0.0035,13,13
and_or_beam,16,24,300,720,2,12,120,30,0.70,0.0033,13,13
and_or_beam,16,24,300,720,2,12,120,30,0.80,0.0033,13,13
and_or_beam,16,24,300,720,2,12,120,40,0.60,0.0034,13,13
and_or_beam,16,24,300,720,2,12,120,40,0.70,0.0033,13,13
and_or_beam,16,24,300,720,2,12,120,40,0.80,0.0031,13,13
and_or_beam,16,24,300,720,2,12,180,30,0.60,0.0033,13,13
and_or_beam,16,24,300,720,2,12,180,30,0.70,0.0033,13,13
and_or_beam,16,24,300,720,2,12,180,30,0.80,0.0032,13,13
and_or_beam,16,24,300,720,2,12,180,40,0.60,0.0034,13,13
and_or_beam,16,24,300,720,2,12,180,40,0.70,0.0033,13,13
and_or_beam,16,24,300,720,2,12,180,40,0.80,0.0034,13,13
and_or_beam,16,24,300,720,2,16,120,30,0.60,0.0038,13,13
and_or_beam,16,24,300,720,2,16,120,30,0.70,0.0037,13,13
and_or_beam,16,24,300,720,2,16,120,30,0.80,0.0036,13,13
and_or_beam,16,24,300,720,2,16,120,40,0.60,0.0047,13,13
and_or_beam,16,24,300,720,2,16,120,40,0.70,0.0035,13,13
and_or_beam,16,24,300,720,2,16,120,40,0.80,0.0034,13,13
and_or_beam,16,24,300,720,2,16,180,30,0.60,0.0038,13,13
and_or_beam,16,24,300,720,2,16,180,30,0.70,0.0044,13,13
and_or_beam,16,24,300,720,2,16,180,30,0.80,0.0044,13,13
and_or_beam,16,24,300,720,2,16,180,40,0.60,0.0039,13,13
and_or_beam,16,24,300,720,2,16,180,40,0.70,0.0046,13,13
and_or_beam,16,24,300,720,2,16,180,40,0.80,0.0033,13,13
and_or_beam,16,24,300,720,3,12,120,30,0.60,0.0039,13,13
and_or_beam,16,24,300,720,3,12,120,30,0.70,0.0038,13,13
and_or_beam,16,24,300,720,3,12,120,30,0.80,0.0039,13,13
and_or_beam,16,24,300,720,3,12,120,40,0.60,0.0038,13,13
and_or_beam,16,24,300,720,3,12,120,40,0.70,0.0042,13,13
and_or_beam,16,24,300,720,3,12,120,40,0.80,0.0040,13,13
and_or_beam,16,24,300,720,3,12,180,30,0.60,0.0044,13,13
and_or_beam,16,24,300,720,3,12,180,30,0.70,0.0039,13,13
and_or_beam,16,24,300,720,3,12,180,30,0.80,0.0039,13,13
and_or_beam,16,24,300,720,3,12,180,40,0.60,0.0044,13,13
and_or_beam,16,24,300,720,3,12,180,40,0.70,0.0048,13,13
and_or_beam,16,24,300,720,3,12,180,40,0.80,0.0047,13,13
and_or_beam,16,24,300,720,3,16,120,30,0.60,0.0042,13,13
and_or_beam,16,24,300,720,3,16,120,30,0.70,0.0057,13,13
and_or_beam,16,24,300,720,3,16,120,30,0.80,0.0054,13,13
and_or_beam,16,24,300,720,3,16,120,40,0.60,0.0048,13,13
and_or_beam,16,24,300,720,3,16,120,40,0.70,0.0040,13,13
and_or_beam,16,24,300,720,3,16,120,40,0.80,0.0038,13,13
and_or_beam,16,24,300,720,3,16,180,30,0.60,0.0041,13,13
and_or_beam,16,24,300,720,3,16,180,30,0.70,0.0038,13,13
and_or_beam,16,24,300,720,3,16,180,30,0.80,0.0037,13,13
and_or_beam,16,24,300,720,3,16,180,40,0.60,0.0038,13,13
and_or_beam,16,24,300,720,3,16,180,40,0.70,0.0039,13,13
and_or_beam,16,24,300,720,3,16,180,40,0.80,0.0039,13,13
and_or_beam,16,24,300,720,4,12,120,30,0.60,0.0041,13,13
and_or_beam,16,24,300,720,4,12,120,30,0.70,0.0041,13,13
and_or_beam,16,24,300,720,4,12,120,30,0.80,0.0045,13,13
and_or_beam,16,24,300,720,4,12,120,40,0.60,0.0074,13,13
and_or_beam,16,24,300,720,4,12,120,40,0.70,0.0045,13,13
and_or_beam,16,24,300,720,4,12,120,40,0.80,0.0042,13,13
and_or_beam,16,24,300,720,4,12,180,30,0.60,0.0062,13,13
and_or_beam,16,24,300,720,4,12,180,30,0.70,0.0041,13,13
and_or_beam,16,24,300,720,4,12,180,30,0.80,0.0041,13,13
and_or_beam,16,24,300,720,4,12,180,40,0.60,0.0042,13,13
and_or_beam,16,24,300,720,4,12,180,40,0.70,0.0041,13,13
and_or_beam,16,24,300,720,4,12,180,40,0.80,0.0039,13,13
and_or_beam,16,24,300,720,4,16,120,30,0.60,0.0040,13,13
and_or_beam,16,24,300,720,4,16,120,30,0.70,0.0039,13,13
and_or_beam,16,24,300,720,4,16,120,30,0.80,0.0040,13,13
and_or_beam,16,24,300,720,4,16,120,40,0.60,0.0039,13,13
and_or_beam,16,24,300,720,4,16,120,40,0.70,0.0040,13,13
and_or_beam,16,24,300,720,4,16,120,40,0.80,0.0040,13,13
and_or_beam,16,24,300,720,4,16,180,30,0.60,0.0041,13,13
and_or_beam,16,24,300,720,4,16,180,30,0.70,0.0041,13,13
and_or_beam,16,24,300,720,4,16,180,30,0.80,0.0040,13,13
and_or_beam,16,24,300,720,4,16,180,40,0.60,0.0041,13,13
and_or_beam,16,24,300,720,4,16,180,40,0.70,0.0040,13,13
and_or_beam,16,24,300,720,4,16,180,40,0.80,0.0039,13,13
and_or_beam,16,24,600,480,2,12,120,30,0.60,0.0034,13,13
and_or_beam,16,24,600,480,2,12,120,30,0.70,0.0033,13,13
and_or_beam,16,24,600,480,2,12,120,30,0.80,0.0047,13,13
and_or_beam,16,24,600,480,2,12,120,40,0.60,0.0033,13,13
and_or_beam,16,24,600,480,2,12,120,40,0.70,0.0032,13,13
and_or_beam,16,24,600,480,2,12,120,40,0.80,0.0033,13,13
and_or_beam,16,24,600,480,2,12,180,30,0.60,0.0033,13,13
and_or_beam,16,24,600,480,2,12,180,30,0.70,0.0032,13,13
and_or_beam,16,24,600,480,2,12,180,30,0.80,0.0032,13,13
and_or_beam,16,24,600,480,2,12,180,40,0.60,0.0033,13,13
and_or_beam,16,24,600,480,2,12,180,40,0.70,0.0033,13,13
and_or_beam,16,24,600,480,2,12,180,40,0.80,0.0033,13,13
and_or_beam,16,24,600,480,2,16,120,30,0.60,0.0034,13,13
and_or_beam,16,24,600,480,2,16,120,30,0.70,0.0033,13,13
and_or_beam,16,24,600,480,2,16,120,30,0.80,0.0033,13,13
and_or_beam,16,24,600,480,2,16,120,40,0.60,0.0031,13,13
and_or_beam,16,24,600,480,2,16,120,40,0.70,0.0032,13,13
and_or_beam,16,24,600,480,2,16,120,40,0.80,0.0035,13,13
and_or_beam,16,24,600,480,2,16,180,30,0.60,0.0035,13,13
and_or_beam,16,24,600,480,2,16,180,30,0.70,0.0034,13,13
and_or_beam,16,24,600,480,2,16,180,30,0.80,0.0040,13,13
and_or_beam,16,24,600,480,2,16,180,40,0.60,0.0033,13,13
and_or_beam,16,24,600,480,2,16,180,40,0.70,0.0032,13,13
and_or_beam,16,24,600,480,2,16,180,40,0.80,0.0034,13,13
and_or_beam,16,24,600,480,3,12,120,30,0.60,0.0037,13,13
and_or_beam,16,24,600,480,3,12,120,30,0.70,0.0036,13,13
and_or_beam,16,24,600,480,3,12,120,30,0.80,0.0040,13,13
and_or_beam,16,24,600,480,3,12,120,40,0.60,0.0038,13,13
and_or_beam,16,24,600,480,3,12,120,40,0.70,0.0039,13,13
and_or_beam,16,24,600,480,3,12,120,40,0.80,0.0041,13,13
and_or_beam,16,24,600,480,3,12,180,30,0.60,0.0046,13,13
and_or_beam,16,24,600,480,3,12,180,30,0.70,0.0041,13,13
and_or_beam,16,24,600,480,3,12,180,30,0.80,0.0038,13,13
and_or_beam,16,24,600,480,3,12,180,40,0.60,0.0039,13,13
and_or_beam,16,24,600,480,3,12,180,40,0.70,0.0038,13,13
and_or_beam,16,24,600,480,3,12,180,40,0.80,0.0036,13,13
and_or_beam,16,24,600,480,3,16,120,30,0.60,0.0037,13,13
and_or_beam,16,24,600,480,3,16,120,30,0.70,0.0038,13,13
and_or_beam,16,24,600,480,3,16,120,30,0.80,0.0037,13,13
and_or_beam,16,24,600,480,3,16,120,40,0.60,0.0037,13,13
and_or_beam,16,24,600,480,3,16,120,40,0.70,0.0036,13,13
and_or_beam,16,24,600,480,3,16,120,40,0.80,0.0037,13,13
and_or_beam,16,24,600,480,3,16,180,30,0.60,0.0037,13,13
and_or_beam,16,24,600,480,3,16,180,30,0.70,0.0037,13,13
and_or_beam,16,24,600,480,3,16,180,30,0.80,0.0037,13,13
and_or_beam,16,24,600,480,3,16,180,40,0.60,0.0038,13,13
and_or_beam,16,24,600,480,3,16,180,40,0.70,0.0037,13,13
and_or_beam,16,24,600,480,3,16,180,40,0.80,0.0038,13,13
and_or_beam,16,24,600,480,4,12,120,30,0.60,0.0043,13,13
and_or_beam,16,24,600,480,4,12,120,30,0.70,0.0041,13,13
and_or_beam,16,24,600,480,4,12,120,30,0.80,0.0040,13,13
and_or_beam,16,24,600,480,4,12,120,40,0.60,0.0041,13,13
and_or_beam,16,24,600,480,4,12,120,40,0.70,0.0042,13,13
and_or_beam,16,24,600,480,4,12,120,40,0.80,0.0039,13,13
and_or_beam,16,24,600,480,4,12,180,30,0.60,0.0039,13,13
and_or_beam,16,24,600,480,4,12,180,30,0.70,0.0039,13,13
and_or_beam,16,24,600,480,4,12,180,30,0.80,0.0039,13,13
and_or_beam,16,24,600,480,4,12,180,40,0.60,0.0039,13,13
and_or_beam,16,24,600,480,4,12,180,40,0.70,0.0039,13,13
and_or_beam,16,24,600,480,4,12,180,40,0.80,0.0039,13,13
and_or_beam,16,24,600,480,4,16,120,30,0.60,0.0038,13,13
and_or_beam,16,24,600,480,4,16,120,30,0.70,0.0039,13,13
and_or_beam,16,24,600,480,4,16,120,30,0.80,0.0040,13,13
and_or_beam,16,24,600,480,4,16,120,40,0.60,0.0039,13,13
and_or_beam,16,24,600,480,4,16,120,40,0.70,0.0040,13,13
and_or_beam,16,24,600,480,4,16,120,40,0.80,0.0042,13,13
and_or_beam,16,24,600,480,4,16,180,30,0.60,0.0041,13,13
and_or_beam,16,24,600,480,4,16,180,30,0.70,0.0039,13,13
and_or_beam,16,24,600,480,4,16,180,30,0.80,0.0039,13,13
and_or_beam,16,24,600,480,4,16,180,40,0.60,0.0039,13,13
and_or_beam,16,24,600,480,4,16,180,40,0.70,0.0040,13,13
and_or_beam,16,24,600,480,4,16,180,40,0.80,0.0040,13,13
and_or_beam,16,24,600,720,2,12,120,30,0.60,0.0031,13,13
and_or_beam,16,24,600,720,2,12,120,30,0.70,0.0032,13,13
and_or_beam,16,24,600,720,2,12,120,30,0.80,0.0033,13,13
and_or_beam,16,24,600,720,2,12,120,40,0.60,0.0032,13,13
and_or_beam,16,24,600,720,2,12,120,40,0.70,0.0033,13,13
and_or_beam,16,24,600,720,2,12,120,40,0.80,0.0033,13,13
and_or_beam,16,24,600,720,2,12,180,30,0.60,0.0032,13,13
and_or_beam,16,24,600,720,2,12,180,30,0.70,0.0034,13,13
and_or_beam,16,24,600,720,2,12,180,30,0.80,0.0033,13,13
and_or_beam,16,24,600,720,2,12,180,40,0.60,0.0034,13,13
and_or_beam,16,24,600,720,2,12,180,40,0.70,0.0032,13,13
and_or_beam,16,24,600,720,2,12,180,40,0.80,0.0032,13,13
and_or_beam,16,24,600,720,2,16,120,30,0.60,0.0033,13,13
and_or_beam,16,24,600,720,2,16,120,30,0.70,0.0033,13,13
and_or_beam,16,24,600,720,2,16,120,30,0.80,0.0034,13,13
and_or_beam,16,24,600,720,2,16,120,40,0.60,0.0033,13,13
and_or_beam,16,24,600,720,2,16,120,40,0.70,0.0034,13,13
and_or_beam,16,24,600,720,2,16,120,40,0.80,0.0033,13,13
and_or_beam,16,24,600,720,2,16,180,30,0.60,0.0034,13,13
and_or_beam,16,24,600,720,2,16,180,30,0.70,0.0035,13,13
and_or_beam,16,24,600,720,2,16,180,30,0.80,0.0037,13,13
and_or_beam,16,24,600,720,2,16,180,40,0.60,0.0036,13,13
and_or_beam,16,24,600,720,2,16,180,40,0.70,0.0035,13,13
and_or_beam,16,24,600,720,2,16,180,40,0.80,0.0035,13,13
and_or_beam,16,24,600,720,3,12,120,30,0.60,0.0040,13,13
and_or_beam,16,24,600,720,3,12,120,30,0.70,0.0043,13,13
and_or_beam,16,24,600,720,3,12,120,30,0.80,0.0040,13,13
and_or_beam,16,24,600,720,3,12,120,40,0.60,0.0041,13,13
and_or_beam,16,24,600,720,3,12,120,40,0.70,0.0039,13,13
and_or_beam,16,24,600,720,3,12,120,40,0.80,0.0038,13,13
and_or_beam,16,24,600,720,3,12,180,30,0.60,0.0039,13,13
and_or_beam,16,24,600,720,3,12,180,30,0.70,0.0039,13,13
and_or_beam,16,24,600,720,3,12,180,30,0.80,0.0039,13,13
and_or_beam,16,24,600,720,3,12,180,40,0.60,0.0038,13,13
and_or_beam,16,24,600,720,3,12,180,40,0.70,0.0039,13,13
and_or_beam,16,24,600,720,3,12,180,40,0.80,0.0038,13,13
and_or_beam,16,24,600,720,3,16,120,30,0.60,0.0039,13,13
and_or_beam,16,24,600,720,3,16,120,30,0.70,0.0041,13,13
and_or_beam,16,24,600,720,3,16,120,30,0.80,0.0040,13,13
and_or_beam,16,24,600,720,3,16,120,40,0.60,0.0038,13,13
and_or_beam,16,24,600,720,3,16,120,40,0.70,0.0039,13,13
and_or_beam,16,24,600,720,3,16,120,40,0.80,0.0038,13,13
and_or_beam,16,24,600,720,3,16,180,30,0.60,0.0038,13,13
and_or_beam,16,24,600,720,3,16,180,30,0.70,0.0036,13,13
and_or_beam,16,24,600,720,3,16,180,30,0.80,0.0037,13,13
and_or_beam,16,24,600,720,3,16,180,40,0.60,0.0038,13,13
and_or_beam,16,24,600,720,3,16,180,40,0.70,0.0036,13,13
and_or_beam,16,24,600,720,3,16,180,40,0.80,0.0037,13,13
and_or_beam,16,24,600,720,4,12,120,30,0.60,0.0041,13,13
and_or_beam,16,24,600,720,4,12,120,30,0.70,0.0039,13,13
and_or_beam,16,24,600,720,4,12,120,30,0.80,0.0039,13,13
and_or_beam,16,24,600,720,4,12,120,40,0.60,0.0039,13,13
and_or_beam,16,24,600,720,4,12,120,40,0.70,0.0039,13,13
and_or_beam,16,24,600,720,4,12,120,40,0.80,0.0042,13,13
and_or_beam,16,24,600,720,4,12,180,30,0.60,0.0040,13,13
and_or_beam,16,24,600,720,4,12,180,30,0.70,0.0041,13,13
and_or_beam,16,24,600,720,4,12,180,30,0.80,0.0042,13,13
and_or_beam,16,24,600,720,4,12,180,40,0.60,0.0042,13,13
and_or_beam,16,24,600,720,4,12,180,40,0.70,0.0042,13,13
and_or_beam,16,24,600,720,4,12,180,40,0.80,0.0041,13,13
and_or_beam,16,24,600,720,4,16,120,30,0.60,0.0041,13,13
and_or_beam,16,24,600,720,4,16,120,30,0.70,0.0043,13,13
and_or_beam,16,24,600,720,4,16,120,30,0.80,0.0043,13,13
and_or_beam,16,24,600,720,4,16,120,40,0.60,0.0043,13,13
and_or_beam,16,24,600,720,4,16,120,40,0.70,0.0046,13,13
and_or_beam,16,24,600,720,4,16,120,40,0.80,0.0042,13,13
and_or_beam,16,24,600,720,4,16,180,30,0.60,0.0042,13,13
and_or_beam,16,24,600,720,4,16,180,30,0.70,0.0045,13,13
and_or_beam,16,24,600,720,4,16,180,30,0.80,0.0044,13,13
and_or_beam,16,24,600,720,4,16,180,40,0.60,0.0043,13,13
and_or_beam,16,24,600,720,4,16,180,40,0.70,0.0042,13,13
and_or_beam,16,24,600,720,4,16,180,40,0.80,0.0043,13,13
and_or_beam,16,36,300,480,2,12,120,30,0.60,0.0036,13,13
and_or_beam,16,36,300,480,2,12,120,30,0.70,0.0033,13,13
and_or_beam,16,36,300,480,2,12,120,30,0.80,0.0033,13,13
and_or_beam,16,36,300,480,2,12,120,40,0.60,0.0034,13,13
and_or_beam,16,36,300,480,2,12,120,40,0.70,0.0035,13,13
and_or_beam,16,36,300,480,2,12,120,40,0.80,0.0034,13,13
and_or_beam,16,36,300,480,2,12,180,30,0.60,0.0034,13,13
and_or_beam,16,36,300,480,2,12,180,30,0.70,0.0036,13,13
and_or_beam,16,36,300,480,2,12,180,30,0.80,0.0036,13,13
and_or_beam,16,36,300,480,2,12,180,40,0.60,0.0034,13,13
and_or_beam,16,36,300,480,2,12,180,40,0.70,0.0035,13,13
and_or_beam,16,36,300,480,2,12,180,40,0.80,0.0034,13,13
and_or_beam,16,36,300,480,2,16,120,30,0.60,0.0033,13,13
and_or_beam,16,36,300,480,2,16,120,30,0.70,0.0039,13,13
and_or_beam,16,36,300,480,2,16,120,30,0.80,0.0035,13,13
and_or_beam,16,36,300,480,2,16,120,40,0.60,0.0034,13,13
and_or_beam,16,36,300,480,2,16,120,40,0.70,0.0033,13,13
and_or_beam,16,36,300,480,2,16,120,40,0.80,0.0034,13,13
and_or_beam,16,36,300,480,2,16,180,30,0.60,0.0034,13,13
and_or_beam,16,36,300,480,2,16,180,30,0.70,0.0036,13,13
and_or_beam,16,36,300,480,2,16,180,30,0.80,0.0035,13,13
and_or_beam,16,36,300,480,2,16,180,40,0.60,0.0037,13,13
and_or_beam,16,36,300,480,2,16,180,40,0.70,0.0036,13,13
and_or_beam,16,36,300,480,2,16,180,40,0.80,0.0043,13,13
and_or_beam,16,36,300,480,3,12,120,30,0.60,0.0041,13,13
and_or_beam,16,36,300,480,3,12,120,30,0.70,0.0038,13,13
and_or_beam,16,36,300,480,3,12,120,30,0.80,0.0039,13,13
and_or_beam,16,36,300,480,3,12,120,40,0.60,0.0045,13,13
and_or_beam,16,36,300,480,3,12,120,40,0.70,0.0043,13,13
and_or_beam,16,36,300,480,3,12,120,40,0.80,0.0048,13,13
and_or_beam,16,36,300,480,3,12,180,30,0.60,0.0048,13,13
and_or_beam,16,36,300,480,3,12,180,30,0.70,0.0041,13,13
and_or_beam,16,36,300,480,3,12,180,30,0.80,0.0044,13,13
and_or_beam,16,36,300,480,3,12,180,40,0.60,0.0045,13,13
and_or_beam,16,36,300,480,3,12,180,40,0.70,0.0045,13,13
and_or_beam,16,36,300,480,3,12,180,40,0.80,0.0038,13,13
and_or_beam,16,36,300,480,3,16,120,30,0.60,0.0037,13,13
and_or_beam,16,36,300,480,3,16,120,30,0.70,0.0050,13,13
and_or_beam,16,36,300,480,3,16,120,30,0.80,0.0054,13,13
and_or_beam,16,36,300,480,3,16,120,40,0.60,0.0038,13,13
and_or_beam,16,36,300,480,3,16,120,40,0.70,0.0038,13,13
and_or_beam,16,36,300,480,3,16,120,40,0.80,0.0050,13,13
and_or_beam,16,36,300,480,3,16,180,30,0.60,0.0048,13,13
and_or_beam,16,36,300,480,3,16,180,30,0.70,0.0040,13,13
and_or_beam,16,36,300,480,3,16,180,30,0.80,0.0040,13,13
and_or_beam,16,36,300,480,3,16,180,40,0.60,0.0042,13,13
and_or_beam,16,36,300,480,3,16,180,40,0.70,0.0038,13,13
and_or_beam,16,36,300,480,3,16,180,40,0.80,0.0038,13,13
and_or_beam,16,36,300,480,4,12,120,30,0.60,0.0042,13,13
and_or_beam,16,36,300,480,4,12,120,30,0.70,0.0051,13,13
and_or_beam,16,36,300,480,4,12,120,30,0.80,0.0048,13,13
and_or_beam,16,36,300,480,4,12,120,40,0.60,0.0043,13,13
and_or_beam,16,36,300,480,4,12,120,40,0.70,0.0042,13,13
and_or_beam,16,36,300,480,4,12,120,40,0.80,0.0042,13,13
and_or_beam,16,36,300,480,4,12,180,30,0.60,0.0041,13,13
and_or_beam,16,36,300,480,4,12,180,30,0.70,0.0041,13,13
and_or_beam,16,36,300,480,4,12,180,30,0.80,0.0042,13,13
and_or_beam,16,36,300,480,4,12,180,40,0.60,0.0043,13,13
and_or_beam,16,36,300,480,4,12,180,40,0.70,0.0042,13,13
and_or_beam,16,36,300,480,4,12,180,40,0.80,0.0043,13,13
and_or_beam,16,36,300,480,4,16,120,30,0.60,0.0043,13,13
and_or_beam,16,36,300,480,4,16,120,30,0.70,0.0042,13,13
and_or_beam,16,36,300,480,4,16,120,30,0.80,0.0042,13,13
and_or_beam,16,36,300,480,4,16,120,40,0.60,0.0043,13,13
and_or_beam,16,36,300,480,4,16,120,40,0.70,0.0046,13,13
and_or_beam,16,36,300,480,4,16,120,40,0.80,0.0043,13,13
and_or_beam,16,36,300,480,4,16,180,30,0.60,0.0044,13,13
and_or_beam,16,36,300,480,4,16,180,30,0.70,0.0043,13,13
and_or_beam,16,36,300,480,4,16,180,30,0.80,0.0041,13,13
and_or_beam,16,36,300,480,4,16,180,40,0.60,0.0047,13,13
and_or_beam,16,36,300,480,4,16,180,40,0.70,0.0058,13,13
and_or_beam,16,36,300,480,4,16,180,40,0.80,0.0053,13,13
and_or_beam,16,36,300,720,2,12,120,30,0.60,0.0037,13,13
and_or_beam,16,36,300,720,2,12,120,30,0.70,0.0034,13,13
and_or_beam,16,36,300,720,2,12,120,30,0.80,0.0033,13,13
and_or_beam,16,36,300,720,2,12,120,40,0.60,0.0032,13,13
and_or_beam,16,36,300,720,2,12,120,40,0.70,0.0033,13,13
and_or_beam,16,36,300,720,2,12,120,40,0.80,0.0033,13,13
and_or_beam,16,36,300,720,2,12,180,30,0.60,0.0032,13,13
and_or_beam,16,36,300,720,2,12,180,30,0.70,0.0034,13,13
and_or_beam,16,36,300,720,2,12,180,30,0.80,0.0032,13,13
and_or_beam,16,36,300,720,2,12,180,40,0.60,0.0032,13,13
and_or_beam,16,36,300,720,2,12,180,40,0.70,0.0036,13,13
and_or_beam,16,36,300,720,2,12,180,40,0.80,0.0033,13,13
and_or_beam,16,36,300,720,2,16,120,30,0.60,0.0034,13,13
and_or_beam,16,36,300,720,2,16,120,30,0.70,0.0034,13,13
and_or_beam,16,36,300,720,2,16,120,30,0.80,0.0035,13,13
and_or_beam,16,36,300,720,2,16,120,40,0.60,0.0033,13,13
and_or_beam,16,36,300,720,2,16,120,40,0.70,0.0033,13,13
and_or_beam,16,36,300,720,2,16,120,40,0.80,0.0034,13,13
and_or_beam,16,36,300,720,2,16,180,30,0.60,0.0042,13,13
and_or_beam,16,36,300,720,2,16,180,30,0.70,0.0037,13,13
and_or_beam,16,36,300,720,2,16,180,30,0.80,0.0035,13,13
and_or_beam,16,36,300,720,2,16,180,40,0.60,0.0036,13,13
and_or_beam,16,36,300,720,2,16,180,40,0.70,0.0035,13,13
and_or_beam,16,36,300,720,2,16,180,40,0.80,0.0035,13,13
and_or_beam,16,36,300,720,3,12,120,30,0.60,0.0040,13,13
and_or_beam,16,36,300,720,3,12,120,30,0.70,0.0040,13,13
and_or_beam,16,36,300,720,3,12,120,30,0.80,0.0041,13,13
and_or_beam,16,36,300,720,3,12,120,40,0.60,0.0041,13,13
and_or_beam,16,36,300,720,3,12,120,40,0.70,0.0041,13,13
and_or_beam,16,36,300,720,3,12,120,40,0.80,0.0042,13,13
and_or_beam,16,36,300,720,3,12,180,30,0.60,0.0037,13,13
and_or_beam,16,36,300,720,3,12,180,30,0.70,0.0038,13,13
and_or_beam,16,36,300,720,3,12,180,30,0.80,0.0039,13,13
and_or_beam,16,36,300,720,3,12,180,40,0.60,0.0040,13,13
and_or_beam,16,36,300,720,3,12,180,40,0.70,0.0040,13,13
and_or_beam,16,36,300,720,3,12,180,40,0.80,0.0038,13,13
and_or_beam,16,36,300,720,3,16,120,30,0.60,0.0037,13,13
and_or_beam,16,36,300,720,3,16,120,30,0.70,0.0037,13,13
and_or_beam,16,36,300,720,3,16,120,30,0.80,0.0038,13,13
and_or_beam,16,36,300,720,3,16,120,40,0.60,0.0037,13,13
and_or_beam,16,36,300,720,3,16,120,40,0.70,0.0037,13,13
and_or_beam,16,36,300,720,3,16,120,40,0.80,0.0038,13,13
and_or_beam,16,36,300,720,3,16,180,30,0.60,0.0038,13,13
and_or_beam,16,36,300,720,3,16,180,30,0.70,0.0038,13,13
and_or_beam,16,36,300,720,3,16,180,30,0.80,0.0039,13,13
and_or_beam,16,36,300,720,3,16,180,40,0.60,0.0041,13,13
and_or_beam,16,36,300,720,3,16,180,40,0.70,0.0039,13,13
and_or_beam,16,36,300,720,3,16,180,40,0.80,0.0040,13,13
and_or_beam,16,36,300,720,4,12,120,30,0.60,0.0046,13,13
and_or_beam,16,36,300,720,4,12,120,30,0.70,0.0041,13,13
and_or_beam,16,36,300,720,4,12,120,30,0.80,0.0042,13,13
and_or_beam,16,36,300,720,4,12,120,40,0.60,0.0041,13,13
and_or_beam,16,36,300,720,4,12,120,40,0.70,0.0042,13,13
and_or_beam,16,36,300,720,4,12,120,40,0.80,0.0043,13,13
and_or_beam,16,36,300,720,4,12,180,30,0.60,0.0044,13,13
and_or_beam,16,36,300,720,4,12,180,30,0.70,0.0044,13,13
and_or_beam,16,36,300,720,4,12,180,30,0.80,0.0049,13,13
and_or_beam,16,36,300,720,4,12,180,40,0.60,0.0062,13,13
and_or_beam,16,36,300,720,4,12,180,40,0.70,0.0043,13,13
and_or_beam,16,36,300,720,4,12,180,40,0.80,0.0041,13,13
and_or_beam,16,36,300,720,4,16,120,30,0.60,0.0041,13,13
and_or_beam,16,36,300,720,4,16,120,30,0.70,0.0041,13,13
and_or_beam,16,36,300,720,4,16,120,30,0.80,0.0042,13,13
and_or_beam,16,36,300,720,4,16,120,40,0.60,0.0041,13,13
and_or_beam,16,36,300,720,4,16,120,40,0.70,0.0041,13,13
and_or_beam,16,36,300,720,4,16,120,40,0.80,0.0041,13,13
and_or_beam,16,36,300,720,4,16,180,30,0.60,0.0039,13,13
and_or_beam,16,36,300,720,4,16,180,30,0.70,0.0042,13,13
and_or_beam,16,36,300,720,4,16,180,30,0.80,0.0041,13,13
and_or_beam,16,36,300,720,4,16,180,40,0.60,0.0044,13,13
and_or_beam,16,36,300,720,4,16,180,40,0.70,0.0041,13,13
and_or_beam,16,36,300,720,4,16,180,40,0.80,0.0043,13,13
and_or_beam,16,36,600,480,2,12,120,30,0.60,0.0036,13,13
and_or_beam,16,36,600,480,2,12,120,30,0.70,0.0035,13,13
and_or_beam,16,36,600,480,2,12,120,30,0.80,0.0034,13,13
and_or_beam,16,36,600,480,2,12,120,40,0.60,0.0034,13,13
and_or_beam,16,36,600,480,2,12,120,40,0.70,0.0034,13,13
and_or_beam,16,36,600,480,2,12,120,40,0.80,0.0035,13,13
and_or_beam,16,36,600,480,2,12,180,30,0.60,0.0034,13,13
and_or_beam,16,36,600,480,2,12,180,30,0.70,0.0035,13,13
and_or_beam,16,36,600,480,2,12,180,30,0.80,0.0033,13,13
and_or_beam,16,36,600,480,2,12,180,40,0.60,0.0034,13,13
and_or_beam,16,36,600,480,2,12,180,40,0.70,0.0034,13,13
and_or_beam,16,36,600,480,2,12,180,40,0.80,0.0034,13,13
and_or_beam,16,36,600,480,2,16,120,30,0.60,0.0035,13,13
and_or_beam,16,36,600,480,2,16,120,30,0.70,0.0034,13,13
and_or_beam,16,36,600,480,2,16,120,30,0.80,0.0033,13,13
and_or_beam,16,36,600,480,2,16,120,40,0.60,0.0034,13,13
and_or_beam,16,36,600,480,2,16,120,40,0.70,0.0035,13,13
and_or_beam,16,36,600,480,2,16,120,40,0.80,0.0034,13,13
and_or_beam,16,36,600,480,2,16,180,30,0.60,0.0034,13,13
and_or_beam,16,36,600,480,2,16,180,30,0.70,0.0034,13,13
and_or_beam,16,36,600,480,2,16,180,30,0.80,0.0034,13,13
and_or_beam,16,36,600,480,2,16,180,40,0.60,0.0035,13,13
and_or_beam,16,36,600,480,2,16,180,40,0.70,0.0034,13,13
and_or_beam,16,36,600,480,2,16,180,40,0.80,0.0035,13,13
and_or_beam,16,36,600,480,3,12,120,30,0.60,0.0041,13,13
and_or_beam,16,36,600,480,3,12,120,30,0.70,0.0039,13,13
and_or_beam,16,36,600,480,3,12,120,30,0.80,0.0041,13,13
and_or_beam,16,36,600,480,3,12,120,40,0.60,0.0041,13,13
and_or_beam,16,36,600,480,3,12,120,40,0.70,0.0041,13,13
and_or_beam,16,36,600,480,3,12,120,40,0.80,0.0042,13,13
and_or_beam,16,36,600,480,3,12,180,30,0.60,0.0040,13,13
and_or_beam,16,36,600,480,3,12,180,30,0.70,0.0043,13,13
and_or_beam,16,36,600,480,3,12,180,30,0.80,0.0039,13,13
and_or_beam,16,36,600,480,3,12,180,40,0.60,0.0039,13,13
and_or_beam,16,36,600,480,3,12,180,40,0.70,0.0044,13,13
and_or_beam,16,36,600,480,3,12,180,40,0.80,0.0038,13,13
and_or_beam,16,36,600,480,3,16,120,30,0.60,0.0040,13,13
and_or_beam,16,36,600,480,3,16,120,30,0.70,0.0038,13,13
and_or_beam,16,36,600,480,3,16,120,30,0.80,0.0040,13,13
and_or_beam,16,36,600,480,3,16,120,40,0.60,0.0039,13,13
and_or_beam,16,36,600,480,3,16,120,40,0.70,0.0039,13,13
and_or_beam,16,36,600,480,3,16,120,40,0.80,0.0040,13,13
and_or_beam,16,36,600,480,3,16,180,30,0.60,0.0038,13,13
and_or_beam,16,36,600,480,3,16,180,30,0.70,0.0038,13,13
and_or_beam,16,36,600,480,3,16,180,30,0.80,0.0039,13,13
and_or_beam,16,36,600,480,3,16,180,40,0.60,0.0039,13,13
and_or_beam,16,36,600,480,3,16,180,40,0.70,0.0040,13,13
and_or_beam,16,36,600,480,3,16,180,40,0.80,0.0040,13,13
and_or_beam,16,36,600,480,4,12,120,30,0.60,0.0044,13,13
and_or_beam,16,36,600,480,4,12,120,30,0.70,0.0042,13,13
and_or_beam,16,36,600,480,4,12,120,30,0.80,0.0044,13,13
and_or_beam,16,36,600,480,4,12,120,40,0.60,0.0041,13,13
and_or_beam,16,36,600,480,4,12,120,40,0.70,0.0043,13,13
and_or_beam,16,36,600,480,4,12,120,40,0.80,0.0043,13,13
and_or_beam,16,36,600,480,4,12,180,30,0.60,0.0041,13,13
and_or_beam,16,36,600,480,4,12,180,30,0.70,0.0041,13,13
and_or_beam,16,36,600,480,4,12,180,30,0.80,0.0041,13,13
and_or_beam,16,36,600,480,4,12,180,40,0.60,0.0042,13,13
and_or_beam,16,36,600,480,4,12,180,40,0.70,0.0050,13,13
and_or_beam,16,36,600,480,4,12,180,40,0.80,0.0040,13,13
and_or_beam,16,36,600,480,4,16,120,30,0.60,0.0042,13,13
and_or_beam,16,36,600,480,4,16,120,30,0.70,0.0041,13,13
and_or_beam,16,36,600,480,4,16,120,30,0.80,0.0039,13,13
and_or_beam,16,36,600,480,4,16,120,40,0.60,0.0039,13,13
and_or_beam,16,36,600,480,4,16,120,40,0.70,0.0039,13,13
and_or_beam,16,36,600,480,4,16,120,40,0.80,0.0041,13,13
and_or_beam,16,36,600,480,4,16,180,30,0.60,0.0039,13,13
and_or_beam,16,36,600,480,4,16,180,30,0.70,0.0039,13,13
and_or_beam,16,36,600,480,4,16,180,30,0.80,0.0039,13,13
and_or_beam,16,36,600,480,4,16,180,40,0.60,0.0039,13,13
and_or_beam,16,36,600,480,4,16,180,40,0.70,0.0039,13,13
and_or_beam,16,36,600,480,4,16,180,40,0.80,0.0040,13,13
and_or_beam,16,36,600,720,2,12,120,30,0.60,0.0032,13,13
and_or_beam,16,36,600,720,2,12,120,30,0.70,0.0034,13,13
and_or_beam,16,36,600,720,2,12,120,30,0.80,0.0032,13,13
and_or_beam,16,36,600,720,2,12,120,40,0.60,0.0037,13,13
and_or_beam,16,36,600,720,2,12,120,40,0.70,0.0033,13,13
and_or_beam,16,36,600,720,2,12,120,40,0.80,0.0032,13,13
and_or_beam,16,36,600,720,2,12,180,30,0.60,0.0035,13,13
and_or_beam,16,36,600,720,2,12,180,30,0.70,0.0035,13,13
and_or_beam,16,36,600,720,2,12,180,30,0.80,0.0033,13,13
and_or_beam,16,36,600,720,2,12,180,40,0.60,0.0034,13,13
and_or_beam,16,36,600,720,2,12,180,40,0.70,0.0036,13,13
and_or_beam,16,36,600,720,2,12,180,40,0.80,0.0034,13,13
and_or_beam,16,36,600,720,2,16,120,30,0.60,0.0035,13,13
and_or_beam,16,36,600,720,2,16,120,30,0.70,0.0033,13,13
and_or_beam,16,36,600,720,2,16,120,30,0.80,0.0036,13,13
and_or_beam,16,36,600,720,2,16,120,40,0.60,0.0034,13,13
and_or_beam,16,36,600,720,2,16,120,40,0.70,0.0035,13,13
and_or_beam,16,36,600,720,2,16,120,40,0.80,0.0033,13,13
and_or_beam,16,36,600,720,2,16,180,30,0.60,0.0033,13,13
and_or_beam,16,36,600,720,2,16,180,30,0.70,0.0032,13,13
and_or_beam,16,36,600,720,2,16,180,30,0.80,0.0035,13,13
and_or_beam,16,36,600,720,2,16,180,40,0.60,0.0033,13,13
and_or_beam,16,36,600,720,2,16,180,40,0.70,0.0033,13,13
and_or_beam,16,36,600,720,2,16,180,40,0.80,0.0033,13,13
and_or_beam,16,36,600,720,3,12,120,30,0.60,0.0038,13,13
and_or_beam,16,36,600,720,3,12,120,30,0.70,0.0039,13,13
and_or_beam,16,36,600,720,3,12,120,30,0.80,0.0038,13,13
and_or_beam,16,36,600,720,3,12,120,40,0.60,0.0042,13,13
and_or_beam,16,36,600,720,3,12,120,40,0.70,0.0045,13,13
and_or_beam,16,36,600,720,3,12,120,40,0.80,0.0043,13,13
and_or_beam,16,36,600,720,3,12,180,30,0.60,0.0043,13,13
and_or_beam,16,36,600,720,3,12,180,30,0.70,0.0043,13,13
and_or_beam,16,36,600,720,3,12,180,30,0.80,0.0059,13,13
and_or_beam,16,36,600,720,3,12,180,40,0.60,0.0050,13,13
and_or_beam,16,36,600,720,3,12,180,40,0.70,0.0064,13,13
and_or_beam,16,36,600,720,3,12,180,40,0.80,0.0038,13,13
and_or_beam,16,36,600,720,3,16,120,30,0.60,0.0039,13,13
and_or_beam,16,36,600,720,3,16,120,30,0.70,0.0038,13,13
and_or_beam,16,36,600,720,3,16,120,30,0.80,0.0038,13,13
and_or_beam,16,36,600,720,3,16,120,40,0.60,0.0041,13,13
and_or_beam,16,36,600,720,3,16,120,40,0.70,0.0041,13,13
and_or_beam,16,36,600,720,3,16,120,40,0.80,0.0042,13,13
and_or_beam,16,36,600,720,3,16,180,30,0.60,0.0044,13,13
and_or_beam,16,36,600,720,3,16,180,30,0.70,0.0042,13,13
and_or_beam,16,36,600,720,3,16,180,30,0.80,0.0041,13,13
and_or_beam,16,36,600,720,3,16,180,40,0.60,0.0046,13,13
and_or_beam,16,36,600,720,3,16,180,40,0.70,0.0042,13,13
and_or_beam,16,36,600,720,3,16,180,40,0.80,0.0041,13,13
and_or_beam,16,36,600,720,4,12,120,30,0.60,0.0044,13,13
and_or_beam,16,36,600,720,4,12,120,30,0.70,0.0044,13,13
and_or_beam,16,36,600,720,4,12,120,30,0.80,0.0048,13,13
and_or_beam,16,36,600,720,4,12,120,40,0.60,0.0045,13,13
and_or_beam,16,36,600,720,4,12,120,40,0.70,0.0048,13,13
and_or_beam,16,36,600,720,4,12,120,40,0.80,0.0049,13,13
and_or_beam,16,36,600,720,4,12,180,30,0.60,0.0044,13,13
and_or_beam,16,36,600,720,4,12,180,30,0.70,0.0044,13,13
and_or_beam,16,36,600,720,4,12,180,30,0.80,0.0043,13,13
and_or_beam,16,36,600,720,4,12,180,40,0.60,0.0043,13,13
and_or_beam,16,36,600,720,4,12,180,40,0.70,0.0044,13,13
and_or_beam,16,36,600,720,4,12,180,40,0.80,0.0047,13,13
and_or_beam,16,36,600,720,4,16,120,30,0.60,0.0045,13,13
and_or_beam,16,36,600,720,4,16,120,30,0.70,0.0043,13,13
and_or_beam,16,36,600,720,4,16,120,30,0.80,0.0042,13,13
and_or_beam,16,36,600,720,4,16,120,40,0.60,0.0042,13,13
and_or_beam,16,36,600,720,4,16,120,40,0.70,0.0041,13,13
and_or_beam,16,36,600,720,4,16,120,40,0.80,0.0044,13,13
and_or_beam,16,36,600,720,4,16,180,30,0.60,0.0042,13,13
and_or_beam,16,36,600,720,4,16,180,30,0.70,0.0044,13,13
and_or_beam,16,36,600,720,4,16,180,30,0.80,0.0043,13,13
and_or_beam,16,36,600,720,4,16,180,40,0.60,0.0045,13,13
and_or_beam,16,36,600,720,4,16,180,40,0.70,0.0044,13,13
and_or_beam,16,36,600,720,4,16,180,40,0.80,0.0043,13,13
and_or_beam,16,48,300,480,2,12,120,30,0.60,0.0036,13,13
and_or_beam,16,48,300,480,2,12,120,30,0.70,0.0036,13,13
and_or_beam,16,48,300,480,2,12,120,30,0.80,0.0036,13,13
and_or_beam,16,48,300,480,2,12,120,40,0.60,0.0036,13,13
and_or_beam,16,48,300,480,2,12,120,40,0.70,0.0035,13,13
and_or_beam,16,48,300,480,2,12,120,40,0.80,0.0036,13,13
and_or_beam,16,48,300,480,2,12,180,30,0.60,0.0039,13,13
and_or_beam,16,48,300,480,2,12,180,30,0.70,0.0036,13,13
and_or_beam,16,48,300,480,2,12,180,30,0.80,0.0036,13,13
and_or_beam,16,48,300,480,2,12,180,40,0.60,0.0037,13,13
and_or_beam,16,48,300,480,2,12,180,40,0.70,0.0037,13,13
and_or_beam,16,48,300,480,2,12,180,40,0.80,0.0036,13,13
and_or_beam,16,48,300,480,2,16,120,30,0.60,0.0036,13,13
and_or_beam,16,48,300,480,2,16,120,30,0.70,0.0034,13,13
and_or_beam,16,48,300,480,2,16,120,30,0.80,0.0034,13,13
and_or_beam,16,48,300,480,2,16,120,40,0.60,0.0038,13,13
and_or_beam,16,48,300,480,2,16,120,40,0.70,0.0036,13,13
and_or_beam,16,48,300,480,2,16,120,40,0.80,0.0037,13,13
and_or_beam,16,48,300,480,2,16,180,30,0.60,0.0038,13,13
and_or_beam,16,48,300,480,2,16,180,30,0.70,0.0038,13,13
and_or_beam,16,48,300,480,2,16,180,30,0.80,0.0036,13,13
and_or_beam,16,48,300,480,2,16,180,40,0.60,0.0036,13,13
and_or_beam,16,48,300,480,2,16,180,40,0.70,0.0036,13,13
and_or_beam,16,48,300,480,2,16,180,40,0.80,0.0036,13,13
and_or_beam,16,48,300,480,3,12,120,30,0.60,0.0041,13,13
and_or_beam,16,48,300,480,3,12,120,30,0.70,0.0040,13,13
and_or_beam,16,48,300,480,3,12,120,30,0.80,0.0040,13,13
and_or_beam,16,48,300,480,3,12,120,40,0.60,0.0041,13,13
and_or_beam,16,48,300,480,3,12,120,40,0.70,0.0041,13,13
and_or_beam,16,48,300,480,3,12,120,40,0.80,0.0042,13,13
and_or_beam,16,48,300,480,3,12,180,30,0.60,0.0040,13,13
and_or_beam,16,48,300,480,3,12,180,30,0.70,0.0044,13,13
and_or_beam,16,48,300,480,3,12,180,30,0.80,0.0050,13,13
and_or_beam,16,48,300,480,3,12,180,40,0.60,0.0044,13,13
and_or_beam,16,48,300,480,3,12,180,40,0.70,0.0045,13,13
and_or_beam,16,48,300,480,3,12,180,40,0.80,0.0043,13,13
and_or_beam,16,48,300,480,3,16,120,30,0.60,0.0039,13,13
and_or_beam,16,48,300,480,3,16,120,30,0.70,0.0048,13,13
and_or_beam,16,48,300,480,3,16,120,30,0.80,0.0038,13,13
and_or_beam,16,48,300,480,3,16,120,40,0.60,0.0038,13,13
and_or_beam,16,48,300,480,3,16,120,40,0.70,0.0041,13,13
and_or_beam,16,48,300,480,3,16,120,40,0.80,0.0040,13,13
and_or_beam,16,48,300,480,3,16,180,30,0.60,0.0040,13,13
and_or_beam,16,48,300,480,3,16,180,30,0.70,0.0040,13,13
and_or_beam,16,48,300,480,3,16,180,30,0.80,0.0039,13,13
and_or_beam,16,48,300,480,3,16,180,40,0.60,0.0041,13,13
and_or_beam,16,48,300,480,3,16,180,40,0.70,0.0042,13,13
and_or_beam,16,48,300,480,3,16,180,40,0.80,0.0040,13,13
and_or_beam,16,48,300,480,4,12,120,30,0.60,0.0044,13,13
and_or_beam,16,48,300,480,4,12,120,30,0.70,0.0042,13,13
and_or_beam,16,48,300,480,4,12,120,30,0.80,0.0043,13,13
and_or_beam,16,48,300,480,4,12,120,40,0.60,0.0041,13,13
and_or_beam,16,48,300,480,4,12,120,40,0.70,0.0041,13,13
and_or_beam,16,48,300,480,4,12,120,40,0.80,0.0042,13,13
and_or_beam,16,48,300,480,4,12,180,30,0.60,0.0043,13,13
and_or_beam,16,48,300,480,4,12,180,30,0.70,0.0044,13,13
and_or_beam,16,48,300,480,4,12,180,30,0.80,0.0043,13,13
and_or_beam,16,48,300,480,4,12,180,40,0.60,0.0045,13,13
and_or_beam,16,48,300,480,4,12,180,40,0.70,0.0043,13,13
and_or_beam,16,48,300,480,4,12,180,40,0.80,0.0041,13,13
and_or_beam,16,48,300,480,4,16,120,30,0.60,0.0041,13,13
and_or_beam,16,48,300,480,4,16,120,30,0.70,0.0045,13,13
and_or_beam,16,48,300,480,4,16,120,30,0.80,0.0042,13,13
and_or_beam,16,48,300,480,4,16,120,40,0.60,0.0042,13,13
and_or_beam,16,48,300,480,4,16,120,40,0.70,0.0042,13,13
and_or_beam,16,48,300,480,4,16,120,40,0.80,0.0043,13,13
and_or_beam,16,48,300,480,4,16,180,30,0.60,0.0044,13,13
and_or_beam,16,48,300,480,4,16,180,30,0.70,0.0048,13,13
and_or_beam,16,48,300,480,4,16,180,30,0.80,0.0042,13,13
and_or_beam,16,48,300,480,4,16,180,40,0.60,0.0043,13,13
and_or_beam,16,48,300,480,4,16,180,40,0.70,0.0041,13,13
and_or_beam,16,48,300,480,4,16,180,40,0.80,0.0040,13,13
and_or_beam,16,48,300,720,2,12,120,30,0.60,0.0032,13,13
and_or_beam,16,48,300,720,2,12,120,30,0.70,0.0032,13,13
and_or_beam,16,48,300,720,2,12,120,30,0.80,0.0034,13,13
and_or_beam,16,48,300,720,2,12,120,40,0.60,0.0033,13,13
and_or_beam,16,48,300,720,2,12,120,40,0.70,0.0033,13,13
and_or_beam,16,48,300,720,2,12,120,40,0.80,0.0033,13,13
and_or_beam,16,48,300,720,2,12,180,30,0.60,0.0034,13,13
and_or_beam,16,48,300,720,2,12,180,30,0.70,0.0034,13,13
and_or_beam,16,48,300,720,2,12,180,30,0.80,0.0034,13,13
and_or_beam,16,48,300,720,2,12,180,40,0.60,0.0034,13,13
and_or_beam,16,48,300,720,2,12,180,40,0.70,0.0034,13,13
and_or_beam,16,48,300,720,2,12,180,40,0.80,0.0034,13,13
and_or_beam,16,48,300,720,2,16,120,30,0.60,0.0034,13,13
and_or_beam,16,48,300,720,2,16,120,30,0.70,0.0033,13,13
and_or_beam,16,48,300,720,2,16,120,30,0.80,0.0034,13,13
and_or_beam,16,48,300,720,2,16,120,40,0.60,0.0033,13,13
and_or_beam,16,48,300,720,2,16,120,40,0.70,0.0036,13,13
and_or_beam,16,48,300,720,2,16,120,40,0.80,0.0036,13,13
and_or_beam,16,48,300,720,2,16,180,30,0.60,0.0035,13,13
and_or_beam,16,48,300,720,2,16,180,30,0.70,0.0035,13,13
and_or_beam,16,48,300,720,2,16,180,30,0.80,0.0034,13,13
and_or_beam,16,48,300,720,2,16,180,40,0.60,0.0036,13,13
and_or_beam,16,48,300,720,2,16,180,40,0.70,0.0035,13,13
and_or_beam,16,48,300,720,2,16,180,40,0.80,0.0036,13,13
and_or_beam,16,48,300,720,3,12,120,30,0.60,0.0039,13,13
and_or_beam,16,48,300,720,3,12,120,30,0.70,0.0041,13,13
and_or_beam,16,48,300,720,3,12,120,30,0.80,0.0039,13,13
and_or_beam,16,48,300,720,3,12,120,40,0.60,0.0041,13,13
and_or_beam,16,48,300,720,3,12,120,40,0.70,0.0041,13,13
and_or_beam,16,48,300,720,3,12,120,40,0.80,0.0039,13,13
and_or_beam,16,48,300,720,3,12,180,30,0.60,0.0039,13,13
and_or_beam,16,48,300,720,3,12,180,30,0.70,0.0039,13,13
and_or_beam,16,48,300,720,3,12,180,30,0.80,0.0040,13,13
and_or_beam,16,48,300,720,3,12,180,40,0.60,0.0048,13,13
and_or_beam,16,48,300,720,3,12,180,40,0.70,0.0047,13,13
and_or_beam,16,48,300,720,3,12,180,40,0.80,0.0042,13,13
and_or_beam,16,48,300,720,3,16,120,30,0.60,0.0045,13,13
and_or_beam,16,48,300,720,3,16,120,30,0.70,0.0044,13,13
and_or_beam,16,48,300,720,3,16,120,30,0.80,0.0043,13,13
and_or_beam,16,48,300,720,3,16,120,40,0.60,0.0043,13,13
and_or_beam,16,48,300,720,3,16,120,40,0.70,0.0045,13,13
and_or_beam,16,48,300,720,3,16,120,40,0.80,0.0045,13,13
and_or_beam,16,48,300,720,3,16,180,30,0.60,0.0041,13,13
and_or_beam,16,48,300,720,3,16,180,30,0.70,0.0048,13,13
and_or_beam,16,48,300,720,3,16,180,30,0.80,0.0047,13,13
and_or_beam,16,48,300,720,3,16,180,40,0.60,0.0040,13,13
and_or_beam,16,48,300,720,3,16,180,40,0.70,0.0039,13,13
and_or_beam,16,48,300,720,3,16,180,40,0.80,0.0050,13,13
and_or_beam,16,48,300,720,4,12,120,30,0.60,0.0051,13,13
and_or_beam,16,48,300,720,4,12,120,30,0.70,0.0047,13,13
and_or_beam,16,48,300,720,4,12,120,30,0.80,0.0042,13,13
and_or_beam,16,48,300,720,4,12,120,40,0.60,0.0057,13,13
and_or_beam,16,48,300,720,4,12,120,40,0.70,0.0045,13,13
and_or_beam,16,48,300,720,4,12,120,40,0.80,0.0040,13,13
and_or_beam,16,48,300,720,4,12,180,30,0.60,0.0040,13,13
and_or_beam,16,48,300,720,4,12,180,30,0.70,0.0047,13,13
and_or_beam,16,48,300,720,4,12,180,30,0.80,0.0046,13,13
and_or_beam,16,48,300,720,4,12,180,40,0.60,0.0046,13,13
and_or_beam,16,48,300,720,4,12,180,40,0.70,0.0042,13,13
and_or_beam,16,48,300,720,4,12,180,40,0.80,0.0041,13,13
and_or_beam,16,48,300,720,4,16,120,30,0.60,0.0041,13,13
and_or_beam,16,48,300,720,4,16,120,30,0.70,0.0059,13,13
and_or_beam,16,48,300,720,4,16,120,30,0.80,0.0046,13,13
and_or_beam,16,48,300,720,4,16,120,40,0.60,0.0040,13,13
and_or_beam,16,48,300,720,4,16,120,40,0.70,0.0043,13,13
and_or_beam,16,48,300,720,4,16,120,40,0.80,0.0054,13,13
and_or_beam,16,48,300,720,4,16,180,30,0.60,0.0043,13,13
and_or_beam,16,48,300,720,4,16,180,30,0.70,0.0051,13,13
and_or_beam,16,48,300,720,4,16,180,30,0.80,0.0045,13,13
and_or_beam,16,48,300,720,4,16,180,40,0.60,0.0046,13,13
and_or_beam,16,48,300,720,4,16,180,40,0.70,0.0043,13,13
and_or_beam,16,48,300,720,4,16,180,40,0.80,0.0041,13,13
and_or_beam,16,48,600,480,2,12,120,30,0.60,0.0035,13,13
and_or_beam,16,48,600,480,2,12,120,30,0.70,0.0034,13,13
and_or_beam,16,48,600,480,2,12,120,30,0.80,0.0033,13,13
and_or_beam,16,48,600,480,2,12,120,40,0.60,0.0033,13,13
and_or_beam,16,48,600,480,2,12,120,40,0.70,0.0032,13,13
and_or_beam,16,48,600,480,2,12,120,40,0.80,0.0034,13,13
and_or_beam,16,48,600,480,2,12,180,30,0.60,0.0036,13,13
and_or_beam,16,48,600,480,2,12,180,30,0.70,0.0040,13,13
and_or_beam,16,48,600,480,2,12,180,30,0.80,0.0034,13,13
and_or_beam,16,48,600,480,2,12,180,40,0.60,0.0033,13,13
and_or_beam,16,48,600,480,2,12,180,40,0.70,0.0042,13,13
and_or_beam,16,48,600,480,2,12,180,40,0.80,0.0052,13,13
and_or_beam,16,48,600,480,2,16,120,30,0.60,0.0041,13,13
and_or_beam,16,48,600,480,2,16,120,30,0.70,0.0048,13,13
and_or_beam,16,48,600,480,2,16,120,30,0.80,0.0039,13,13
and_or_beam,16,48,600,480,2,16,120,40,0.60,0.0038,13,13
and_or_beam,16,48,600,480,2,16,120,40,0.70,0.0037,13,13
and_or_beam,16,48,600,480,2,16,120,40,0.80,0.0039,13,13
and_or_beam,16,48,600,480,2,16,180,30,0.60,0.0039,13,13
and_or_beam,16,48,600,480,2,16,180,30,0.70,0.0039,13,13
and_or_beam,16,48,600,480,2,16,180,30,0.80,0.0055,13,13
and_or_beam,16,48,600,480,2,16,180,40,0.60,0.0035,13,13
and_or_beam,16,48,600,480,2,16,180,40,0.70,0.0033,13,13
and_or_beam,16,48,600,480,2,16,180,40,0.80,0.0036,13,13
and_or_beam,16,48,600,480,3,12,120,30,0.60,0.0040,13,13
and_or_beam,16,48,600,480,3,12,120,30,0.70,0.0040,13,13
and_or_beam,16,48,600,480,3,12,120,30,0.80,0.0069,13,13
and_or_beam,16,48,600,480,3,12,120,40,0.60,0.0038,13,13
and_or_beam,16,48,600,480,3,12,120,40,0.70,0.0037,13,13
and_or_beam,16,48,600,480,3,12,120,40,0.80,0.0037,13,13
and_or_beam,16,48,600,480,3,12,180,30,0.60,0.0038,13,13
and_or_beam,16,48,600,480,3,12,180,30,0.70,0.0037,13,13
and_or_beam,16,48,600,480,3,12,180,30,0.80,0.0037,13,13
and_or_beam,16,48,600,480,3,12,180,40,0.60,0.0038,13,13
and_or_beam,16,48,600,480,3,12,180,40,0.70,0.0038,13,13
and_or_beam,16,48,600,480,3,12,180,40,0.80,0.0039,13,13
and_or_beam,16,48,600,480,3,16,120,30,0.60,0.0038,13,13
and_or_beam,16,48,600,480,3,16,120,30,0.70,0.0039,13,13
and_or_beam,16,48,600,480,3,16,120,30,0.80,0.0038,13,13
and_or_beam,16,48,600,480,3,16,120,40,0.60,0.0039,13,13
and_or_beam,16,48,600,480,3,16,120,40,0.70,0.0039,13,13
and_or_beam,16,48,600,480,3,16,120,40,0.80,0.0039,13,13
and_or_beam,16,48,600,480,3,16,180,30,0.60,0.0039,13,13
and_or_beam,16,48,600,480,3,16,180,30,0.70,0.0038,13,13
and_or_beam,16,48,600,480,3,16,180,30,0.80,0.0039,13,13
and_or_beam,16,48,600,480,3,16,180,40,0.60,0.0040,13,13
and_or_beam,16,48,600,480,3,16,180,40,0.70,0.0038,13,13
and_or_beam,16,48,600,480,3,16,180,40,0.80,0.0041,13,13
and_or_beam,16,48,600,480,4,12,120,30,0.60,0.0042,13,13
and_or_beam,16,48,600,480,4,12,120,30,0.70,0.0042,13,13
and_or_beam,16,48,600,480,4,12,120,30,0.80,0.0041,13,13
and_or_beam,16,48,600,480,4,12,120,40,0.60,0.0044,13,13
and_or_beam,16,48,600,480,4,12,120,40,0.70,0.0042,13,13
and_or_beam,16,48,600,480,4,12,120,40,0.80,0.0043,13,13
and_or_beam,16,48,600,480,4,12,180,30,0.60,0.0041,13,13
and_or_beam,16,48,600,480,4,12,180,30,0.70,0.0041,13,13
and_or_beam,16,48,600,480,4,12,180,30,0.80,0.0041,13,13
and_or_beam,16,48,600,480,4,12,180,40,0.60,0.0041,13,13
and_or_beam,16,48,600,480,4,12,180,40,0.70,0.0044,13,13
and_or_beam,16,48,600,480,4,12,180,40,0.80,0.0042,13,13
and_or_beam,16,48,600,480,4,16,120,30,0.60,0.0043,13,13
and_or_beam,16,48,600,480,4,16,120,30,0.70,0.0044,13,13
and_or_beam,16,48,600,480,4,16,120,30,0.80,0.0042,13,13
and_or_beam,16,48,600,480,4,16,120,40,0.60,0.0055,13,13
and_or_beam,16,48,600,480,4,16,120,40,0.70,0.0041,13,13
and_or_beam,16,48,600,480,4,16,120,40,0.80,0.0041,13,13
and_or_beam,16,48,600,480,4,16,180,30,0.60,0.0045,13,13
and_or_beam,16,48,600,480,4,16,180,30,0.70,0.0043,13,13
and_or_beam,16,48,600,480,4,16,180,30,0.80,0.0042,13,13
and_or_beam,16,48,600,480,4,16,180,40,0.60,0.0046,13,13
and_or_beam,16,48,600,480,4,16,180,40,0.70,0.0055,13,13
and_or_beam,16,48,600,480,4,16,180,40,0.80,0.0042,13,13
and_or_beam,16,48,600,720,2,12,120,30,0.60,0.0035,13,13
and_or_beam,16,48,600,720,2,12,120,30,0.70,0.0035,13,13
and_or_beam,16,48,600,720,2,12,120,30,0.80,0.0034,13,13
and_or_beam,16,48,600,720,2,12,120,40,0.60,0.0035,13,13
and_or_beam,16,48,600,720,2,12,120,40,0.70,0.0035,13,13
and_or_beam,16,48,600,720,2,12,120,40,0.80,0.0035,13,13
and_or_beam,16,48,600,720,2,12,180,30,0.60,0.0034,13,13
and_or_beam,16,48,600,720,2,12,180,30,0.70,0.0041,13,13
and_or_beam,16,48,600,720,2,12,180,30,0.80,0.0036,13,13
and_or_beam,16,48,600,720,2,12,180,40,0.60,0.0035,13,13
and_or_beam,16,48,600,720,2,12,180,40,0.70,0.0034,13,13
and_or_beam,16,48,600,720,2,12,180,40,0.80,0.0033,13,13
and_or_beam,16,48,600,720,2,16,120,30,0.60,0.0033,13,13
and_or_beam,16,48,600,720,2,16,120,30,0.70,0.0034,13,13
and_or_beam,16,48,600,720,2,16,120,30,0.80,0.0035,13,13
and_or_beam,16,48,600,720,2,16,120,40,0.60,0.0035,13,13
and_or_beam,16,48,600,720,2,16,120,40,0.70,0.0035,13,13
and_or_beam,16,48,600,720,2,16,120,40,0.80,0.0034,13,13
and_or_beam,16,48,600,720,2,16,180,30,0.60,0.0034,13,13
and_or_beam,16,48,600,720,2,16,180,30,0.70,0.0035,13,13
and_or_beam,16,48,600,720,2,16,180,30,0.80,0.0035,13,13
and_or_beam,16,48,600,720,2,16,180,40,0.60,0.0034,13,13
and_or_beam,16,48,600,720,2,16,180,40,0.70,0.0034,13,13
and_or_beam,16,48,600,720,2,16,180,40,0.80,0.0037,13,13
and_or_beam,16,48,600,720,3,12,120,30,0.60,0.0044,13,13
and_or_beam,16,48,600,720,3,12,120,30,0.70,0.0038,13,13
and_or_beam,16,48,600,720,3,12,120,30,0.80,0.0038,13,13
and_or_beam,16,48,600,720,3,12,120,40,0.60,0.0038,13,13
and_or_beam,16,48,600,720,3,12,120,40,0.70,0.0037,13,13
and_or_beam,16,48,600,720,3,12,120,40,0.80,0.0038,13,13
and_or_beam,16,48,600,720,3,12,180,30,0.60,0.0038,13,13
and_or_beam,16,48,600,720,3,12,180,30,0.70,0.0038,13,13
and_or_beam,16,48,600,720,3,12,180,30,0.80,0.0038,13,13
and_or_beam,16,48,600,720,3,12,180,40,0.60,0.0038,13,13
and_or_beam,16,48,600,720,3,12,180,40,0.70,0.0038,13,13
and_or_beam,16,48,600,720,3,12,180,40,0.80,0.0039,13,13
and_or_beam,16,48,600,720,3,16,120,30,0.60,0.0040,13,13
and_or_beam,16,48,600,720,3,16,120,30,0.70,0.0039,13,13
and_or_beam,16,48,600,720,3,16,120,30,0.80,0.0068,13,13
and_or_beam,16,48,600,720,3,16,120,40,0.60,0.0038,13,13
and_or_beam,16,48,600,720,3,16,120,40,0.70,0.0037,13,13
and_or_beam,16,48,600,720,3,16,120,40,0.80,0.0037,13,13
and_or_beam,16,48,600,720,3,16,180,30,0.60,0.0037,13,13
and_or_beam,16,48,600,720,3,16,180,30,0.70,0.0037,13,13
and_or_beam,16,48,600,720,3,16,180,30,0.80,0.0037,13,13
and_or_beam,16,48,600,720,3,16,180,40,0.60,0.0037,13,13
and_or_beam,16,48,600,720,3,16,180,40,0.70,0.0037,13,13
and_or_beam,16,48,600,720,3,16,180,40,0.80,0.0037,13,13
and_or_beam,16,48,600,720,4,12,120,30,0.60,0.0041,13,13
and_or_beam,16,48,600,720,4,12,120,30,0.70,0.0041,13,13
and_or_beam,16,48,600,720,4,12,120,30,0.80,0.0045,13,13
and_or_beam,16,48,600,720,4,12,120,40,0.60,0.0062,13,13
and_or_beam,16,48,600,720,4,12,120,40,0.70,0.0041,13,13
and_or_beam,16,48,600,720,4,12,120,40,0.80,0.0040,13,13
and_or_beam,16,48,600,720,4,12,180,30,0.60,0.0043,13,13
and_or_beam,16,48,600,720,4,12,180,30,0.70,0.0046,13,13
and_or_beam,16,48,600,720,4,12,180,30,0.80,0.0042,13,13
and_or_beam,16,48,600,720,4,12,180,40,0.60,0.0040,13,13
and_or_beam,16,48,600,720,4,12,180,40,0.70,0.0039,13,13
and_or_beam,16,48,600,720,4,12,180,40,0.80,0.0040,13,13
and_or_beam,16,48,600,720,4,16,120,30,0.60,0.0041,13,13
and_or_beam,16,48,600,720,4,16,120,30,0.70,0.0041,13,13
and_or_beam,16,48,600,720,4,16,120,30,0.80,0.0040,13,13
and_or_beam,16,48,600,720,4,16,120,40,0.60,0.0039,13,13
and_or_beam,16,48,600,720,4,16,120,40,0.70,0.0039,13,13
and_or_beam,16,48,600,720,4,16,120,40,0.80,0.0039,13,13
and_or_beam,16,48,600,720,4,16,180,30,0.60,0.0040,13,13
and_or_beam,16,48,600,720,4,16,180,30,0.70,0.0040,13,13
and_or_beam,16,48,600,720,4,16,180,30,0.80,0.0039,13,13
and_or_beam,16,48,600,720,4,16,180,40,0.60,0.0044,13,13
and_or_beam,16,48,600,720,4,16,180,40,0.70,0.0040,13,13
and_or_beam,16,48,600,720,4,16,180,40,0.80,0.0039,13,13
base,10,24,300,480,2,12,120,30,0.60,0.0028,12,12
base,10,24,300,480,2,12,120,30,0.70,0.0019,12,12
base,10,24,300,480,2,12,120,30,0.80,0.0017,12,12
base,10,24,300,480,2,12,120,40,0.60,0.0018,12,12
base,10,24,300,480,2,12,120,40,0.70,0.0017,12,12
base,10,24,300,480,2,12,120,40,0.80,0.0017,12,12
base,10,24,300,480,2,12,180,30,0.60,0.0016,12,12
base,10,24,300,480,2,12,180,30,0.70,0.0019,12,12
base,10,24,300,480,2,12,180,30,0.80,0.0017,12,12
base,10,24,300,480,2,12,180,40,0.60,0.0016,12,12
base,10,24,300,480,2,12,180,40,0.70,0.0017,12,12
base,10,24,300,480,2,12,180,40,0.80,0.0017,12,12
base,10,24,300,480,2,16,120,30,0.60,0.0018,12,12
base,10,24,300,480,2,16,120,30,0.70,0.0017,12,12
base,10,24,300,480,2,16,120,30,0.80,0.0018,12,12
base,10,24,300,480,2,16,120,40,0.60,0.0017,12,12
base,10,24,300,480,2,16,120,40,0.70,0.0020,12,12
base,10,24,300,480,2,16,120,40,0.80,0.0017,12,12
base,10,24,300,480,2,16,180,30,0.60,0.0016,12,12
base,10,24,300,480,2,16,180,30,0.70,0.0019,12,12
base,10,24,300,480,2,16,180,30,0.80,0.0016,12,12
base,10,24,300,480,2,16,180,40,0.60,0.0017,12,12
base,10,24,300,480,2,16,180,40,0.70,0.0018,12,12
base,10,24,300,480,2,16,180,40,0.80,0.0017,12,12
base,10,24,300,480,3,12,120,30,0.60,0.0016,12,12
base,10,24,300,480,3,12,120,30,0.70,0.0016,12,12
base,10,24,300,480,3,12,120,30,0.80,0.0016,12,12
base,10,24,300,480,3,12,120,40,0.60,0.0016,12,12
base,10,24,300,480,3,12,120,40,0.70,0.0018,12,12
base,10,24,300,480,3,12,120,40,0.80,0.0016,12,12
base,10,24,300,480,3,12,180,30,0.60,0.0017,12,12
base,10,24,300,480,3,12,180,30,0.70,0.0017,12,12
base,10,24,300,480,3,12,180,30,0.80,0.0016,12,12
base,10,24,300,480,3,12,180,40,0.60,0.0017,12,12
base,10,24,300,480,3,12,180,40,0.70,0.0015,12,12
base,10,24,300,480,3,12,180,40,0.80,0.0017,12,12
base,10,24,300,480,3,16,120,30,0.60,0.0017,12,12
base,10,24,300,480,3,16,120,30,0.70,0.0016,12,12
base,10,24,300,480,3,16,120,30,0.80,0.0017,12,12
base,10,24,300,480,3,16,120,40,0.60,0.0017,12,12
base,10,24,300,480,3,16,120,40,0.70,0.0018,12,12
base,10,24,300,480,3,16,120,40,0.80,0.0018,12,12
base,10,24,300,480,3,16,180,30,0.60,0.0018,12,12
base,10,24,300,480,3,16,180,30,0.70,0.0016,12,12
base,10,24,300,480,3,16,180,30,0.80,0.0018,12,12
base,10,24,300,480,3,16,180,40,0.60,0.0018,12,12
base,10,24,300,480,3,16,180,40,0.70,0.0017,12,12
base,10,24,300,480,3,16,180,40,0.80,0.0018,12,12
base,10,24,300,480,4,12,120,30,0.60,0.0017,12,12
base,10,24,300,480,4,12,120,30,0.70,0.0019,12,12
base,10,24,300,480,4,12,120,30,0.80,0.0016,12,12
base,10,24,300,480,4,12,120,40,0.60,0.0017,12,12
base,10,24,300,480,4,12,120,40,0.70,0.0016,12,12
base,10,24,300,480,4,12,120,40,0.80,0.0018,12,12
base,10,24,300,480,4,12,180,30,0.60,0.0017,12,12
base,10,24,300,480,4,12,180,30,0.70,0.0016,12,12
base,10,24,300,480,4,12,180,30,0.80,0.0017,12,12
base,10,24,300,480,4,12,180,40,0.60,0.0017,12,12
base,10,24,300,480,4,12,180,40,0.70,0.0018,12,12
base,10,24,300,480,4,12,180,40,0.80,0.0017,12,12
base,10,24,300,480,4,16,120,30,0.60,0.0017,12,12
base,10,24,300,480,4,16,120,30,0.70,0.0017,12,12
base,10,24,300,480,4,16,120,30,0.80,0.0018,12,12
base,10,24,300,480,4,16,120,40,0.60,0.0017,12,12
base,10,24,300,480,4,16,120,40,0.70,0.0018,12,12
base,10,24,300,480,4,16,120,40,0.80,0.0018,12,12
base,10,24,300,480,4,16,180,30,0.60,0.0017,12,12
base,10,24,300,480,4,16,180,30,0.70,0.0018,12,12
base,10,24,300,480,4,16,180,30,0.80,0.0017,12,12
base,10,24,300,480,4,16,180,40,0.60,0.0018,12,12
base,10,24,300,480,4,16,180,40,0.70,0.0018,12,12
base,10,24,300,480,4,16,180,40,0.80,0.0017,12,12
base,10,24,300,720,2,12,120,30,0.60,0.0017,12,12
base,10,24,300,720,2,12,120,30,0.70,0.0016,12,12
base,10,24,300,720,2,12,120,30,0.80,0.0018,12,12
base,10,24,300,720,2,12,120,40,0.60,0.0017,12,12
base,10,24,300,720,2,12,120,40,0.70,0.0018,12,12
base,10,24,300,720,2,12,120,40,0.80,0.0016,12,12
base,10,24,300,720,2,12,180,30,0.60,0.0016,12,12
base,10,24,300,720,2,12,180,30,0.70,0.0017,12,12
base,10,24,300,720,2,12,180,30,0.80,0.0016,12,12
base,10,24,300,720,2,12,180,40,0.60,0.0018,12,12
base,10,24,300,720,2,12,180,40,0.70,0.0016,12,12
base,10,24,300,720,2,12,180,40,0.80,0.0018,12,12
base,10,24,300,720,2,16,120,30,0.60,0.0016,12,12
base,10,24,300,720,2,16,120,30,0.70,0.0017,12,12
base,10,24,300,720,2,16,120,30,0.80,0.0017,12,12
base,10,24,300,720,2,16,120,40,0.60,0.0019,12,12
base,10,24,300,720,2,16,120,40,0.70,0.0023,12,12
base,10,24,300,720,2,16,120,40,0.80,0.0021,12,12
base,10,24,300,720,2,16,180,30,0.60,0.0022,12,12
base,10,24,300,720,2,16,180,30,0.70,0.0022,12,12
base,10,24,300,720,2,16,180,30,0.80,0.0019,12,12
base,10,24,300,720,2,16,180,40,0.60,0.0021,12,12
base,10,24,300,720,2,16,180,40,0.70,0.0019,12,12
base,10,24,300,720,2,16,180,40,0.80,0.0021,12,12
base,10,24,300,720,3,12,120,30,0.60,0.0021,12,12
base,10,24,300,720,3,12,120,30,0.70,0.0019,12,12
base,10,24,300,720,3,12,120,30,0.80,0.0020,12,12
base,10,24,300,720,3,12,120,40,0.60,0.0018,12,12
base,10,24,300,720,3,12,120,40,0.70,0.0019,12,12
base,10,24,300,720,3,12,120,40,0.80,0.0021,12,12
base,10,24,300,720,3,12,180,30,0.60,0.0019,12,12
base,10,24,300,720,3,12,180,30,0.70,0.0017,12,12
base,10,24,300,720,3,12,180,30,0.80,0.0019,12,12
base,10,24,300,720,3,12,180,40,0.60,0.0018,12,12
base,10,24,300,720,3,12,180,40,0.70,0.0018,12,12
base,10,24,300,720,3,12,180,40,0.80,0.0016,12,12
base,10,24,300,720,3,16,120,30,0.60,0.0019,12,12
base,10,24,300,720,3,16,120,30,0.70,0.0019,12,12
base,10,24,300,720,3,16,120,30,0.80,0.0018,12,12
base,10,24,300,720,3,16,120,40,0.60,0.0018,12,12
base,10,24,300,720,3,16,120,40,0.70,0.0021,12,12
base,10,24,300,720,3,16,120,40,0.80,0.0026,12,12
base,10,24,300,720,3,16,180,30,0.60,0.0017,12,12
base,10,24,300,720,3,16,180,30,0.70,0.0016,12,12
base,10,24,300,720,3,16,180,30,0.80,0.0017,12,12
base,10,24,300,720,3,16,180,40,0.60,0.0017,12,12
base,10,24,300,720,3,16,180,40,0.70,0.0019,12,12
base,10,24,300,720,3,16,180,40,0.80,0.0018,12,12
base,10,24,300,720,4,12,120,30,0.60,0.0017,12,12
base,10,24,300,720,4,12,120,30,0.70,0.0019,12,12
base,10,24,300,720,4,12,120,30,0.80,0.0016,12,12
base,10,24,300,720,4,12,120,40,0.60,0.0017,12,12
base,10,24,300,720,4,12,120,40,0.70,0.0016,12,12
base,10,24,300,720,4,12,120,40,0.80,0.0017,12,12
base,10,24,300,720,4,12,180,30,0.60,0.0016,12,12
base,10,24,300,720,4,12,180,30,0.70,0.0016,12,12
base,10,24,300,720,4,12,180,30,0.80,0.0017,12,12
base,10,24,300,720,4,12,180,40,0.60,0.0016,12,12
base,10,24,300,720,4,12,180,40,0.70,0.0019,12,12
base,10,24,300,720,4,12,180,40,0.80,0.0016,12,12
base,10,24,300,720,4,16,120,30,0.60,0.0017,12,12
base,10,24,300,720,4,16,120,30,0.70,0.0016,12,12
base,10,24,300,720,4,16,120,30,0.80,0.0019,12,12
base,10,24,300,720,4,16,120,40,0.60,0.0017,12,12
base,10,24,300,720,4,16,120,40,0.70,0.0016,12,12
base,10,24,300,720,4,16,120,40,0.80,0.0018,12,12
base,10,24,300,720,4,16,180,30,0.60,0.0018,12,12
base,10,24,300,720,4,16,180,30,0.70,0.0019,12,12
base,10,24,300,720,4,16,180,30,0.80,0.0017,12,12
base,10,24,300,720,4,16,180,40,0.60,0.0018,12,12
base,10,24,300,720,4,16,180,40,0.70,0.0017,12,12
base,10,24,300,720,4,16,180,40,0.80,0.0018,12,12
base,10,24,600,480,2,12,120,30,0.60,0.0015,12,12
base,10,24,600,480,2,12,120,30,0.70,0.0016,12,12
base,10,24,600,480,2,12,120,30,0.80,0.0018,12,12
base,10,24,600,480,2,12,120,40,0.60,0.0018,12,12
base,10,24,600,480,2,12,120,40,0.70,0.0017,12,12
base,10,24,600,480,2,12,120,40,0.80,0.0016,12,12
base,10,24,600,480,2,12,180,30,0.60,0.0016,12,12
base,10,24,600,480,2,12,180,30,0.70,0.0020,12,12
base,10,24,600,480,2,12,180,30,0.80,0.0017,12,12
base,10,24,600,480,2,12,180,40,0.60,0.0017,12,12
base,10,24,600,480,2,12,180,40,0.70,0.0016,12,12
base,10,24,600,480,2,12,180,40,0.80,0.0018,12,12
base,10,24,600,480,2,16,120,30,0.60,0.0016,12,12
base,10,24,600,480,2,16,120,30,0.70,0.0017,12,12
base,10,24,600,480,2,16,120,30,0.80,0.0016,12,12
base,10,24,600,480,2,16,120,40,0.60,0.0017,12,12
base,10,24,600,480,2,16,120,40,0.70,0.0018,12,12
base,10,24,600,480,2,16,120,40,0.80,0.0016,12,12
base,10,24,600,480,2,16,180,30,0.60,0.0018,12,12
base,10,24,600,480,2,16,180,30,0.70,0.0016,12,12
base,10,24,600,480,2,16,180,30,0.80,0.0017,12,12
base,10,24,600,480,2,16,180,40,0.60,0.0015,12,12
base,10,24,600,480,2,16,180,40,0.70,0.0017,12,12
base,10,24,600,480,2,16,180,40,0.80,0.0017,12,12
base,10,24,600,480,3,12,120,30,0.60,0.0016,12,12
base,10,24,600,480,3,12,120,30,0.70,0.0016,12,12
base,10,24,600,480,3,12,120,30,0.80,0.0016,12,12
base,10,24,600,480,3,12,120,40,0.60,0.0016,12,12
base,10,24,600,480,3,12,120,40,0.70,0.0017,12,12
base,10,24,600,480,3,12,120,40,0.80,0.0016,12,12
base,10,24,600,480,3,12,180,30,0.60,0.0017,12,12
base,10,24,600,480,3,12,180,30,0.70,0.0016,12,12
base,10,24,600,480,3,12,180,30,0.80,0.0016,12,12
base,10,24,600,480,3,12,180,40,0.60,0.0018,12,12
base,10,24,600,480,3,12,180,40,0.70,0.0015,12,12
base,10,24,600,480,3,12,180,40,0.80,0.0018,12,12
base,10,24,600,480,3,16,120,30,0.60,0.0018,12,12
base,10,24,600,480,3,16,120,30,0.70,0.0018,12,12
base,10,24,600,480,3,16,120,30,0.80,0.0016,12,12
base,10,24,600,480,3,16,120,40,0.60,0.0017,12,12
base,10,24,600,480,3,16,120,40,0.70,0.0017,12,12
base,10,24,600,480,3,16,120,40,0.80,0.0016,12,12
base,10,24,600,480,3,16,180,30,0.60,0.0017,12,12
base,10,24,600,480,3,16,180,30,0.70,0.0016,12,12
base,10,24,600,480,3,16,180,30,0.80,0.0017,12,12
base,10,24,600,480,3,16,180,40,0.60,0.0017,12,12
base,10,24,600,480,3,16,180,40,0.70,0.0019,12,12
base,10,24,600,480,3,16,180,40,0.80,0.0015,12,12
base,10,24,600,480,4,12,120,30,0.60,0.0016,12,12
base,10,24,600,480,4,12,120,30,0.70,0.0017,12,12
base,10,24,600,480,4,12,120,30,0.80,0.0016,12,12
base,10,24,600,480,4,12,120,40,0.60,0.0017,12,12
base,10,24,600,480,4,12,120,40,0.70,0.0015,12,12
base,10,24,600,480,4,12,120,40,0.80,0.0016,12,12
base,10,24,600,480,4,12,180,30,0.60,0.0018,12,12
base,10,24,600,480,4,12,180,30,0.70,0.0016,12,12
base,10,24,600,480,4,12,180,30,0.80,0.0021,12,12
base,10,24,600,480,4,12,180,40,0.60,0.0017,12,12
base,10,24,600,480,4,12,180,40,0.70,0.0019,12,12
base,10,24,600,480,4,12,180,40,0.80,0.0016,12,12
base,10,24,600,480,4,16,120,30,0.60,0.0019,12,12
base,10,24,600,480,4,16,120,30,0.70,0.0017,12,12
base,10,24,600,480,4,16,120,30,0.80,0.0018,12,12
base,10,24,600,480,4,16,120,40,0.60,0.0016,12,12
base,10,24,600,480,4,16,120,40,0.70,0.0017,12,12
base,10,24,600,480,4,16,120,40,0.80,0.0019,12,12
base,10,24,600,480,4,16,180,30,0.60,0.0018,12,12
base,10,24,600,480,4,16,180,30,0.70,0.0020,12,12
base,10,24,600,480,4,16,180,30,0.80,0.0016,12,12
base,10,24,600,480,4,16,180,40,0.60,0.0017,12,12
base,10,24,600,480,4,16,180,40,0.70,0.0016,12,12
base,10,24,600,480,4,16,180,40,0.80,0.0017,12,12
base,10,24,600,720,2,12,120,30,0.60,0.0016,12,12
base,10,24,600,720,2,12,120,30,0.70,0.0017,12,12
base,10,24,600,720,2,12,120,30,0.80,0.0018,12,12
base,10,24,600,720,2,12,120,40,0.60,0.0017,12,12
base,10,24,600,720,2,12,120,40,0.70,0.0019,12,12
base,10,24,600,720,2,12,120,40,0.80,0.0016,12,12
base,10,24,600,720,2,12,180,30,0.60,0.0017,12,12
base,10,24,600,720,2,12,180,30,0.70,0.0017,12,12
base,10,24,600,720,2,12,180,30,0.80,0.0019,12,12
base,10,24,600,720,2,12,180,40,0.60,0.0018,12,12
base,10,24,600,720,2,12,180,40,0.70,0.0016,12,12
base,10,24,600,720,2,12,180,40,0.80,0.0017,12,12
base,10,24,600,720,2,16,120,30,0.60,0.0016,12,12
base,10,24,600,720,2,16,120,30,0.70,0.0017,12,12
base,10,24,600,720,2,16,120,30,0.80,0.0015,12,12
base,10,24,600,720,2,16,120,40,0.60,0.0016,12,12
base,10,24,600,720,2,16,120,40,0.70,0.0018,12,12
base,10,24,600,720,2,16,120,40,0.80,0.0015,12,12
base,10,24,600,720,2,16,180,30,0.60,0.0017,12,12
base,10,24,600,720,2,16,180,30,0.70,0.0017,12,12
base,10,24,600,720,2,16,180,30,0.80,0.0019,12,12
base,10,24,600,720,2,16,180,40,0.60,0.0016,12,12
base,10,24,600,720,2,16,180,40,0.70,0.0015,12,12
base,10,24,600,720,2,16,180,40,0.80,0.0019,12,12
base,10,24,600,720,3,12,120,30,0.60,0.0017,12,12
base,10,24,600,720,3,12,120,30,0.70,0.0018,12,12
base,10,24,600,720,3,12,120,30,0.80,0.0016,12,12
base,10,24,600,720,3,12,120,40,0.60,0.0017,12,12
base,10,24,600,720,3,12,120,40,0.70,0.0017,12,12
base,10,24,600,720,3,12,120,40,0.80,0.0016,12,12
base,10,24,600,720,3,12,180,30,0.60,0.0017,12,12
base,10,24,600,720,3,12,180,30,0.70,0.0017,12,12
base,10,24,600,720,3,12,180,30,0.80,0.0017,12,12
base,10,24,600,720,3,12,180,40,0.60,0.0015,12,12
base,10,24,600,720,3,12,180,40,0.70,0.0016,12,12
base,10,24,600,720,3,12,180,40,0.80,0.0016,12,12
base,10,24,600,720,3,16,120,30,0.60,0.0016,12,12
base,10,24,600,720,3,16,120,30,0.70,0.0018,12,12
base,10,24,600,720,3,16,120,30,0.80,0.0020,12,12
base,10,24,600,720,3,16,120,40,0.60,0.0018,12,12
base,10,24,600,720,3,16,120,40,0.70,0.0016,12,12
base,10,24,600,720,3,16,120,40,0.80,0.0019,12,12
base,10,24,600,720,3,16,180,30,0.60,0.0018,12,12
base,10,24,600,720,3,16,180,30,0.70,0.0017,12,12
base,10,24,600,720,3,16,180,30,0.80,0.0016,12,12
base,10,24,600,720,3,16,180,40,0.60,0.0016,12,12
base,10,24,600,720,3,16,180,40,0.70,0.0017,12,12
base,10,24,600,720,3,16,180,40,0.80,0.0016,12,12
base,10,24,600,720,4,12,120,30,0.60,0.0018,12,12
base,10,24,600,720,4,12,120,30,0.70,0.0017,12,12
base,10,24,600,720,4,12,120,30,0.80,0.0018,12,12
base,10,24,600,720,4,12,120,40,0.60,0.0016,12,12
base,10,24,600,720,4,12,120,40,0.70,0.0018,12,12
base,10,24,600,720,4,12,120,40,0.80,0.0018,12,12
base,10,24,600,720,4,12,180,30,0.60,0.0017,12,12
base,10,24,600,720,4,12,180,30,0.70,0.0018,12,12
base,10,24,600,720,4,12,180,30,0.80,0.0016,12,12
base,10,24,600,720,4,12,180,40,0.60,0.0017,12,12
base,10,24,600,720,4,12,180,40,0.70,0.0016,12,12
base,10,24,600,720,4,12,180,40,0.80,0.0016,12,12
base,10,24,600,720,4,16,120,30,0.60,0.0017,12,12
base,10,24,600,720,4,16,120,30,0.70,0.0016,12,12
base,10,24,600,720,4,16,120,30,0.80,0.0017,12,12
base,10,24,600,720,4,16,120,40,0.60,0.0016,12,12
base,10,24,600,720,4,16,120,40,0.70,0.0017,12,12
base,10,24,600,720,4,16,120,40,0.80,0.0017,12,12
base,10,24,600,720,4,16,180,30,0.60,0.0018,12,12
base,10,24,600,720,4,16,180,30,0.70,0.0018,12,12
base,10,24,600,720,4,16,180,30,0.80,0.0016,12,12
base,10,24,600,720,4,16,180,40,0.60,0.0017,12,12
base,10,24,600,720,4,16,180,40,0.70,0.0016,12,12
base,10,24,600,720,4,16,180,40,0.80,0.0017,12,12
base,10,36,300,480,2,12,120,30,0.60,0.0016,12,12
base,10,36,300,480,2,12,120,30,0.70,0.0016,12,12
base,10,36,300,480,2,12,120,30,0.80,0.0018,12,12
base,10,36,300,480,2,12,120,40,0.60,0.0017,12,12
base,10,36,300,480,2,12,120,40,0.70,0.0018,12,12
base,10,36,300,480,2,12,120,40,0.80,0.0016,12,12
base,10,36,300,480,2,12,180,30,0.60,0.0019,12,12
base,10,36,300,480,2,12,180,30,0.70,0.0018,12,12
base,10,36,300,480,2,12,180,30,0.80,0.0020,12,12
base,10,36,300,480,2,12,180,40,0.60,0.0017,12,12
base,10,36,300,480,2,12,180,40,0.70,0.0018,12,12
base,10,36,300,480,2,12,180,40,0.80,0.0017,12,12
base,10,36,300,480,2,16,120,30,0.60,0.0018,12,12
base,10,36,300,480,2,16,120,30,0.70,0.0018,12,12
base,10,36,300,480,2,16,120,30,0.80,0.0016,12,12
base,10,36,300,480,2,16,120,40,0.60,0.0017,12,12
base,10,36,300,480,2,16,120,40,0.70,0.0016,12,12
base,10,36,300,480,2,16,120,40,0.80,0.0018,12,12
base,10,36,300,480,2,16,180,30,0.60,0.0016,12,12
base,10,36,300,480,2,16,180,30,0.70,0.0016,12,12
base,10,36,300,480,2,16,180,30,0.80,0.0018,12,12
base,10,36,300,480,2,16,180,40,0.60,0.0016,12,12
base,10,36,300,480,2,16,180,40,0.70,0.0017,12,12
base,10,36,300,480,2,16,180,40,0.80,0.0018,12,12
base,10,36,300,480,3,12,120,30,0.60,0.0018,12,12
base,10,36,300,480,3,12,120,30,0.70,0.0017,12,12
base,10,36,300,480,3,12,120,30,0.80,0.0017,12,12
base,10,36,300,480,3,12,120,40,0.60,0.0016,12,12
base,10,36,300,480,3,12,120,40,0.70,0.0016,12,12
base,10,36,300,480,3,12,120,40,0.80,0.0024,12,12
base,10,36,300,480,3,12,180,30,0.60,0.0017,12,12
base,10,36,300,480,3,12,180,30,0.70,0.0017,12,12
base,10,36,300,480,3,12,180,30,0.80,0.0016,12,12
base,10,36,300,480,3,12,180,40,0.60,0.0017,12,12
base,10,36,300,480,3,12,180,40,0.70,0.0016,12,12
base,10,36,300,480,3,12,180,40,0.80,0.0017,12,12
base,10,36,300,480,3,16,120,30,0.60,0.0017,12,12
base,10,36,300,480,3,16,120,30,0.70,0.0016,12,12
base,10,36,300,480,3,16,120,30,0.80,0.0018,12,12
base,10,36,300,480,3,16,120,40,0.60,0.0015,12,12
base,10,36,300,480,3,16,120,40,0.70,0.0017,12,12
base,10,36,300,480,3,16,120,40,0.80,0.0016,12,12
base,10,36,300,480,3,16,180,30,0.60,0.0015,12,12
base,10,36,300,480,3,16,180,30,0.70,0.0017,12,12
base,10,36,300,480,3,16,180,30,0.80,0.0015,12,12
base,10,36,300,480,3,16,180,40,0.60,0.0018,12,12
base,10,36,300,480,3,16,180,40,0.70,0.0017,12,12
base,10,36,300,480,3,16,180,40,0.80,0.0016,12,12
base,10,36,300,480,4,12,120,30,0.60,0.0017,12,12
base,10,36,300,480,4,12,120,30,0.70,0.0017,12,12
base,10,36,300,480,4,12,120,30,0.80,0.0017,12,12
base,10,36,300,480,4,12,120,40,0.60,0.0015,12,12
base,10,36,300,480,4,12,120,40,0.70,0.0016,12,12
base,10,36,300,480,4,12,120,40,0.80,0.0016,12,12
base,10,36,300,480,4,12,180,30,0.60,0.0016,12,12
base,10,36,300,480,4,12,180,30,0.70,0.0016,12,12
base,10,36,300,480,4,12,180,30,0.80,0.0016,12,12
base,10,36,300,480,4,12,180,40,0.60,0.0017,12,12
base,10,36,300,480,4,12,180,40,0.70,0.0015,12,12
base,10,36,300,480,4,12,180,40,0.80,0.0015,12,12
base,10,36,300,480,4,16,120,30,0.60,0.0016,12,12
base,10,36,300,480,4,16,120,30,0.70,0.0015,12,12
base,10,36,300,480,4,16,120,30,0.80,0.0016,12,12
base,10,36,300,480,4,16,120,40,0.60,0.0016,12,12
base,10,36,300,480,4,16,120,40,0.70,0.0016,12,12
base,10,36,300,480,4,16,120,40,0.80,0.0016,12,12
base,10,36,300,480,4,16,180,30,0.60,0.0016,12,12
base,10,36,300,480,4,16,180,30,0.70,0.0018,12,12
base,10,36,300,480,4,16,180,30,0.80,0.0015,12,12
base,10,36,300,480,4,16,180,40,0.60,0.0016,12,12
base,10,36,300,480,4,16,180,40,0.70,0.0016,12,12
base,10,36,300,480,4,16,180,40,0.80,0.0015,12,12
base,10,36,300,720,2,12,120,30,0.60,0.0018,12,12
base,10,36,300,720,2,12,120,30,0.70,0.0015,12,12
base,10,36,300,720,2,12,120,30,0.80,0.0016,12,12
base,10,36,300,720,2,12,120,40,0.60,0.0015,12,12
base,10,36,300,720,2,12,120,40,0.70,0.0015,12,12
base,10,36,300,720,2,12,120,40,0.80,0.0016,12,12
base,10,36,300,720,2,12,180,30,0.60,0.0015,12,12
base,10,36,300,720,2,12,180,30,0.70,0.0016,12,12
base,10,36,300,720,2,12,180,30,0.80,0.0015,12,12
base,10,36,300,720,2,12,180,40,0.60,0.0015,12,12
base,10,36,300,720,2,12,180,40,0.70,0.0017,12,12
base,10,36,300,720,2,12,180,40,0.80,0.0017,12,12
base,10,36,300,720,2,16,120,30,0.60,0.0018,12,12
base,10,36,300,720,2,16,120,30,0.70,0.0016,12,12
base,10,36,300,720,2,16,120,30,0.80,0.0016,12,12
base,10,36,300,720,2,16,120,40,0.60,0.0017,12,12
base,10,36,300,720,2,16,120,40,0.70,0.0016,12,12
base,10,36,300,720,2,16,120,40,0.80,0.0017,12,12
base,10,36,300,720,2,16,180,30,0.60,0.0015,12,12
base,10,36,300,720,2,16,180,30,0.70,0.0016,12,12
base,10,36,300,720,2,16,180,30,0.80,0.0015,12,12
base,10,36,300,720,2,16,180,40,0.60,0.0015,12,12
base,10,36,300,720,2,16,180,40,0.70,0.0017,12,12
base,10,36,300,720,2,16,180,40,0.80,0.0015,12,12
base,10,36,300,720,3,12,120,30,0.60,0.0015,12,12
base,10,36,300,720,3,12,120,30,0.70,0.0016,12,12
base,10,36,300,720,3,12,120,30,0.80,0.0015,12,12
base,10,36,300,720,3,12,120,40,0.60,0.0017,12,12
base,10,36,300,720,3,12,120,40,0.70,0.0015,12,12
base,10,36,300,720,3,12,120,40,0.80,0.0015,12,12
base,10,36,300,720,3,12,180,30,0.60,0.0016,12,12
base,10,36,300,720,3,12,180,30,0.70,0.0016,12,12
base,10,36,300,720,3,12,180,30,0.80,0.0017,12,12
base,10,36,300,720,3,12,180,40,0.60,0.0015,12,12
base,10,36,300,720,3,12,180,40,0.70,0.0015,12,12
base,10,36,300,720,3,12,180,40,0.80,0.0016,12,12
base,10,36,300,720,3,16,120,30,0.60,0.0016,12,12
base,10,36,300,720,3,16,120,30,0.70,0.0017,12,12
base,10,36,300,720,3,16,120,30,0.80,0.0016,12,12
base,10,36,300,720,3,16,120,40,0.60,0.0017,12,12
base,10,36,300,720,3,16,120,40,0.70,0.0016,12,12
base,10,36,300,720,3,16,120,40,0.80,0.0015,12,12
base,10,36,300,720,3,16,180,30,0.60,0.0018,12,12
base,10,36,300,720,3,16,180,30,0.70,0.0017,12,12
base,10,36,300,720,3,16,180,30,0.80,0.0017,12,12
base,10,36,300,720,3,16,180,40,0.60,0.0016,12,12
base,10,36,300,720,3,16,180,40,0.70,0.0016,12,12
base,10,36,300,720,3,16,180,40,0.80,0.0017,12,12
base,10,36,300,720,4,12,120,30,0.60,0.0015,12,12
base,10,36,300,720,4,12,120,30,0.70,0.0017,12,12
base,10,36,300,720,4,12,120,30,0.80,0.0015,12,12
base,10,36,300,720,4,12,120,40,0.60,0.0016,12,12
base,10,36,300,720,4,12,120,40,0.70,0.0016,12,12
base,10,36,300,720,4,12,120,40,0.80,0.0016,12,12
base,10,36,300,720,4,12,180,30,0.60,0.0016,12,12
base,10,36,300,720,4,12,180,30,0.70,0.0015,12,12
base,10,36,300,720,4,12,180,30,0.80,0.0019,12,12
base,10,36,300,720,4,12,180,40,0.60,0.0017,12,12
base,10,36,300,720,4,12,180,40,0.70,0.0017,12,12
base,10,36,300,720,4,12,180,40,0.80,0.0018,12,12
base,10,36,300,720,4,16,120,30,0.60,0.0015,12,12
base,10,36,300,720,4,16,120,30,0.70,0.0017,12,12
base,10,36,300,720,4,16,120,30,0.80,0.0016,12,12
base,10,36,300,720,4,16,120,40,0.60,0.0017,12,12
base,10,36,300,720,4,16,120,40,0.70,0.0016,12,12
base,10,36,300,720,4,16,120,40,0.80,0.0016,12,12
base,10,36,300,720,4,16,180,30,0.60,0.0016,12,12
base,10,36,300,720,4,16,180,30,0.70,0.0015,12,12
base,10,36,300,720,4,16,180,30,0.80,0.0016,12,12
base,10,36,300,720,4,16,180,40,0.60,0.0016,12,12
base,10,36,300,720,4,16,180,40,0.70,0.0015,12,12
base,10,36,300,720,4,16,180,40,0.80,0.0018,12,12
base,10,36,600,480,2,12,120,30,0.60,0.0016,12,12
base,10,36,600,480,2,12,120,30,0.70,0.0019,12,12
base,10,36,600,480,2,12,120,30,0.80,0.0017,12,12
base,10,36,600,480,2,12,120,40,0.60,0.0019,12,12
base,10,36,600,480,2,12,120,40,0.70,0.0015,12,12
base,10,36,600,480,2,12,120,40,0.80,0.0015,12,12
base,10,36,600,480,2,12,180,30,0.60,0.0017,12,12
base,10,36,600,480,2,12,180,30,0.70,0.0019,12,12
base,10,36,600,480,2,12,180,30,0.80,0.0019,12,12
base,10,36,600,480,2,12,180,40,0.60,0.0016,12,12
base,10,36,600,480,2,12,180,40,0.70,0.0018,12,12
base,10,36,600,480,2,12,180,40,0.80,0.0017,12,12
base,10,36,600,480,2,16,120,30,0.60,0.0016,12,12
base,10,36,600,480,2,16,120,30,0.70,0.0017,12,12
base,10,36,600,480,2,16,120,30,0.80,0.0017,12,12
base,10,36,600,480,2,16,120,40,0.60,0.0018,12,12
base,10,36,600,480,2,16,120,40,0.70,0.0018,12,12
base,10,36,600,480,2,16,120,40,0.80,0.0017,12,12
base,10,36,600,480,2,16,180,30,0.60,0.0016,12,12
base,10,36,600,480,2,16,180,30,0.70,0.0017,12,12
base,10,36,600,480,2,16,180,30,0.80,0.0017,12,12
base,10,36,600,480,2,16,180,40,0.60,0.0016,12,12
base,10,36,600,480,2,16,180,40,0.70,0.0017,12,12
base,10,36,600,480,2,16,180,40,0.80,0.0016,12,12
base,10,36,600,480,3,12,120,30,0.60,0.0017,12,12
base,10,36,600,480,3,12,120,30,0.70,0.0018,12,12
base,10,36,600,480,3,12,120,30,0.80,0.0017,12,12
base,10,36,600,480,3,12,120,40,0.60,0.0017,12,12
base,10,36,600,480,3,12,120,40,0.70,0.0017,12,12
base,10,36,600,480,3,12,120,40,0.80,0.0017,12,12
base,10,36,600,480,3,12,180,30,0.60,0.0016,12,12
base,10,36,600,480,3,12,180,30,0.70,0.0019,12,12
base,10,36,600,480,3,12,180,30,0.80,0.0016,12,12
base,10,36,600,480,3,12,180,40,0.60,0.0017,12,12
base,10,36,600,480,3,12,180,40,0.70,0.0016,12,12
base,10,36,600,480,3,12,180,40,0.80,0.0016,12,12
base,10,36,600,480,3,16,120,30,0.60,0.0017,12,12
base,10,36,600,480,3,16,120,30,0.70,0.0016,12,12
base,10,36,600,480,3,16,120,30,0.80,0.0018,12,12
base,10,36,600,480,3,16,120,40,0.60,0.0016,12,12
base,10,36,600,480,3,16,120,40,0.70,0.0016,12,12
base,10,36,600,480,3,16,120,40,0.80,0.0018,12,12
base,10,36,600,480,3,16,180,30,0.60,0.0016,12,12
base,10,36,600,480,3,16,180,30,0.70,0.0020,12,12
base,10,36,600,480,3,16,180,30,0.80,0.0016,12,12
base,10,36,600,480,3,16,180,40,0.60,0.0016,12,12
base,10,36,600,480,3,16,180,40,0.70,0.0017,12,12
base,10,36,600,480,3,16,180,40,0.80,0.0017,12,12
base,10,36,600,480,4,12,120,30,0.60,0.0017,12,12
base,10,36,600,480,4,12,120,30,0.70,0.0016,12,12
base,10,36,600,480,4,12,120,30,0.80,0.0017,12,12
base,10,36,600,480,4,12,120,40,0.60,0.0018,12,12
base,10,36,600,480,4,12,120,40,0.70,0.0017,12,12
base,10,36,600,480,4,12,120,40,0.80,0.0017,12,12
base,10,36,600,480,4,12,180,30,0.60,0.0017,12,12
base,10,36,600,480,4,12,180,30,0.70,0.0017,12,12
base,10,36,600,480,4,12,180,30,0.80,0.0016,12,12
base,10,36,600,480,4,12,180,40,0.60,0.0016,12,12
base,10,36,600,480,4,12,180,40,0.70,0.0015,12,12
base,10,36,600,480,4,12,180,40,0.80,0.0017,12,12
base,10,36,600,480,4,16,120,30,0.60,0.0017,12,12
base,10,36,600,480,4,16,120,30,0.70,0.0015,12,12
base,10,36,600,480,4,16,120,30,0.80,0.0017,12,12
base,10,36,600,480,4,16,120,40,0.60,0.0015,12,12
base,10,36,600,480,4,16,120,40,0.70,0.0016,12,12
base,10,36,600,480,4,16,120,40,0.80,0.0016,12,12
base,10,36,600,480,4,16,180,30,0.60,0.0018,12,12
base,10,36,600,480,4,16,180,30,0.70,0.0018,12,12
base,10,36,600,480,4,16,180,30,0.80,0.0016,12,12
base,10,36,600,480,4,16,180,40,0.60,0.0017,12,12
base,10,36,600,480,4,16,180,40,0.70,0.0016,12,12
base,10,36,600,480,4,16,180,40,0.80,0.0016,12,12
base,10,36,600,720,2,12,120,30,0.60,0.0015,12,12
base,10,36,600,720,2,12,120,30,0.70,0.0015,12,12
base,10,36,600,720,2,12,120,30,0.80,0.0018,12,12
base,10,36,600,720,2,12,120,40,0.60,0.0016,12,12
base,10,36,600,720,2,12,120,40,0.70,0.0018,12,12
base,10,36,600,720,2,12,120,40,0.80,0.0017,12,12
base,10,36,600,720,2,12,180,30,0.60,0.0017,12,12
base,10,36,600,720,2,12,180,30,0.70,0.0016,12,12
base,10,36,600,720,2,12,180,30,0.80,0.0015,12,12
base,10,36,600,720,2,12,180,40,0.60,0.0016,12,12
base,10,36,600,720,2,12,180,40,0.70,0.0015,12,12
base,10,36,600,720,2,12,180,40,0.80,0.0016,12,12
base,10,36,600,720,2,16,120,30,0.60,0.0016,12,12
base,10,36,600,720,2,16,120,30,0.70,0.0017,12,12
base,10,36,600,720,2,16,120,30,0.80,0.0017,12,12
base,10,36,600,720,2,16,120,40,0.60,0.0016,12,12
base,10,36,600,720,2,16,120,40,0.70,0.0017,12,12
base,10,36,600,720,2,16,120,40,0.80,0.0017,12,12
base,10,36,600,720,2,16,180,30,0.60,0.0020,12,12
base,10,36,600,720,2,16,180,30,0.70,0.0016,12,12
base,10,36,600,720,2,16,180,30,0.80,0.0017,12,12
base,10,36,600,720,2,16,180,40,0.60,0.0018,12,12
base,10,36,600,720,2,16,180,40,0.70,0.0018,12,12
base,10,36,600,720,2,16,180,40,0.80,0.0017,12,12
base,10,36,600,720,3,12,120,30,0.60,0.0015,12,12
base,10,36,600,720,3,12,120,30,0.70,0.0018,12,12
base,10,36,600,720,3,12,120,30,0.80,0.0015,12,12
base,10,36,600,720,3,12,120,40,0.60,0.0015,12,12
base,10,36,600,720,3,12,120,40,0.70,0.0017,12,12
base,10,36,600,720,3,12,120,40,0.80,0.0016,12,12
base,10,36,600,720,3,12,180,30,0.60,0.0019,12,12
base,10,36,600,720,3,12,180,30,0.70,0.0016,12,12
base,10,36,600,720,3,12,180,30,0.80,0.0016,12,12
base,10,36,600,720,3,12,180,40,0.60,0.0015,12,12
base,10,36,600,720,3,12,180,40,0.70,0.0015,12,12
base,10,36,600,720,3,12,180,40,0.80,0.0016,12,12
base,10,36,600,720,3,16,120,30,0.60,0.0015,12,12
base,10,36,600,720,3,16,120,30,0.70,0.0019,12,12
base,10,36,600,720,3,16,120,30,0.80,0.0017,12,12
base,10,36,600,720,3,16,120,40,0.60,0.0017,12,12
base,10,36,600,720,3,16,120,40,0.70,0.0017,12,12
base,10,36,600,720,3,16,120,40,0.80,0.0015,12,12
base,10,36,600,720,3,16,180,30,0.60,0.0017,12,12
base,10,36,600,720,3,16,180,30,0.70,0.0017,12,12
base,10,36,600,720,3,16,180,30,0.80,0.0016,12,12
base,10,36,600,720,3,16,180,40,0.60,0.0015,12,12
base,10,36,600,720,3,16,180,40,0.70,0.0015,12,12
base,10,36,600,720,3,16,180,40,0.80,0.0019,12,12
base,10,36,600,720,4,12,120,30,0.60,0.0018,12,12
base,10,36,600,720,4,12,120,30,0.70,0.0019,12,12
base,10,36,600,720,4,12,120,30,0.80,0.0016,12,12
base,10,36,600,720,4,12,120,40,0.60,0.0018,12,12
base,10,36,600,720,4,12,120,40,0.70,0.0016,12,12
base,10,36,600,720,4,12,120,40,0.80,0.0017,12,12
base,10,36,600,720,4,12,180,30,0.60,0.0016,12,12
base,10,36,600,720,4,12,180,30,0.70,0.0017,12,12
base,10,36,600,720,4,12,180,30,0.80,0.0018,12,12
base,10,36,600,720,4,12,180,40,0.60,0.0017,12,12
base,10,36,600,720,4,12,180,40,0.70,0.0018,12,12
base,10,36,600,720,4,12,180,40,0.80,0.0016,12,12
base,10,36,600,720,4,16,120,30,0.60,0.0018,12,12
base,10,36,600,720,4,16,120,30,0.70,0.0017,12,12
base,10,36,600,720,4,16,120,30,0.80,0.0017,12,12
base,10,36,600,720,4,16,120,40,0.60,0.0018,12,12
base,10,36,600,720,4,16,120,40,0.70,0.0017,12,12
base,10,36,600,720,4,16,120,40,0.80,0.0018,12,12
base,10,36,600,720,4,16,180,30,0.60,0.0017,12,12
base,10,36,600,720,4,16,180,30,0.70,0.0018,12,12
base,10,36,600,720,4,16,180,30,0.80,0.0017,12,12
base,10,36,600,720,4,16,180,40,0.60,0.0017,12,12
base,10,36,600,720,4,16,180,40,0.70,0.0017,12,12
base,10,36,600,720,4,16,180,40,0.80,0.0016,12,12
base,10,48,300,480,2,12,120,30,0.60,0.0018,12,12
base,10,48,300,480,2,12,120,30,0.70,0.0017,12,12
base,10,48,300,480,2,12,120,30,0.80,0.0019,12,12
base,10,48,300,480,2,12,120,40,0.60,0.0018,12,12
base,10,48,300,480,2,12,120,40,0.70,0.0018,12,12
base,10,48,300,480,2,12,120,40,0.80,0.0017,12,12
base,10,48,300,480,2,12,180,30,0.60,0.0017,12,12
base,10,48,300,480,2,12,180,30,0.70,0.0017,12,12
base,10,48,300,480,2,12,180,30,0.80,0.0017,12,12
base,10,48,300,480,2,12,180,40,0.60,0.0016,12,12
base,10,48,300,480,2,12,180,40,0.70,0.0016,12,12
base,10,48,300,480,2,12,180,40,0.80,0.0018,12,12
base,10,48,300,480,2,16,120,30,0.60,0.0016,12,12
base,10,48,300,480,2,16,120,30,0.70,0.0016,12,12
base,10,48,300,480,2,16,120,30,0.80,0.0016,12,12
base,10,48,300,480,2,16,120,40,0.60,0.0016,12,12
base,10,48,300,480,2,16,120,40,0.70,0.0020,12,12
base,10,48,300,480,2,16,120,40,0.80,0.0016,12,12
base,10,48,300,480,2,16,180,30,0.60,0.0018,12,12
base,10,48,300,480,2,16,180,30,0.70,0.0016,12,12
base,10,48,300,480,2,16,180,30,0.80,0.0017,12,12
base,10,48,300,480,2,16,180,40,0.60,0.0016,12,12
base,10,48,300,480,2,16,180,40,0.70,0.0016,12,12
base,10,48,300,480,2,16,180,40,0.80,0.0016,12,12
base,10,48,300,480,3,12,120,30,0.60,0.0016,12,12
base,10,48,300,480,3,12,120,30,0.70,0.0016,12,12
base,10,48,300,480,3,12,120,30,0.80,0.0016,12,12
base,10,48,300,480,3,12,120,40,0.60,0.0016,12,12
base,10,48,300,480,3,12,120,40,0.70,0.0017,12,12
base,10,48,300,480,3,12,120,40,0.80,0.0016,12,12
base,10,48,300,480,3,12,180,30,0.60,0.0018,12,12
base,10,48,300,480,3,12,180,30,0.70,0.0016,12,12
base,10,48,300,480,3,12,180,30,0.80,0.0017,12,12
base,10,48,300,480,3,12,180,40,0.60,0.0016,12,12
base,10,48,300,480,3,12,180,40,0.70,0.0016,12,12
base,10,48,300,480,3,12,180,40,0.80,0.0017,12,12
base,10,48,300,480,3,16,120,30,0.60,0.0016,12,12
base,10,48,300,480,3,16,120,30,0.70,0.0017,12,12
base,10,48,300,480,3,16,120,30,0.80,0.0016,12,12
base,10,48,300,480,3,16,120,40,0.60,0.0016,12,12
base,10,48,300,480,3,16,120,40,0.70,0.0016,12,12
base,10,48,300,480,3,16,120,40,0.80,0.0017,12,12
base,10,48,300,480,3,16,180,30,0.60,0.0017,12,12
base,10,48,300,480,3,16,180,30,0.70,0.0015,12,12
base,10,48,300,480,3,16,180,30,0.80,0.0019,12,12
base,10,48,300,480,3,16,180,40,0.60,0.0016,12,12
base,10,48,300,480,3,16,180,40,0.70,0.0015,12,12
base,10,48,300,480,3,16,180,40,0.80,0.0018,12,12
base,10,48,300,480,4,12,120,30,0.60,0.0017,12,12
base,10,48,300,480,4,12,120,30,0.70,0.0019,12,12
base,10,48,300,480,4,12,120,30,0.80,0.0018,12,12
base,10,48,300,480,4,12,120,40,0.60,0.0017,12,12
base,10,48,300,480,4,12,120,40,0.70,0.0016,12,12
base,10,48,300,480,4,12,120,40,0.80,0.0016,12,12
base,10,48,300,480,4,12,180,30,0.60,0.0018,12,12
base,10,48,300,480,4,12,180,30,0.70,0.0015,12,12
base,10,48,300,480,4,12,180,30,0.80,0.0018,12,12
base,10,48,300,480,4,12,180,40,0.60,0.0017,12,12
base,10,48,300,480,4,12,180,40,0.70,0.0018,12,12
base,10,48,300,480,4,12,180,40,0.80,0.0017,12,12
base,10,48,300,480,4,16,120,30,0.60,0.0017,12,12
base,10,48,300,480,4,16,120,30,0.70,0.0016,12,12
base,10,48,300,480,4,16,120,30,0.80,0.0015,12,12
base,10,48,300,480,4,16,120,40,0.60,0.0016,12,12
base,10,48,300,480,4,16,120,40,0.70,0.0015,12,12
base,10,48,300,480,4,16,120,40,0.80,0.0017,12,12
base,10,48,300,480,4,16,180,30,0.60,0.0016,12,12
base,10,48,300,480,4,16,180,30,0.70,0.0015,12,12
base,10,48,300,480,4,16,180,30,0.80,0.0017,12,12
base,10,48,300,480,4,16,180,40,0.60,0.0016,12,12
base,10,48,300,480,4,16,180,40,0.70,0.0016,12,12
base,10,48,300,480,4,16,180,40,0.80,0.0016,12,12
base,10,48,300,720,2,12,120,30,0.60,0.0016,12,12
base,10,48,300,720,2,12,120,30,0.70,0.0017,12,12
base,10,48,300,720,2,12,120,30,0.80,0.0016,12,12
base,10,48,300,720,2,12,120,40,0.60,0.0016,12,12
base,10,48,300,720,2,12,120,40,0.70,0.0017,12,12
base,10,48,300,720,2,12,120,40,0.80,0.0016,12,12
base,10,48,300,720,2,12,180,30,0.60,0.0016,12,12
base,10,48,300,720,2,12,180,30,0.70,0.0017,12,12
base,10,48,300,720,2,12,180,30,0.80,0.0017,12,12
base,10,48,300,720,2,12,180,40,0.60,0.0017,12,12
base,10,48,300,720,2,12,180,40,0.70,0.0016,12,12
base,10,48,300,720,2,12,180,40,0.80,0.0015,12,12
base,10,48,300,720,2,16,120,30,0.60,0.0015,12,12
base,10,48,300,720,2,16,120,30,0.70,0.0017,12,12
base,10,48,300,720,2,16,120,30,0.80,0.0015,12,12
base,10,48,300,720,2,16,120,40,0.60,0.0017,12,12
base,10,48,300,720,2,16,120,40,0.70,0.0015,12,12
base,10,48,300,720,2,16,120,40,0.80,0.0018,12,12
base,10,48,300,720,2,16,180,30,0.60,0.0019,12,12
base,10,48,300,720,2,16,180,30,0.70,0.0017,12,12
base,10,48,300,720,2,16,180,30,0.80,0.0016,12,12
base,10,48,300,720,2,16,180,40,0.60,0.0015,12,12
base,10,48,300,720,2,16,180,40,0.70,0.0016,12,12
base,10,48,300,720,2,16,180,40,0.80,0.0016,12,12
base,10,48,300,720,3,12,120,30,0.60,0.0015,12,12
base,10,48,300,720,3,12,120,30,0.70,0.0016,12,12
base,10,48,300,720,3,12,120,30,0.80,0.0016,12,12
base,10,48,300,720,3,12,120,40,0.60,0.0016,12,12
base,10,48,300,720,3,12,120,40,0.70,0.0017,12,12
base,10,48,300,720,3,12,120,40,0.80,0.0017,12,12
base,10,48,300,720,3,12,180,30,0.60,0.0019,12,12
base,10,48,300,720,3,12,180,30,0.70,0.0017,12,12
base,10,48,300,720,3,12,180,30,0.80,0.0018,12,12
base,10,48,300,720,3,12,180,40,0.60,0.0017,12,12
base,10,48,300,720,3,12,180,40,0.70,0.0020,12,12
base,10,48,300,720,3,12,180,40,0.80,0.0016,12,12
base,10,48,300,720,3,16,120,30,0.60,0.0017,12,12
base,10,48,300,720,3,16,120,30,0.70,0.0017,12,12
base,10,48,300,720,3,16,120,30,0.80,0.0016,12,12
base,10,48,300,720,3,16,120,40,0.60,0.0016,12,12
base,10,48,300,720,3,16,120,40,0.70,0.0015,12,12
base,10,48,300,720,3,16,120,40,0.80,0.0017,12,12
base,10,48,300,720,3,16,180,30,0.60,0.0016,12,12
base,10,48,300,720,3,16,180,30,0.70,0.0017,12,12
base,10,48,300,720,3,16,180,30,0.80,0.0016,12,12
base,10,48,300,720,3,16,180,40,0.60,0.0017,12,12
base,10,48,300,720,3,16,180,40,0.70,0.0018,12,12
base,10,48,300,720,3,16,180,40,0.80,0.0017,12,12
base,10,48,300,720,4,12,120,30,0.60,0.0017,12,12
base,10,48,300,720,4,12,120,30,0.70,0.0016,12,12
base,10,48,300,720,4,12,120,30,0.80,0.0016,12,12
base,10,48,300,720,4,12,120,40,0.60,0.0016,12,12
base,10,48,300,720,4,12,120,40,0.70,0.0016,12,12
base,10,48,300,720,4,12,120,40,0.80,0.0019,12,12
base,10,48,300,720,4,12,180,30,0.60,0.0016,12,12
base,10,48,300,720,4,12,180,30,0.70,0.0017,12,12
base,10,48,300,720,4,12,180,30,0.80,0.0016,12,12
base,10,48,300,720,4,12,180,40,0.60,0.0016,12,12
base,10,48,300,720,4,12,180,40,0.70,0.0018,12,12
base,10,48,300,720,4,12,180,40,0.80,0.0017,12,12
base,10,48,300,720,4,16,120,30,0.60,0.0016,12,12
base,10,48,300,720,4,16,120,30,0.70,0.0015,12,12
base,10,48,300,720,4,16,120,30,0.80,0.0016,12,12
base,10,48,300,720,4,16,120,40,0.60,0.0018,12,12
base,10,48,300,720,4,16,120,40,0.70,0.0017,12,12
base,10,48,300,720,4,16,120,40,0.80,0.0016,12,12
base,10,48,300,720,4,16,180,30,0.60,0.0016,12,12
base,10,48,300,720,4,16,180,30,0.70,0.0017,12,12
base,10,48,300,720,4,16,180,30,0.80,0.0017,12,12
base,10,48,300,720,4,16,180,40,0.60,0.0018,12,12
base,10,48,300,720,4,16,180,40,0.70,0.0016,12,12
base,10,48,300,720,4,16,180,40,0.80,0.0017,12,12
base,10,48,600,480,2,12,120,30,0.60,0.0016,12,12
base,10,48,600,480,2,12,120,30,0.70,0.0016,12,12
base,10,48,600,480,2,12,120,30,0.80,0.0017,12,12
base,10,48,600,480,2,12,120,40,0.60,0.0015,12,12
base,10,48,600,480,2,12,120,40,0.70,0.0018,12,12
base,10,48,600,480,2,12,120,40,0.80,0.0016,12,12
base,10,48,600,480,2,12,180,30,0.60,0.0016,12,12
base,10,48,600,480,2,12,180,30,0.70,0.0019,12,12
base,10,48,600,480,2,12,180,30,0.80,0.0016,12,12
base,10,48,600,480,2,12,180,40,0.60,0.0018,12,12
base,10,48,600,480,2,12,180,40,0.70,0.0017,12,12
base,10,48,600,480,2,12,180,40,0.80,0.0018,12,12
base,10,48,600,480,2,16,120,30,0.60,0.0017,12,12
base,10,48,600,480,2,16,120,30,0.70,0.0019,12,12
base,10,48,600,480,2,16,120,30,0.80,0.0025,12,12
base,10,48,600,480,2,16,120,40,0.60,0.0025,12,12
base,10,48,600,480,2,16,120,40,0.70,0.0024,12,12
base,10,48,600,480,2,16,120,40,0.80,0.0025,12,12
base,10,48,600,480,2,16,180,30,0.60,0.0025,12,12
base,10,48,600,480,2,16,180,30,0.70,0.0023,12,12
base,10,48,600,480,2,16,180,30,0.80,0.0024,12,12
base,10,48,600,480,2,16,180,40,0.60,0.0018,12,12
base,10,48,600,480,2,16,180,40,0.70,0.0018,12,12
base,10,48,600,480,2,16,180,40,0.80,0.0017,12,12
base,10,48,600,480,3,12,120,30,0.60,0.0017,12,12
base,10,48,600,480,3,12,120,30,0.70,0.0016,12,12
base,10,48,600,480,3,12,120,30,0.80,0.0017,12,12
base,10,48,600,480,3,12,120,40,0.60,0.0018,12,12
base,10,48,600,480,3,12,120,40,0.70,0.0017,12,12
base,10,48,600,480,3,12,120,40,0.80,0.0019,12,12
base,10,48,600,480,3,12,180,30,0.60,0.0017,12,12
base,10,48,600,480,3,12,180,30,0.70,0.0017,12,12
base,10,48,600,480,3,12,180,30,0.80,0.0018,12,12
base,10,48,600,480,3,12,180,40,0.60,0.0016,12,12
base,10,48,600,480,3,12,180,40,0.70,0.0016,12,12
base,10,48,600,480,3,12,180,40,0.80,0.0016,12,12
base,10,48,600,480,3,16,120,30,0.60,0.0018,12,12
base,10,48,600,480,3,16,120,30,0.70,0.0017,12,12
base,10,48,600,480,3,16,120,30,0.80,0.0017,12,12
base,10,48,600,480,3,16,120,40,0.60,0.0016,12,12
base,10,48,600,480,3,16,120,40,0.70,0.0018,12,12
base,10,48,600,480,3,16,120,40,0.80,0.0015,12,12
base,10,48,600,480,3,16,180,30,0.60,0.0015,12,12
base,10,48,600,480,3,16,180,30,0.70,0.0018,12,12
base,10,48,600,480,3,16,180,30,0.80,0.0015,12,12
base,10,48,600,480,3,16,180,40,0.60,0.0017,12,12
base,10,48,600,480,3,16,180,40,0.70,0.0016,12,12
base,10,48,600,480,3,16,180,40,0.80,0.0016,12,12
base,10,48,600,480,4,12,120,30,0.60,0.0018,12,12
base,10,48,600,480,4,12,120,30,0.70,0.0016,12,12
base,10,48,600,480,4,12,120,30,0.80,0.0016,12,12
base,10,48,600,480,4,12,120,40,0.60,0.0015,12,12
base,10,48,600,480,4,12,120,40,0.70,0.0018,12,12
base,10,48,600,480,4,12,120,40,0.80,0.0016,12,12
base,10,48,600,480,4,12,180,30,0.60,0.0017,12,12
base,10,48,600,480,4,12,180,30,0.70,0.0017,12,12
base,10,48,600,480,4,12,180,30,0.80,0.0015,12,12
base,10,48,600,480,4,12,180,40,0.60,0.0016,12,12
base,10,48,600,480,4,12,180,40,0.70,0.0016,12,12
base,10,48,600,480,4,12,180,40,0.80,0.0015,12,12
base,10,48,600,480,4,16,120,30,0.60,0.0016,12,12
base,10,48,600,480,4,16,120,30,0.70,0.0015,12,12
base,10,48,600,480,4,16,120,30,0.80,0.0017,12,12
base,10,48,600,480,4,16,120,40,0.60,0.0016,12,12
base,10,48,600,480,4,16,120,40,0.70,0.0015,12,12
base,10,48,600,480,4,16,120,40,0.80,0.0017,12,12
base,10,48,600,480,4,16,180,30,0.60,0.0015,12,12
base,10,48,600,480,4,16,180,30,0.70,0.0016,12,12
base,10,48,600,480,4,16,180,30,0.80,0.0017,12,12
base,10,48,600,480,4,16,180,40,0.60,0.0017,12,12
base,10,48,600,480,4,16,180,40,0.70,0.0016,12,12
base,10,48,600,480,4,16,180,40,0.80,0.0016,12,12
base,10,48,600,720,2,12,120,30,0.60,0.0016,12,12
base,10,48,600,720,2,12,120,30,0.70,0.0016,12,12
base,10,48,600,720,2,12,120,30,0.80,0.0016,12,12
base,10,48,600,720,2,12,120,40,0.60,0.0018,12,12
base,10,48,600,720,2,12,120,40,0.70,0.0016,12,12
base,10,48,600,720,2,12,120,40,0.80,0.0016,12,12
base,10,48,600,720,2,12,180,30,0.60,0.0016,12,12
base,10,48,600,720,2,12,180,30,0.70,0.0016,12,12
base,10,48,600,720,2,12,180,30,0.80,0.0016,12,12
base,10,48,600,720,2,12,180,40,0.60,0.0017,12,12
base,10,48,600,720,2,12,180,40,0.70,0.0019,12,12
base,10,48,600,720,2,12,180,40,0.80,0.0016,12,12
base,10,48,600,720,2,16,120,30,0.60,0.0017,12,12
base,10,48,600,720,2,16,120,30,0.70,0.0016,12,12
base,10,48,600,720,2,16,120,30,0.80,0.0016,12,12
base,10,48,600,720,2,16,120,40,0.60,0.0017,12,12
base,10,48,600,720,2,16,120,40,0.70,0.0015,12,12
base,10,48,600,720,2,16,120,40,0.80,0.0017,12,12
base,10,48,600,720,2,16,180,30,0.60,0.0017,12,12
base,10,48,600,720,2,16,180,30,0.70,0.0018,12,12
base,10,48,600,720,2,16,180,30,0.80,0.0016,12,12
base,10,48,600,720,2,16,180,40,0.60,0.0017,12,12
base,10,48,600,720,2,16,180,40,0.70,0.0018,12,12
base,10,48,600,720,2,16,180,40,0.80,0.0016,12,12
base,10,48,600,720,3,12,120,30,0.60,0.0016,12,12
base,10,48,600,720,3,12,120,30,0.70,0.0017,12,12
base,10,48,600,720,3,12,120,30,0.80,0.0017,12,12
base,10,48,600,720,3,12,120,40,0.60,0.0016,12,12
base,10,48,600,720,3,12,120,40,0.70,0.0016,12,12
base,10,48,600,720,3,12,120,40,0.80,0.0018,12,12
base,10,48,600,720,3,12,180,30,0.60,0.0017,12,12
base,10,48,600,720,3,12,180,30,0.70,0.0017,12,12
base,10,48,600,720,3,12,180,30,0.80,0.0016,12,12
base,10,48,600,720,3,12,180,40,0.60,0.0017,12,12
base,10,48,600,720,3,12,180,40,0.70,0.0018,12,12
base,10,48,600,720,3,12,180,40,0.80,0.0018,12,12
base,10,48,600,720,3,16,120,30,0.60,0.0017,12,12
base,10,48,600,720,3,16,120,30,0.70,0.0015,12,12
base,10,48,600,720,3,16,120,30,0.80,0.0017,12,12
base,10,48,600,720,3,16,120,40,0.60,0.0015,12,12
base,10,48,600,720,3,16,120,40,0.70,0.0018,12,12
base,10,48,600,720,3,16,120,40,0.80,0.0015,12,12
base,10,48,600,720,3,16,180,30,0.60,0.0016,12,12
base,10,48,600,720,3,16,180,30,0.70,0.0017,12,12
base,10,48,600,720,3,16,180,30,0.80,0.0019,12,12
base,10,48,600,720,3,16,180,40,0.60,0.0026,12,12
base,10,48,600,720,3,16,180,40,0.70,0.0028,12,12
base,10,48,600,720,3,16,180,40,0.80,0.0023,12,12
base,10,48,600,720,4,12,120,30,0.60,0.0016,12,12
base,10,48,600,720,4,12,120,30,0.70,0.0015,12,12
base,10,48,600,720,4,12,120,30,0.80,0.0015,12,12
base,10,48,600,720,4,12,120,40,0.60,0.0017,12,12
base,10,48,600,720,4,12,120,40,0.70,0.0016,12,12
base,10,48,600,720,4,12,120,40,0.80,0.0016,12,12
base,10,48,600,720,4,12,180,30,0.60,0.0016,12,12
base,10,48,600,720,4,12,180,30,0.70,0.0016,12,12
base,10,48,600,720,4,12,180,30,0.80,0.0016,12,12
base,10,48,600,720,4,12,180,40,0.60,0.0015,12,12
base,10,48,600,720,4,12,180,40,0.70,0.0017,12,12
base,10,48,600,720,4,12,180,40,0.80,0.0016,12,12
base,10,48,600,720,4,16,120,30,0.60,0.0015,12,12
base,10,48,600,720,4,16,120,30,0.70,0.0015,12,12
base,10,48,600,720,4,16,120,30,0.80,0.0016,12,12
base,10,48,600,720,4,16,120,40,0.60,0.0016,12,12
base,10,48,600,720,4,16,120,40,0.70,0.0015,12,12
base,10,48,600,720,4,16,120,40,0.80,0.0015,12,12
base,10,48,600,720,4,16,180,30,0.60,0.0017,12,12
base,10,48,600,720,4,16,180,30,0.70,0.0016,12,12
base,10,48,600,720,4,16,180,30,0.80,0.0018,12,12
base,10,48,600,720,4,16,180,40,0.60,0.0016,12,12
base,10,48,600,720,4,16,180,40,0.70,0.0016,12,12
base,10,48,600,720,4,16,180,40,0.80,0.0016,12,12
base,12,24,300,480,2,12,120,30,0.60,0.0015,12,12
base,12,24,300,480,2,12,120,30,0.70,0.0017,12,12
base,12,24,300,480,2,12,120,30,0.80,0.0016,12,12
base,12,24,300,480,2,12,120,40,0.60,0.0017,12,12
base,12,24,300,480,2,12,120,40,0.70,0.0016,12,12
base,12,24,300,480,2,12,120,40,0.80,0.0017,12,12
base,12,24,300,480,2,12,180,30,0.60,0.0018,12,12
base,12,24,300,480,2,12,180,30,0.70,0.0016,12,12
base,12,24,300,480,2,12,180,30,0.80,0.0016,12,12
base,12,24,300,480,2,12,180,40,0.60,0.0016,12,12
base,12,24,300,480,2,12,180,40,0.70,0.0015,12,12
base,12,24,300,480,2,12,180,40,0.80,0.0016,12,12
base,12,24,300,480,2,16,120,30,0.60,0.0017,12,12
base,12,24,300,480,2,16,120,30,0.70,0.0017,12,12
base,12,24,300,480,2,16,120,30,0.80,0.0016,12,12
base,12,24,300,480,2,16,120,40,0.60,0.0017,12,12
base,12,24,300,480,2,16,120,40,0.70,0.0016,12,12
base,12,24,300,480,2,16,120,40,0.80,0.0016,12,12
base,12,24,300,480,2,16,180,30,0.60,0.0017,12,12
base,12,24,300,480,2,16,180,30,0.70,0.0017,12,12
base,12,24,300,480,2,16,180,30,0.80,0.0017,12,12
base,12,24,300,480,2,16,180,40,0.60,0.0015,12,12
base,12,24,300,480,2,16,180,40,0.70,0.0015,12,12
base,12,24,300,480,2,16,180,40,0.80,0.0017,12,12
base,12,24,300,480,3,12,120,30,0.60,0.0016,12,12
base,12,24,300,480,3,12,120,30,0.70,0.0018,12,12
base,12,24,300,480,3,12,120,30,0.80,0.0016,12,12
base,12,24,300,480,3,12,120,40,0.60,0.0017,12,12
base,12,24,300,480,3,12,120,40,0.70,0.0016,12,12
base,12,24,300,480,3,12,120,40,0.80,0.0016,12,12
base,12,24,300,480,3,12,180,30,0.60,0.0017,12,12
base,12,24,300,480,3,12,180,30,0.70,0.0015,12,12
base,12,24,300,480,3,12,180,30,0.80,0.0016,12,12
base,12,24,300,480,3,12,180,40,0.60,0.0017,12,12
base,12,24,300,480,3,12,180,40,0.70,0.0015,12,12
base,12,24,300,480,3,12,180,40,0.80,0.0016,12,12
base,12,24,300,480,3,16,120,30,0.60,0.0016,12,12
base,12,24,300,480,3,16,120,30,0.70,0.0017,12,12
base,12,24,300,480,3,16,120,30,0.80,0.0015,12,12
base,12,24,300,480,3,16,120,40,0.60,0.0015,12,12
base,12,24,300,480,3,16,120,40,0.70,0.0016,12,12
base,12,24,300,480,3,16,120,40,0.80,0.0016,12,12
base,12,24,300,480,3,16,180,30,0.60,0.0017,12,12
base,12,24,300,480,3,16,180,30,0.70,0.0016,12,12
base,12,24,300,480,3,16,180,30,0.80,0.0017,12,12
base,12,24,300,480,3,16,180,40,0.60,0.0016,12,12
base,12,24,300,480,3,16,180,40,0.70,0.0015,12,12
base,12,24,300,480,3,16,180,40,0.80,0.0022,12,12
base,12,24,300,480,4,12,120,30,0.60,0.0015,12,12
base,12,24,300,480,4,12,120,30,0.70,0.0016,12,12
base,12,24,300,480,4,12,120,30,0.80,0.0015,12,12
base,12,24,300,480,4,12,120,40,0.60,0.0015,12,12
base,12,24,300,480,4,12,120,40,0.70,0.0016,12,12
base,12,24,300,480,4,12,120,40,0.80,0.0016,12,12
base,12,24,300,480,4,12,180,30,0.60,0.0016,12,12
base,12,24,300,480,4,12,180,30,0.70,0.0015,12,12
base,12,24,300,480,4,12,180,30,0.80,0.0015,12,12
base,12,24,300,480,4,12,180,40,0.60,0.0017,12,12
base,12,24,300,480,4,12,180,40,0.70,0.0016,12,12
base,12,24,300,480,4,12,180,40,0.80,0.0016,12,12
base,12,24,300,480,4,16,120,30,0.60,0.0016,12,12
base,12,24,300,480,4,16,120,30,0.70,0.0016,12,12
base,12,24,300,480,4,16,120,30,0.80,0.0016,12,12
base,12,24,300,480,4,16,120,40,0.60,0.0015,12,12
base,12,24,300,480,4,16,120,40,0.70,0.0016,12,12
base,12,24,300,480,4,16,120,40,0.80,0.0015,12,12
base,12,24,300,480,4,16,180,30,0.60,0.0017,12,12
base,12,24,300,480,4,16,180,30,0.70,0.0016,12,12
base,12,24,300,480,4,16,180,30,0.80,0.0016,12,12
base,12,24,300,480,4,16,180,40,0.60,0.0017,12,12
base,12,24,300,480,4,16,180,40,0.70,0.0015,12,12
base,12,24,300,480,4,16,180,40,0.80,0.0016,12,12
base,12,24,300,720,2,12,120,30,0.60,0.0016,12,12
base,12,24,300,720,2,12,120,30,0.70,0.0017,12,12
base,12,24,300,720,2,12,120,30,0.80,0.0020,12,12
base,12,24,300,720,2,12,120,40,0.60,0.0015,12,12
base,12,24,300,720,2,12,120,40,0.70,0.0016,12,12
base,12,24,300,720,2,12,120,40,0.80,0.0015,12,12
base,12,24,300,720,2,12,180,30,0.60,0.0017,12,12
base,12,24,300,720,2,12,180,30,0.70,0.0015,12,12
base,12,24,300,720,2,12,180,30,0.80,0.0016,12,12
base,12,24,300,720,2,12,180,40,0.60,0.0018,12,12
base,12,24,300,720,2,12,180,40,0.70,0.0015,12,12
base,12,24,300,720,2,12,180,40,0.80,0.0017,12,12
base,12,24,300,720,2,16,120,30,0.60,0.0015,12,12
base,12,24,300,720,2,16,120,30,0.70,0.0016,12,12
base,12,24,300,720,2,16,120,30,0.80,0.0017,12,12
base,12,24,300,720,2,16,120,40,0.60,0.0016,12,12
base,12,24,300,720,2,16,120,40,0.70,0.0017,12,12
base,12,24,300,720,2,16,120,40,0.80,0.0017,12,12
base,12,24,300,720,2,16,180,30,0.60,0.0016,12,12
base,12,24,300,720,2,16,180,30,0.70,0.0016,12,12
base,12,24,300,720,2,16,180,30,0.80,0.0015,12,12
base,12,24,300,720,2,16,180,40,0.60,0.0016,12,12
base,12,24,300,720,2,16,180,40,0.70,0.0015,12,12
base,12,24,300,720,2,16,180,40,0.80,0.0015,12,12
base,12,24,300,720,3,12,120,30,0.60,0.0016,12,12
base,12,24,300,720,3,12,120,30,0.70,0.0015,12,12
base,12,24,300,720,3,12,120,30,0.80,0.0016,12,12
base,12,24,300,720,3,12,120,40,0.60,0.0015,12,12
base,12,24,300,720,3,12,120,40,0.70,0.0015,12,12
base,12,24,300,720,3,12,120,40,0.80,0.0015,12,12
base,12,24,300,720,3,12,180,30,0.60,0.0015,12,12
base,12,24,300,720,3,12,180,30,0.70,0.0018,12,12
base,12,24,300,720,3,12,180,30,0.80,0.0015,12,12
base,12,24,300,720,3,12,180,40,0.60,0.0015,12,12
base,12,24,300,720,3,12,180,40,0.70,0.0016,12,12
base,12,24,300,720,3,12,180,40,0.80,0.0015,12,12
base,12,24,300,720,3,16,120,30,0.60,0.0021,12,12
base,12,24,300,720,3,16,120,30,0.70,0.0016,12,12
base,12,24,300,720,3,16,120,30,0.80,0.0016,12,12
base,12,24,300,720,3,16,120,40,0.60,0.0015,12,12
base,12,24,300,720,3,16,120,40,0.70,0.0015,12,12
base,12,24,300,720,3,16,120,40,0.80,0.0016,12,12
base,12,24,300,720,3,16,180,30,0.60,0.0015,12,12
base,12,24,300,720,3,16,180,30,0.70,0.0016,12,12
base,12,24,300,720,3,16,180,30,0.80,0.0015,12,12
base,12,24,300,720,3,16,180,40,0.60,0.0016,12,12
base,12,24,300,720,3,16,180,40,0.70,0.0017,12,12
base,12,24,300,720,3,16,180,40,0.80,0.0017,12,12
base,12,24,300,720,4,12,120,30,0.60,0.0018,12,12
base,12,24,300,720,4,12,120,30,0.70,0.0016,12,12
base,12,24,300,720,4,12,120,30,0.80,0.0016,12,12
base,12,24,300,720,4,12,120,40,0.60,0.0016,12,12
base,12,24,300,720,4,12,120,40,0.70,0.0015,12,12
base,12,24,300,720,4,12,120,40,0.80,0.0017,12,12
base,12,24,300,720,4,12,180,30,0.60,0.0015,12,12
base,12,24,300,720,4,12,180,30,0.70,0.0016,12,12
base,12,24,300,720,4,12,180,30,0.80,0.0017,12,12
base,12,24,300,720,4,12,180,40,0.60,0.0016,12,12
base,12,24,300,720,4,12,180,40,0.70,0.0017,12,12
base,12,24,300,720,4,12,180,40,0.80,0.0016,12,12
base,12,24,300,720,4,16,120,30,0.60,0.0016,12,12
base,12,24,300,720,4,16,120,30,0.70,0.0015,12,12
base,12,24,300,720,4,16,120,30,0.80,0.0015,12,12
base,12,24,300,720,4,16,120,40,0.60,0.0018,12,12
base,12,24,300,720,4,16,120,40,0.70,0.0015,12,12
base,12,24,300,720,4,16,120,40,0.80,0.0017,12,12
base,12,24,300,720,4,16,180,30,0.60,0.0016,12,12
base,12,24,300,720,4,16,180,30,0.70,0.0018,12,12
base,12,24,300,720,4,16,180,30,0.80,0.0016,12,12
base,12,24,300,720,4,16,180,40,0.60,0.0015,12,12
base,12,24,300,720,4,16,180,40,0.70,0.0018,12,12
base,12,24,300,720,4,16,180,40,0.80,0.0015,12,12
base,12,24,600,480,2,12,120,30,0.60,0.0016,12,12
base,12,24,600,480,2,12,120,30,0.70,0.0015,12,12
base,12,24,600,480,2,12,120,30,0.80,0.0015,12,12
base,12,24,600,480,2,12,120,40,0.60,0.0017,12,12
base,12,24,600,480,2,12,120,40,0.70,0.0016,12,12
base,12,24,600,480,2,12,120,40,0.80,0.0017,12,12
base,12,24,600,480,2,12,180,30,0.60,0.0016,12,12
base,12,24,600,480,2,12,180,30,0.70,0.0015,12,12
base,12,24,600,480,2,12,180,30,0.80,0.0017,12,12
base,12,24,600,480,2,12,180,40,0.60,0.0015,12,12
base,12,24,600,480,2,12,180,40,0.70,0.0017,12,12
base,12,24,600,480,2,12,180,40,0.80,0.0015,12,12
base,12,24,600,480,2,16,120,30,0.60,0.0016,12,12
base,12,24,600,480,2,16,120,30,0.70,0.0016,12,12
base,12,24,600,480,2,16,120,30,0.80,0.0015,12,12
base,12,24,600,480,2,16,120,40,0.60,0.0016,12,12
base,12,24,600,480,2,16,120,40,0.70,0.0018,12,12
base,12,24,600,480,2,16,120,40,0.80,0.0016,12,12
base,12,24,600,480,2,16,180,30,0.60,0.0016,12,12
base,12,24,600,480,2,16,180,30,0.70,0.0015,12,12
base,12,24,600,480,2,16,180,30,0.80,0.0016,12,12
base,12,24,600,480,2,16,180,40,0.60,0.0019,12,12
base,12,24,600,480,2,16,180,40,0.70,0.0016,12,12
base,12,24,600,480,2,16,180,40,0.80,0.0016,12,12
base,12,24,600,480,3,12,120,30,0.60,0.0016,12,12
base,12,24,600,480,3,12,120,30,0.70,0.0019,12,12
base,12,24,600,480,3,12,120,30,0.80,0.0015,12,12
base,12,24,600,480,3,12,120,40,0.60,0.0018,12,12
base,12,24,600,480,3,12,120,40,0.70,0.0015,12,12
base,12,24,600,480,3,12,120,40,0.80,0.0017,12,12
base,12,24,600,480,3,12,180,30,0.60,0.0016,12,12
base,12,24,600,480,3,12,180,30,0.70,0.0016,12,12
base,12,24,600,480,3,12,180,30,0.80,0.0018,12,12
base,12,24,600,480,3,12,180,40,0.60,0.0015,12,12
base,12,24,600,480,3,12,180,40,0.70,0.0017,12,12
base,12,24,600,480,3,12,180,40,0.80,0.0016,12,12
base,12,24,600,480,3,16,120,30,0.60,0.0018,12,12
base,12,24,600,480,3,16,120,30,0.70,0.0016,12,12
base,12,24,600,480,3,16,120,30,0.80,0.0016,12,12
base,12,24,600,480,3,16,120,40,0.60,0.0017,12,12
base,12,24,600,480,3,16,120,40,0.70,0.0015,12,12
base,12,24,600,480,3,16,120,40,0.80,0.0016,12,12
base,12,24,600,480,3,16,180,30,0.60,0.0016,12,12
base,12,24,600,480,3,16,180,30,0.70,0.0016,12,12
base,12,24,600,480,3,16,180,30,0.80,0.0017,12,12
base,12,24,600,480,3,16,180,40,0.60,0.0017,12,12
base,12,24,600,480,3,16,180,40,0.70,0.0018,12,12
base,12,24,600,480,3,16,180,40,0.80,0.0015,12,12
base,12,24,600,480,4,12,120,30,0.60,0.0016,12,12
base,12,24,600,480,4,12,120,30,0.70,0.0017,12,12
base,12,24,600,480,4,12,120,30,0.80,0.0016,12,12
base,12,24,600,480,4,12,120,40,0.60,0.0017,12,12
base,12,24,600,480,4,12,120,40,0.70,0.0017,12,12
base,12,24,600,480,4,12,120,40,0.80,0.0017,12,12
base,12,24,600,480,4,12,180,30,0.60,0.0016,12,12
base,12,24,600,480,4,12,180,30,0.70,0.0016,12,12
base,12,24,600,480,4,12,180,30,0.80,0.0017,12,12
base,12,24,600,480,4,12,180,40,0.60,0.0015,12,12
base,12,24,600,480,4,12,180,40,0.70,0.0018,12,12
base,12,24,600,480,4,12,180,40,0.80,0.0017,12,12
base,12,24,600,480,4,16,120,30,0.60,0.0017,12,12
base,12,24,600,480,4,16,120,30,0.70,0.0017,12,12
base,12,24,600,480,4,16,120,30,0.80,0.0017,12,12
base,12,24,600,480,4,16,120,40,0.60,0.0017,12,12
base,12,24,600,480,4,16,120,40,0.70,0.0015,12,12
base,12,24,600,480,4,16,120,40,0.80,0.0017,12,12
base,12,24,600,480,4,16,180,30,0.60,0.0016,12,12
base,12,24,600,480,4,16,180,30,0.70,0.0016,12,12
base,12,24,600,480,4,16,180,30,0.80,0.0017,12,12
base,12,24,600,480,4,16,180,40,0.60,0.0015,12,12
base,12,24,600,480,4,16,180,40,0.70,0.0017,12,12
base,12,24,600,480,4,16,180,40,0.80,0.0015,12,12
base,12,24,600,720,2,12,120,30,0.60,0.0016,12,12
base,12,24,600,720,2,12,120,30,0.70,0.0015,12,12
base,12,24,600,720,2,12,120,30,0.80,0.0015,12,12
base,12,24,600,720,2,12,120,40,0.60,0.0016,12,12
base,12,24,600,720,2,12,120,40,0.70,0.0019,12,12
base,12,24,600,720,2,12,120,40,0.80,0.0023,12,12
base,12,24,600,720,2,12,180,30,0.60,0.0023,12,12
base,12,24,600,720,2,12,180,30,0.70,0.0021,12,12
base,12,24,600,720,2,12,180,30,0.80,0.0019,12,12
base,12,24,600,720,2,12,180,40,0.60,0.0021,12,12
base,12,24,600,720,2,12,180,40,0.70,0.0018,12,12
base,12,24,600,720,2,12,180,40,0.80,0.0025,12,12
base,12,24,600,720,2,16,120,30,0.60,0.0017,12,12
base,12,24,600,720,2,16,120,30,0.70,0.0017,12,12
base,12,24,600,720,2,16,120,30,0.80,0.0016,12,12
base,12,24,600,720,2,16,120,40,0.60,0.0018,12,12
base,12,24,600,720,2,16,120,40,0.70,0.0016,12,12
base,12,24,600,720,2,16,120,40,0.80,0.0018,12,12
base,12,24,600,720,2,16,180,30,0.60,0.0017,12,12
base,12,24,600,720,2,16,180,30,0.70,0.0017,12,12
base,12,24,600,720,2,16,180,30,0.80,0.0020,12,12
base,12,24,600,720,2,16,180,40,0.60,0.0018,12,12
base,12,24,600,720,2,16,180,40,0.70,0.0019,12,12
base,12,24,600,720,2,16,180,40,0.80,0.0016,12,12
base,12,24,600,720,3,12,120,30,0.60,0.0021,12,12
base,12,24,600,720,3,12,120,30,0.70,0.0023,12,12
base,12,24,600,720,3,12,120,30,0.80,0.0022,12,12
base,12,24,600,720,3,12,120,40,0.60,0.0020,12,12
base,12,24,600,720,3,12,120,40,0.70,0.0020,12,12
base,12,24,600,720,3,12,120,40,0.80,0.0021,12,12
base,12,24,600,720,3,12,180,30,0.60,0.0023,12,12
base,12,24,600,720,3,12,180,30,0.70,0.0021,12,12
base,12,24,600,720,3,12,180,30,0.80,0.0017,12,12
base,12,24,600,720,3,12,180,40,0.60,0.0020,12,12
base,12,24,600,720,3,12,180,40,0.70,0.0018,12,12
base,12,24,600,720,3,12,180,40,0.80,0.0020,12,12
base,12,24,600,720,3,16,120,30,0.60,0.0018,12,12
base,12,24,600,720,3,16,120,30,0.70,0.0023,12,12
base,12,24,600,720,3,16,120,30,0.80,0.0025,12,12
base,12,24,600,720,3,16,120,40,0.60,0.0026,12,12
base,12,24,600,720,3,16,120,40,0.70,0.0024,12,12
base,12,24,600,720,3,16,120,40,0.80,0.0021,12,12
base,12,24,600,720,3,16,180,30,0.60,0.0025,12,12
base,12,24,600,720,3,16,180,30,0.70,0.0022,12,12
base,12,24,600,720,3,16,180,30,0.80,0.0024,12,12
base,12,24,600,720,3,16,180,40,0.60,0.0024,12,12
base,12,24,600,720,3,16,180,40,0.70,0.0025,12,12
base,12,24,600,720,3,16,180,40,0.80,0.0026,12,12
base,12,24,600,720,4,12,120,30,0.60,0.0022,12,12
base,12,24,600,720,4,12,120,30,0.70,0.0019,12,12
base,12,24,600,720,4,12,120,30,0.80,0.0018,12,12
base,12,24,600,720,4,12,120,40,0.60,0.0022,12,12
base,12,24,600,720,4,12,120,40,0.70,0.0023,12,12
base,12,24,600,720,4,12,120,40,0.80,0.0020,12,12
base,12,24,600,720,4,12,180,30,0.60,0.0023,12,12
base,12,24,600,720,4,12,180,30,0.70,0.0022,12,12
base,12,24,600,720,4,12,180,30,0.80,0.0025,12,12
base,12,24,600,720,4,12,180,40,0.60,0.0017,12,12
base,12,24,600,720,4,12,180,40,0.70,0.0021,12,12
base,12,24,600,720,4,12,180,40,0.80,0.0021,12,12
base,12,24,600,720,4,16,120,30,0.60,0.0022,12,12
base,12,24,600,720,4,16,120,30,0.70,0.0024,12,12
base,12,24,600,720,4,16,120,30,0.80,0.0023,12,12
base,12,24,600,720,4,16,120,40,0.60,0.0020,12,12
base,12,24,600,720,4,16,120,40,0.70,0.0024,12,12
base,12,24,600,720,4,16,120,40,0.80,0.0027,12,12
base,12,24,600,720,4,16,180,30,0.60,0.0022,12,12
base,12,24,600,720,4,16,180,30,0.70,0.0025,12,12
base,12,24,600,720,4,16,180,30,0.80,0.0027,12,12
base,12,24,600,720,4,16,180,40,0.60,0.0021,12,12
base,12,24,600,720,4,16,180,40,0.70,0.0022,12,12
base,12,24,600,720,4,16,180,40,0.80,0.0020,12,12
base,12,36,300,480,2,12,120,30,0.60,0.0020,12,12
base,12,36,300,480,2,12,120,30,0.70,0.0024,12,12
base,12,36,300,480,2,12,120,30,0.80,0.0019,12,12
base,12,36,300,480,2,12,120,40,0.60,0.0018,12,12
base,12,36,300,480,2,12,120,40,0.70,0.0020,12,12
base,12,36,300,480,2,12,120,40,0.80,0.0020,12,12
base,12,36,300,480,2,12,180,30,0.60,0.0025,12,12
base,12,36,300,480,2,12,180,30,0.70,0.0022,12,12
base,12,36,300,480,2,12,180,30,0.80,0.0024,12,12
base,12,36,300,480,2,12,180,40,0.60,0.0024,12,12
base,12,36,300,480,2,12,180,40,0.70,0.0023,12,12
base,12,36,300,480,2,12,180,40,0.80,0.0025,12,12
base,12,36,300,480,2,16,120,30,0.60,0.0023,12,12
base,12,36,300,480,2,16,120,30,0.70,0.0020,12,12
base,12,36,300,480,2,16,120,30,0.80,0.0024,12,12
base,12,36,300,480,2,16,120,40,0.60,0.0025,12,12
base,12,36,300,480,2,16,120,40,0.70,0.0020,12,12
base,12,36,300,480,2,16,120,40,0.80,0.0016,12,12
base,12,36,300,480,2,16,180,30,0.60,0.0021,12,12
base,12,36,300,480,2,16,180,30,0.70,0.0022,12,12
base,12,36,300,480,2,16,180,30,0.80,0.0023,12,12
base,12,36,300,480,2,16,180,40,0.60,0.0022,12,12
base,12,36,300,480,2,16,180,40,0.70,0.0022,12,12
base,12,36,300,480,2,16,180,40,0.80,0.0019,12,12
base,12,36,300,480,3,12,120,30,0.60,0.0016,12,12
base,12,36,300,480,3,12,120,30,0.70,0.0017,12,12
base,12,36,300,480,3,12,120,30,0.80,0.0017,12,12
base,12,36,300,480,3,12,120,40,0.60,0.0015,12,12
base,12,36,300,480,3,12,120,40,0.70,0.0022,12,12
base,12,36,300,480,3,12,120,40,0.80,0.0020,12,12
base,12,36,300,480,3,12,180,30,0.60,0.0022,12,12
base,12,36,300,480,3,12,180,30,0.70,0.0025,12,12
base,12,36,300,480,3,12,180,30,0.80,0.0021,12,12
base,12,36,300,480,3,12,180,40,0.60,0.0022,12,12
base,12,36,300,480,3,12,180,40,0.70,0.0016,12,12
base,12,36,300,480,3,12,180,40,0.80,0.0017,12,12
base,12,36,300,480,3,16,120,30,0.60,0.0017,12,12
base,12,36,300,480,3,16,120,30,0.70,0.0015,12,12
base,12,36,300,480,3,16,120,30,0.80,0.0018,12,12
base,12,36,300,480,3,16,120,40,0.60,0.0021,12,12
base,12,36,300,480,3,16,120,40,0.70,0.0019,12,12
base,12,36,300,480,3,16,120,40,0.80,0.0018,12,12
base,12,36,300,480,3,16,180,30,0.60,0.0020,12,12
base,12,36,300,480,3,16,180,30,0.70,0.0024,12,12
base,12,36,300,480,3,16,180,30,0.80,0.0019,12,12
base,12,36,300,480,3,16,180,40,0.60,0.0018,12,12
base,12,36,300,480,3,16,180,40,0.70,0.0020,12,12
base,12,36,300,480,3,16,180,40,0.80,0.0016,12,12
base,12,36,300,480,4,12,120,30,0.60,0.0022,12,12
base,12,36,300,480,4,12,120,30,0.70,0.0017,12,12
base,12,36,300,480,4,12,120,30,0.80,0.0019,12,12
base,12,36,300,480,4,12,120,40,0.60,0.0019,12,12
base,12,36,300,480,4,12,120,40,0.70,0.0018,12,12
base,12,36,300,480,4,12,120,40,0.80,0.0023,12,12
base,12,36,300,480,4,12,180,30,0.60,0.0025,12,12
base,12,36,300,480,4,12,180,30,0.70,0.0021,12,12
base,12,36,300,480,4,12,180,30,0.80,0.0024,12,12
base,12,36,300,480,4,12,180,40,0.60,0.0016,12,12
base,12,36,300,480,4,12,180,40,0.70,0.0016,12,12
base,12,36,300,480,4,12,180,40,0.80,0.0016,12,12
base,12,36,300,480,4,16,120,30,0.60,0.0017,12,12
base,12,36,300,480,4,16,120,30,0.70,0.0015,12,12
base,12,36,300,480,4,16,120,30,0.80,0.0017,12,12
base,12,36,300,480,4,16,120,40,0.60,0.0016,12,12
base,12,36,300,480,4,16,120,40,0.70,0.0020,12,12
base,12,36,300,480,4,16,120,40,0.80,0.0021,12,12
base,12,36,300,480,4,16,180,30,0.60,0.0017,12,12
base,12,36,300,480,4,16,180,30,0.70,0.0018,12,12
base,12,36,300,480,4,16,180,30,0.80,0.0018,12,12
base,12,36,300,480,4,16,180,40,0.60,0.0020,12,12
base,12,36,300,480,4,16,180,40,0.70,0.0019,12,12
base,12,36,300,480,4,16,180,40,0.80,0.0018,12,12
base,12,36,300,720,2,12,120,30,0.60,0.0018,12,12
base,12,36,300,720,2,12,120,30,0.70,0.0021,12,12
base,12,36,300,720,2,12,120,30,0.80,0.0021,12,12
base,12,36,300,720,2,12,120,40,0.60,0.0022,12,12
base,12,36,300,720,2,12,120,40,0.70,0.0020,12,12
base,12,36,300,720,2,12,120,40,0.80,0.0023,12,12
base,12,36,300,720,2,12,180,30,0.60,0.0022,12,12
base,12,36,300,720,2,12,180,30,0.70,0.0017,12,12
base,12,36,300,720,2,12,180,30,0.80,0.0026,12,12
base,12,36,300,720,2,12,180,40,0.60,0.0023,12,12
base,12,36,300,720,2,12,180,40,0.70,0.0021,12,12
base,12,36,300,720,2,12,180,40,0.80,0.0020,12,12
base,12,36,300,720,2,16,120,30,0.60,0.0023,12,12
base,12,36,300,720,2,16,120,30,0.70,0.0021,12,12
base,12,36,300,720,2,16,120,30,0.80,0.0017,12,12
base,12,36,300,720,2,16,120,40,0.60,0.0018,12,12
base,12,36,300,720,2,16,120,40,0.70,0.0021,12,12
base,12,36,300,720,2,16,120,40,0.80,0.0021,12,12
base,12,36,300,720,2,16,180,30,0.60,0.0022,12,12
base,12,36,300,720,2,16,180,30,0.70,0.0017,12,12
base,12,36,300,720,2,16,180,30,0.80,0.0021,12,12
base,12,36,300,720,2,16,180,40,0.60,0.0021,12,12
base,12,36,300,720,2,16,180,40,0.70,0.0025,12,12
base,12,36,300,720,2,16,180,40,0.80,0.0024,12,12
base,12,36,300,720,3,12,120,30,0.60,0.0022,12,12
base,12,36,300,720,3,12,120,30,0.70,0.0025,12,12
base,12,36,300,720,3,12,120,30,0.80,0.0019,12,12
base,12,36,300,720,3,12,120,40,0.60,0.0023,12,12
base,12,36,300,720,3,12,120,40,0.70,0.0016,12,12
base,12,36,300,720,3,12,120,40,0.80,0.0018,12,12
base,12,36,300,720,3,12,180,30,0.60,0.0015,12,12
base,12,36,300,720,3,12,180,30,0.70,0.0017,12,12
base,12,36,300,720,3,12,180,30,0.80,0.0016,12,12
base,12,36,300,720,3,12,180,40,0.60,0.0016,12,12
base,12,36,300,720,3,12,180,40,0.70,0.0018,12,12
base,12,36,300,720,3,12,180,40,0.80,0.0017,12,12
base,12,36,300,720,3,16,120,30,0.60,0.0016,12,12
base,12,36,300,720,3,16,120,30,0.70,0.0018,12,12
base,12,36,300,720,3,16,120,30,0.80,0.0018,12,12
base,12,36,300,720,3,16,120,40,0.60,0.0016,12,12
base,12,36,300,720,3,16,120,40,0.70,0.0021,12,12
base,12,36,300,720,3,16,120,40,0.80,0.0021,12,12
base,12,36,300,720,3,16,180,30,0.60,0.0019,12,12
base,12,36,300,720,3,16,180,30,0.70,0.0018,12,12
base,12,36,300,720,3,16,180,30,0.80,0.0019,12,12
base,12,36,300,720,3,16,180,40,0.60,0.0017,12,12
base,12,36,300,720,3,16,180,40,0.70,0.0018,12,12
base,12,36,300,720,3,16,180,40,0.80,0.0017,12,12
base,12,36,300,720,4,12,120,30,0.60,0.0018,12,12
base,12,36,300,720,4,12,120,30,0.70,0.0017,12,12
base,12,36,300,720,4,12,120,30,0.80,0.0018,12,12
base,12,36,300,720,4,12,120,40,0.60,0.0020,12,12
base,12,36,300,720,4,12,120,40,0.70,0.0018,12,12
base,12,36,300,720,4,12,120,40,0.80,0.0018,12,12
base,12,36,300,720,4,12,180,30,0.60,0.0017,12,12
base,12,36,300,720,4,12,180,30,0.70,0.0020,12,12
base,12,36,300,720,4,12,180,30,0.80,0.0018,12,12
base,12,36,300,720,4,12,180,40,0.60,0.0020,12,12
base,12,36,300,720,4,12,180,40,0.70,0.0017,12,12
base,12,36,300,720,4,12,180,40,0.80,0.0018,12,12
base,12,36,300,720,4,16,120,30,0.60,0.0017,12,12
base,12,36,300,720,4,16,120,30,0.70,0.0019,12,12
base,12,36,300,720,4,16,120,30,0.80,0.0018,12,12
base,12,36,300,720,4,16,120,40,0.60,0.0018,12,12
base,12,36,300,720,4,16,120,40,0.70,0.0019,12,12
base,12,36,300,720,4,16,120,40,0.80,0.0017,12,12
base,12,36,300,720,4,16,180,30,0.60,0.0019,12,12
base,12,36,300,720,4,16,180,30,0.70,0.0018,12,12
base,12,36,300,720,4,16,180,30,0.80,0.0018,12,12
base,12,36,300,720,4,16,180,40,0.60,0.0017,12,12
base,12,36,300,720,4,16,180,40,0.70,0.0020,12,12
base,12,36,300,720,4,16,180,40,0.80,0.0017,12,12
base,12,36,600,480,2,12,120,30,0.60,0.0018,12,12
base,12,36,600,480,2,12,120,30,0.70,0.0017,12,12
base,12,36,600,480,2,12,120,30,0.80,0.0017,12,12
base,12,36,600,480,2,12,120,40,0.60,0.0017,12,12
base,12,36,600,480,2,12,120,40,0.70,0.0016,12,12
base,12,36,600,480,2,12,120,40,0.80,0.0020,12,12
base,12,36,600,480,2,12,180,30,0.60,0.0018,12,12
base,12,36,600,480,2,12,180,30,0.70,0.0018,12,12
base,12,36,600,480,2,12,180,30,0.80,0.0017,12,12
base,12,36,600,480,2,12,180,40,0.60,0.0018,12,12
base,12,36,600,480,2,12,180,40,0.70,0.0018,12,12
base,12,36,600,480,2,12,180,40,0.80,0.0018,12,12
base,12,36,600,480,2,16,120,30,0.60,0.0018,12,12
base,12,36,600,480,2,16,120,30,0.70,0.0017,12,12
base,12,36,600,480,2,16,120,30,0.80,0.0017,12,12
base,12,36,600,480,2,16,120,40,0.60,0.0017,12,12
base,12,36,600,480,2,16,120,40,0.70,0.0019,12,12
base,12,36,600,480,2,16,120,40,0.80,0.0018,12,12
base,12,36,600,480,2,16,180,30,0.60,0.0018,12,12
base,12,36,600,480,2,16,180,30,0.70,0.0017,12,12
base,12,36,600,480,2,16,180,30,0.80,0.0019,12,12
base,12,36,600,480,2,16,180,40,0.60,0.0017,12,12
base,12,36,600,480,2,16,180,40,0.70,0.0019,12,12
base,12,36,600,480,2,16,180,40,0.80,0.0017,12,12
base,12,36,600,480,3,12,120,30,0.60,0.0018,12,12
base,12,36,600,480,3,12,120,30,0.70,0.0018,12,12
base,12,36,600,480,3,12,120,30,0.80,0.0018,12,12
base,12,36,600,480,3,12,120,40,0.60,0.0018,12,12
base,12,36,600,480,3,12,120,40,0.70,0.0017,12,12
base,12,36,600,480,3,12,120,40,0.80,0.0018,12,12
base,12,36,600,480,3,12,180,30,0.60,0.0017,12,12
base,12,36,600,480,3,12,180,30,0.70,0.0020,12,12
base,12,36,600,480,3,12,180,30,0.80,0.0017,12,12
base,12,36,600,480,3,12,180,40,0.60,0.0017,12,12
base,12,36,600,480,3,12,180,40,0.70,0.0017,12,12
base,12,36,600,480,3,12,180,40,0.80,0.0016,12,12
base,12,36,600,480,3,16,120,30,0.60,0.0017,12,12
base,12,36,600,480,3,16,120,30,0.70,0.0017,12,12
base,12,36,600,480,3,16,120,30,0.80,0.0018,12,12
base,12,36,600,480,3,16,120,40,0.60,0.0017,12,12
base,12,36,600,480,3,16,120,40,0.70,0.0018,12,12
base,12,36,600,480,3,16,120,40,0.80,0.0017,12,12
base,12,36,600,480,3,16,180,30,0.60,0.0017,12,12
base,12,36,600,480,3,16,180,30,0.70,0.0017,12,12
base,12,36,600,480,3,16,180,30,0.80,0.0016,12,12
base,12,36,600,480,3,16,180,40,0.60,0.0018,12,12
base,12,36,600,480,3,16,180,40,0.70,0.0016,12,12
base,12,36,600,480,3,16,180,40,0.80,0.0019,12,12
base,12,36,600,480,4,12,120,30,0.60,0.0017,12,12
base,12,36,600,480,4,12,120,30,0.70,0.0018,12,12
base,12,36,600,480,4,12,120,30,0.80,0.0018,12,12
base,12,36,600,480,4,12,120,40,0.60,0.0018,12,12
base,12,36,600,480,4,12,120,40,0.70,0.0018,12,12
base,12,36,600,480,4,12,120,40,0.80,0.0017,12,12
base,12,36,600,480,4,12,180,30,0.60,0.0019,12,12
base,12,36,600,480,4,12,180,30,0.70,0.0017,12,12
base,12,36,600,480,4,12,180,30,0.80,0.0018,12,12
base,12,36,600,480,4,12,180,40,0.60,0.0017,12,12
base,12,36,600,480,4,12,180,40,0.70,0.0020,12,12
base,12,36,600,480,4,12,180,40,0.80,0.0018,12,12
base,12,36,600,480,4,16,120,30,0.60,0.0018,12,12
base,12,36,600,480,4,16,120,30,0.70,0.0018,12,12
base,12,36,600,480,4,16,120,30,0.80,0.0017,12,12
base,12,36,600,480,4,16,120,40,0.60,0.0017,12,12
base,12,36,600,480,4,16,120,40,0.70,0.0017,12,12
base,12,36,600,480,4,16,120,40,0.80,0.0019,12,12
base,12,36,600,480,4,16,180,30,0.60,0.0017,12,12
base,12,36,600,480,4,16,180,30,0.70,0.0019,12,12
base,12,36,600,480,4,16,180,30,0.80,0.0017,12,12
base,12,36,600,480,4,16,180,40,0.60,0.0018,12,12
base,12,36,600,480,4,16,180,40,0.70,0.0018,12,12
base,12,36,600,480,4,16,180,40,0.80,0.0018,12,12
base,12,36,600,720,2,12,120,30,0.60,0.0018,12,12
base,12,36,600,720,2,12,120,30,0.70,0.0018,12,12
base,12,36,600,720,2,12,120,30,0.80,0.0020,12,12
base,12,36,600,720,2,12,120,40,0.60,0.0018,12,12
base,12,36,600,720,2,12,120,40,0.70,0.0019,12,12
base,12,36,600,720,2,12,120,40,0.80,0.0017,12,12
base,12,36,600,720,2,12,180,30,0.60,0.0019,12,12
base,12,36,600,720,2,12,180,30,0.70,0.0018,12,12
base,12,36,600,720,2,12,180,30,0.80,0.0019,12,12
base,12,36,600,720,2,12,180,40,0.60,0.0018,12,12
base,12,36,600,720,2,12,180,40,0.70,0.0019,12,12
base,12,36,600,720,2,12,180,40,0.80,0.0019,12,12
base,12,36,600,720,2,16,120,30,0.60,0.0019,12,12
base,12,36,600,720,2,16,120,30,0.70,0.0018,12,12
base,12,36,600,720,2,16,120,30,0.80,0.0019,12,12
base,12,36,600,720,2,16,120,40,0.60,0.0017,12,12
base,12,36,600,720,2,16,120,40,0.70,0.0019,12,12
base,12,36,600,720,2,16,120,40,0.80,0.0018,12,12
base,12,36,600,720,2,16,180,30,0.60,0.0019,12,12
base,12,36,600,720,2,16,180,30,0.70,0.0018,12,12
base,12,36,600,720,2,16,180,30,0.80,0.0017,12,12
base,12,36,600,720,2,16,180,40,0.60,0.0018,12,12
base,12,36,600,720,2,16,180,40,0.70,0.0018,12,12
base,12,36,600,720,2,16,180,40,0.80,0.0020,12,12
base,12,36,600,720,3,12,120,30,0.60,0.0017,12,12
base,12,36,600,720,3,12,120,30,0.70,0.0019,12,12
base,12,36,600,720,3,12,120,30,0.80,0.0017,12,12
base,12,36,600,720,3,12,120,40,0.60,0.0018,12,12
base,12,36,600,720,3,12,120,40,0.70,0.0017,12,12
base,12,36,600,720,3,12,120,40,0.80,0.0017,12,12
base,12,36,600,720,3,12,180,30,0.60,0.0017,12,12
base,12,36,600,720,3,12,180,30,0.70,0.0017,12,12
base,12,36,600,720,3,12,180,30,0.80,0.0019,12,12
base,12,36,600,720,3,12,180,40,0.60,0.0018,12,12
base,12,36,600,720,3,12,180,40,0.70,0.0017,12,12
base,12,36,600,720,3,12,180,40,0.80,0.0017,12,12
base,12,36,600,720,3,16,120,30,0.60,0.0018,12,12
base,12,36,600,720,3,16,120,30,0.70,0.0018,12,12
base,12,36,600,720,3,16,120,30,0.80,0.0017,12,12
base,12,36,600,720,3,16,120,40,0.60,0.0017,12,12
base,12,36,600,720,3,16,120,40,0.70,0.0017,12,12
base,12,36,600,720,3,16,120,40,0.80,0.0018,12,12
base,12,36,600,720,3,16,180,30,0.60,0.0016,12,12
base,12,36,600,720,3,16,180,30,0.70,0.0019,12,12
base,12,36,600,720,3,16,180,30,0.80,0.0019,12,12
base,12,36,600,720,3,16,180,40,0.60,0.0021,12,12
base,12,36,600,720,3,16,180,40,0.70,0.0018,12,12
base,12,36,600,720,3,16,180,40,0.80,0.0019,12,12
base,12,36,600,720,4,12,120,30,0.60,0.0017,12,12
base,12,36,600,720,4,12,120,30,0.70,0.0019,12,12
base,12,36,600,720,4,12,120,30,0.80,0.0020,12,12
base,12,36,600,720,4,12,120,40,0.60,0.0020,12,12
base,12,36,600,720,4,12,120,40,0.70,0.0018,12,12
base,12,36,600,720,4,12,120,40,0.80,0.0018,12,12
base,12,36,600,720,4,12,180,30,0.60,0.0020,12,12
base,12,36,600,720,4,12,180,30,0.70,0.0018,12,12
base,12,36,600,720,4,12,180,30,0.80,0.0018,12,12
base,12,36,600,720,4,12,180,40,0.60,0.0020,12,12
base,12,36,600,720,4,12,180,40,0.70,0.0022,12,12
base,12,36,600,720,4,12,180,40,0.80,0.0022,12,12
base,12,36,600,720,4,16,120,30,0.60,0.0025,12,12
base,12,36,600,720,4,16,120,30,0.70,0.0024,12,12
base,12,36,600,720,4,16,120,30,0.80,0.0021,12,12
base,12,36,600,720,4,16,120,40,0.60,0.0023,12,12
base,12,36,600,720,4,16,120,40,0.70,0.0018,12,12
base,12,36,600,720,4,16,120,40,0.80,0.0022,12,12
base,12,36,600,720,4,16,180,30,0.60,0.0021,12,12
base,12,36,600,720,4,16,180,30,0.70,0.0025,12,12
base,12,36,600,720,4,16,180,30,0.80,0.0017,12,12
base,12,36,600,720,4,16,180,40,0.60,0.0016,12,12
base,12,36,600,720,4,16,180,40,0.70,0.0016,12,12
base,12,36,600,720,4,16,180,40,0.80,0.0019,12,12
base,12,48,300,480,2,12,120,30,0.60,0.0016,12,12
base,12,48,300,480,2,12,120,30,0.70,0.0017,12,12
base,12,48,300,480,2,12,120,30,0.80,0.0016,12,12
base,12,48,300,480,2,12,120,40,0.60,0.0019,12,12
base,12,48,300,480,2,12,120,40,0.70,0.0020,12,12
base,12,48,300,480,2,12,120,40,0.80,0.0020,12,12
base,12,48,300,480,2,12,180,30,0.60,0.0018,12,12
base,12,48,300,480,2,12,180,30,0.70,0.0022,12,12
base,12,48,300,480,2,12,180,30,0.80,0.0018,12,12
base,12,48,300,480,2,12,180,40,0.60,0.0018,12,12
base,12,48,300,480,2,12,180,40,0.70,0.0017,12,12
base,12,48,300,480,2,12,180,40,0.80,0.0026,12,12
base,12,48,300,480,2,16,120,30,0.60,0.0018,12,12
base,12,48,300,480,2,16,120,30,0.70,0.0022,12,12
base,12,48,300,480,2,16,120,30,0.80,0.0022,12,12
base,12,48,300,480,2,16,120,40,0.60,0.0018,12,12
base,12,48,300,480,2,16,120,40,0.70,0.0024,12,12
base,12,48,300,480,2,16,120,40,0.80,0.0020,12,12
base,12,48,300,480,2,16,180,30,0.60,0.0023,12,12
base,12,48,300,480,2,16,180,30,0.70,0.0025,12,12
base,12,48,300,480,2,16,180,30,0.80,0.0023,12,12
base,12,48,300,480,2,16,180,40,0.60,0.0020,12,12
base,12,48,300,480,2,16,180,40,0.70,0.0024,12,12
base,12,48,300,480,2,16,180,40,0.80,0.0018,12,12
base,12,48,300,480,3,12,120,30,0.60,0.0022,12,12
base,12,48,300,480,3,12,120,30,0.70,0.0019,12,12
base,12,48,300,480,3,12,120,30,0.80,0.0025,12,12
base,12,48,300,480,3,12,120,40,0.60,0.0016,12,12
base,12,48,300,480,3,12,120,40,0.70,0.0017,12,12
base,12,48,300,480,3,12,120,40,0.80,0.0016,12,12
base,12,48,300,480,3,12,180,30,0.60,0.0018,12,12
base,12,48,300,480,3,12,180,30,0.70,0.0017,12,12
base,12,48,300,480,3,12,180,30,0.80,0.0017,12,12
base,12,48,300,480,3,12,180,40,0.60,0.0028,12,12
base,12,48,300,480,3,12,180,40,0.70,0.0026,12,12
base,12,48,300,480,3,12,180,40,0.80,0.0019,12,12
base,12,48,300,480,3,16,120,30,0.60,0.0019,12,12
base,12,48,300,480,3,16,120,30,0.70,0.0018,12,12
base,12,48,300,480,3,16,120,30,0.80,0.0018,12,12
base,12,48,300,480,3,16,120,40,0.60,0.0017,12,12
base,12,48,300,480,3,16,120,40,0.70,0.0016,12,12
base,12,48,300,480,3,16,120,40,0.80,0.0017,12,12
base,12,48,300,480,3,16,180,30,0.60,0.0016,12,12
base,12,48,300,480,3,16,180,30,0.70,0.0018,12,12
base,12,48,300,480,3,16,180,30,0.80,0.0016,12,12
base,12,48,300,480,3,16,180,40,0.60,0.0019,12,12
base,12,48,300,480,3,16,180,40,0.70,0.0017,12,12
base,12,48,300,480,3,16,180,40,0.80,0.0017,12,12
base,12,48,300,480,4,12,120,30,0.60,0.0017,12,12
base,12,48,300,480,4,12,120,30,0.70,0.0016,12,12
base,12,48,300,480,4,12,120,30,0.80,0.0018,12,12
base,12,48,300,480,4,12,120,40,0.60,0.0017,12,12
base,12,48,300,480,4,12,120,40,0.70,0.0017,12,12
base,12,48,300,480,4,12,120,40,0.80,0.0016,12,12
base,12,48,300,480,4,12,180,30,0.60,0.0017,12,12
base,12,48,300,480,4,12,180,30,0.70,0.0016,12,12
base,12,48,300,480,4,12,180,30,0.80,0.0016,12,12
base,12,48,300,480,4,12,180,40,0.60,0.0017,12,12
base,12,48,300,480,4,12,180,40,0.70,0.0016,12,12
base,12,48,300,480,4,12,180,40,0.80,0.0017,12,12
base,12,48,300,480,4,16,120,30,0.60,0.0017,12,12
base,12,48,300,480,4,16,120,30,0.70,0.0018,12,12
base,12,48,300,480,4,16,120,30,0.80,0.0017,12,12
base,12,48,300,480,4,16,120,40,0.60,0.0018,12,12
base,12,48,300,480,4,16,120,40,0.70,0.0018,12,12
base,12,48,300,480,4,16,120,40,0.80,0.0017,12,12
base,12,48,300,480,4,16,180,30,0.60,0.0019,12,12
base,12,48,300,480,4,16,180,30,0.70,0.0018,12,12
base,12,48,300,480,4,16,180,30,0.80,0.0018,12,12
base,12,48,300,480,4,16,180,40,0.60,0.0018,12,12
base,12,48,300,480,4,16,180,40,0.70,0.0018,12,12
base,12,48,300,480,4,16,180,40,0.80,0.0017,12,12
base,12,48,300,720,2,12,120,30,0.60,0.0019,12,12
base,12,48,300,720,2,12,120,30,0.70,0.0016,12,12
base,12,48,300,720,2,12,120,30,0.80,0.0018,12,12
base,12,48,300,720,2,12,120,40,0.60,0.0019,12,12
base,12,48,300,720,2,12,120,40,0.70,0.0021,12,12
base,12,48,300,720,2,12,120,40,0.80,0.0019,12,12
base,12,48,300,720,2,12,180,30,0.60,0.0019,12,12
base,12,48,300,720,2,12,180,30,0.70,0.0020,12,12
base,12,48,300,720,2,12,180,30,0.80,0.0019,12,12
base,12,48,300,720,2,12,180,40,0.60,0.0019,12,12
base,12,48,300,720,2,12,180,40,0.70,0.0018,12,12
base,12,48,300,720,2,12,180,40,0.80,0.0019,12,12
base,12,48,300,720,2,16,120,30,0.60,0.0019,12,12
base,12,48,300,720,2,16,120,30,0.70,0.0019,12,12
base,12,48,300,720,2,16,120,30,0.80,0.0017,12,12
base,12,48,300,720,2,16,120,40,0.60,0.0019,12,12
base,12,48,300,720,2,16,120,40,0.70,0.0017,12,12
base,12,48,300,720,2,16,120,40,0.80,0.0020,12,12
base,12,48,300,720,2,16,180,30,0.60,0.0017,12,12
base,12,48,300,720,2,16,180,30,0.70,0.0026,12,12
base,12,48,300,720,2,16,180,30,0.80,0.0019,12,12
base,12,48,300,720,2,16,180,40,0.60,0.0018,12,12
base,12,48,300,720,2,16,180,40,0.70,0.0016,12,12
base,12,48,300,720,2,16,180,40,0.80,0.0017,12,12
base,12,48,300,720,3,12,120,30,0.60,0.0016,12,12
base,12,48,300,720,3,12,120,30,0.70,0.0015,12,12
base,12,48,300,720,3,12,120,30,0.80,0.0017,12,12
base,12,48,300,720,3,12,120,40,0.60,0.0015,12,12
base,12,48,300,720,3,12,120,40,0.70,0.0018,12,12
base,12,48,300,720,3,12,120,40,0.80,0.0015,12,12
base,12,48,300,720,3,12,180,30,0.60,0.0016,12,12
base,12,48,300,720,3,12,180,30,0.70,0.0017,12,12
base,12,48,300,720,3,12,180,30,0.80,0.0015,12,12
base,12,48,300,720,3,12,180,40,0.60,0.0017,12,12
base,12,48,300,720,3,12,180,40,0.70,0.0016,12,12
base,12,48,300,720,3,12,180,40,0.80,0.0016,12,12
base,12,48,300,720,3,16,120,30,0.60,0.0016,12,12
base,12,48,300,720,3,16,120,30,0.70,0.0016,12,12
base,12,48,300,720,3,16,120,30,0.80,0.0017,12,12
base,12,48,300,720,3,16,120,40,0.60,0.0015,12,12
base,12,48,300,720,3,16,120,40,0.70,0.0017,12,12
base,12,48,300,720,3,16,120,40,0.80,0.0017,12,12
base,12,48,300,720,3,16,180,30,0.60,0.0017,12,12
base,12,48,300,720,3,16,180,30,0.70,0.0016,12,12
base,12,48,300,720,3,16,180,30,0.80,0.0015,12,12
base,12,48,300,720,3,16,180,40,0.60,0.0016,12,12
base,12,48,300,720,3,16,180,40,0.70,0.0015,12,12
base,12,48,300,720,3,16,180,40,0.80,0.0016,12,12
base,12,48,300,720,4,12,120,30,0.60,0.0017,12,12
base,12,48,300,720,4,12,120,30,0.70,0.0016,12,12
base,12,48,300,720,4,12,120,30,0.80,0.0017,12,12
base,12,48,300,720,4,12,120,40,0.60,0.0016,12,12
base,12,48,300,720,4,12,120,40,0.70,0.0017,12,12
base,12,48,300,720,4,12,120,40,0.80,0.0016,12,12
base,12,48,300,720,4,12,180,30,0.60,0.0017,12,12
base,12,48,300,720,4,12,180,30,0.70,0.0017,12,12
base,12,48,300,720,4,12,180,30,0.80,0.0016,12,12
base,12,48,300,720,4,12,180,40,0.60,0.0017,12,12
base,12,48,300,720,4,12,180,40,0.70,0.0015,12,12
base,12,48,300,720,4,12,180,40,0.80,0.0019,12,12
base,12,48,300,720,4,16,120,30,0.60,0.0016,12,12
base,12,48,300,720,4,16,120,30,0.70,0.0017,12,12
base,12,48,300,720,4,16,120,30,0.80,0.0017,12,12
base,12,48,300,720,4,16,120,40,0.60,0.0016,12,12
base,12,48,300,720,4,16,120,40,0.70,0.0017,12,12
base,12,48,300,720,4,16,120,40,0.80,0.0016,12,12
base,12,48,300,720,4,16,180,30,0.60,0.0017,12,12
base,12,48,300,720,4,16,180,30,0.70,0.0016,12,12
base,12,48,300,720,4,16,180,30,0.80,0.0017,12,12
base,12,48,300,720,4,16,180,40,0.60,0.0018,12,12
base,12,48,300,720,4,16,180,40,0.70,0.0017,12,12
base,12,48,300,720,4,16,180,40,0.80,0.0018,12,12
base,12,48,600,480,2,12,120,30,0.60,0.0016,12,12
base,12,48,600,480,2,12,120,30,0.70,0.0018,12,12
base,12,48,600,480,2,12,120,30,0.80,0.0017,12,12
base,12,48,600,480,2,12,120,40,0.60,0.0017,12,12
base,12,48,600,480,2,12,120,40,0.70,0.0016,12,12
base,12,48,600,480,2,12,120,40,0.80,0.0016,12,12
base,12,48,600,480,2,12,180,30,0.60,0.0018,12,12
base,12,48,600,480,2,12,180,30,0.70,0.0017,12,12
base,12,48,600,480,2,12,180,30,0.80,0.0017,12,12
base,12,48,600,480,2,12,180,40,0.60,0.0017,12,12
base,12,48,600,480,2,12,180,40,0.70,0.0017,12,12
base,12,48,600,480,2,12,180,40,0.80,0.0017,12,12
base,12,48,600,480,2,16,120,30,0.60,0.0016,12,12
base,12,48,600,480,2,16,120,30,0.70,0.0017,12,12
base,12,48,600,480,2,16,120,30,0.80,0.0016,12,12
base,12,48,600,480,2,16,120,40,0.60,0.0017,12,12
base,12,48,600,480,2,16,120,40,0.70,0.0016,12,12
base,12,48,600,480,2,16,120,40,0.80,0.0018,12,12
base,12,48,600,480,2,16,180,30,0.60,0.0017,12,12
base,12,48,600,480,2,16,180,30,0.70,0.0016,12,12
base,12,48,600,480,2,16,180,30,0.80,0.0016,12,12
base,12,48,600,480,2,16,180,40,0.60,0.0017,12,12
base,12,48,600,480,2,16,180,40,0.70,0.0018,12,12
base,12,48,600,480,2,16,180,40,0.80,0.0016,12,12
base,12,48,600,480,3,12,120,30,0.60,0.0016,12,12
base,12,48,600,480,3,12,120,30,0.70,0.0017,12,12
base,12,48,600,480,3,12,120,30,0.80,0.0016,12,12
base,12,48,600,480,3,12,120,40,0.60,0.0018,12,12
base,12,48,600,480,3,12,120,40,0.70,0.0016,12,12
base,12,48,600,480,3,12,120,40,0.80,0.0017,12,12
base,12,48,600,480,3,12,180,30,0.60,0.0016,12,12
base,12,48,600,480,3,12,180,30,0.70,0.0016,12,12
base,12,48,600,480,3,12,180,30,0.80,0.0017,12,12
base,12,48,600,480,3,12,180,40,0.60,0.0016,12,12
base,12,48,600,480,3,12,180,40,0.70,0.0019,12,12
base,12,48,600,480,3,12,180,40,0.80,0.0015,12,12
base,12,48,600,480,3,16,120,30,0.60,0.0018,12,12
base,12,48,600,480,3,16,120,30,0.70,0.0017,12,12
base,12,48,600,480,3,16,120,30,0.80,0.0017,12,12
base,12,48,600,480,3,16,120,40,0.60,0.0017,12,12
base,12,48,600,480,3,16,120,40,0.70,0.0015,12,12
base,12,48,600,480,3,16,120,40,0.80,0.0017,12,12
base,12,48,600,480,3,16,180,30,0.60,0.0016,12,12
base,12,48,600,480,3,16,180,30,0.70,0.0017,12,12
base,12,48,600,480,3,16,180,30,0.80,0.0017,12,12
base,12,48,600,480,3,16,180,40,0.60,0.0016,12,12
base,12,48,600,480,3,16,180,40,0.70,0.0018,12,12
base,12,48,600,480,3,16,180,40,0.80,0.0016,12,12
base,12,48,600,480,4,12,120,30,0.60,0.0019,12,12
base,12,48,600,480,4,12,120,30,0.70,0.0016,12,12
base,12,48,600,480,4,12,120,30,0.80,0.0018,12,12
base,12,48,600,480,4,12,120,40,0.60,0.0016,12,12
base,12,48,600,480,4,12,120,40,0.70,0.0016,12,12
base,12,48,600,480,4,12,120,40,0.80,0.0017,12,12
base,12,48,600,480,4,12,180,30,0.60,0.0016,12,12
base,12,48,600,480,4,12,180,30,0.70,0.0017,12,12
base,12,48,600,480,4,12,180,30,0.80,0.0016,12,12
base,12,48,600,480,4,12,180,40,0.60,0.0018,12,12
base,12,48,600,480,4,12,180,40,0.70,0.0016,12,12
base,12,48,600,480,4,12,180,40,0.80,0.0016,12,12
base,12,48,600,480,4,16,120,30,0.60,0.0017,12,12
base,12,48,600,480,4,16,120,30,0.70,0.0016,12,12
base,12,48,600,480,4,16,120,30,0.80,0.0017,12,12
base,12,48,600,480,4,16,120,40,0.60,0.0016,12,12
base,12,48,600,480,4,16,120,40,0.70,0.0016,12,12
base,12,48,600,480,4,16,120,40,0.80,0.0016,12,12
base,12,48,600,480,4,16,180,30,0.60,0.0015,12,12
base,12,48,600,480,4,16,180,30,0.70,0.0016,12,12
base,12,48,600,480,4,16,180,30,0.80,0.0015,12,12
base,12,48,600,480,4,16,180,40,0.60,0.0017,12,12
base,12,48,600,480,4,16,180,40,0.70,0.0017,12,12
base,12,48,600,480,4,16,180,40,0.80,0.0015,12,12
base,12,48,600,720,2,12,120,30,0.60,0.0016,12,12
base,12,48,600,720,2,12,120,30,0.70,0.0015,12,12
base,12,48,600,720,2,12,120,30,0.80,0.0015,12,12
base,12,48,600,720,2,12,120,40,0.60,0.0015,12,12
base,12,48,600,720,2,12,120,40,0.70,0.0015,12,12
base,12,48,600,720,2,12,120,40,0.80,0.0018,12,12
base,12,48,600,720,2,12,180,30,0.60,0.0015,12,12
base,12,48,600,720,2,12,180,30,0.70,0.0016,12,12
base,12,48,600,720,2,12,180,30,0.80,0.0015,12,12
base,12,48,600,720,2,12,180,40,0.60,0.0016,12,12
base,12,48,600,720,2,12,180,40,0.70,0.0017,12,12
base,12,48,600,720,2,12,180,40,0.80,0.0015,12,12
base,12,48,600,720,2,16,120,30,0.60,0.0016,12,12
base,12,48,600,720,2,16,120,30,0.70,0.0015,12,12
base,12,48,600,720,2,16,120,30,0.80,0.0015,12,12
base,12,48,600,720,2,16,120,40,0.60,0.0016,12,12
base,12,48,600,720,2,16,120,40,0.70,0.0015,12,12
base,12,48,600,720,2,16,120,40,0.80,0.0015,12,12
base,12,48,600,720,2,16,180,30,0.60,0.0016,12,12
base,12,48,600,720,2,16,180,30,0.70,0.0015,12,12
base,12,48,600,720,2,16,180,30,0.80,0.0016,12,12
base,12,48,600,720,2,16,180,40,0.60,0.0016,12,12
base,12,48,600,720,2,16,180,40,0.70,0.0016,12,12
base,12,48,600,720,2,16,180,40,0.80,0.0015,12,12
base,12,48,600,720,3,12,120,30,0.60,0.0015,12,12
base,12,48,600,720,3,12,120,30,0.70,0.0016,12,12
base,12,48,600,720,3,12,120,30,0.80,0.0015,12,12
base,12,48,600,720,3,12,120,40,0.60,0.0015,12,12
base,12,48,600,720,3,12,120,40,0.70,0.0016,12,12
base,12,48,600,720,3,12,120,40,0.80,0.0016,12,12
base,12,48,600,720,3,12,180,30,0.60,0.0016,12,12
base,12,48,600,720,3,12,180,30,0.70,0.0015,12,12
base,12,48,600,720,3,12,180,30,0.80,0.0015,12,12
base,12,48,600,720,3,12,180,40,0.60,0.0016,12,12
base,12,48,600,720,3,12,180,40,0.70,0.0017,12,12
base,12,48,600,720,3,12,180,40,0.80,0.0016,12,12
base,12,48,600,720,3,16,120,30,0.60,0.0016,12,12
base,12,48,600,720,3,16,120,30,0.70,0.0015,12,12
base,12,48,600,720,3,16,120,30,0.80,0.0015,12,12
base,12,48,600,720,3,16,120,40,0.60,0.0015,12,12
base,12,48,600,720,3,16,120,40,0.70,0.0016,12,12
base,12,48,600,720,3,16,120,40,0.80,0.0016,12,12
base,12,48,600,720,3,16,180,30,0.60,0.0015,12,12
base,12,48,600,720,3,16,180,30,0.70,0.0016,12,12
base,12,48,600,720,3,16,180,30,0.80,0.0015,12,12
base,12,48,600,720,3,16,180,40,0.60,0.0016,12,12
base,12,48,600,720,3,16,180,40,0.70,0.0015,12,12
base,12,48,600,720,3,16,180,40,0.80,0.0015,12,12
base,12,48,600,720,4,12,120,30,0.60,0.0016,12,12
base,12,48,600,720,4,12,120,30,0.70,0.0015,12,12
base,12,48,600,720,4,12,120,30,0.80,0.0016,12,12
base,12,48,600,720,4,12,120,40,0.60,0.0016,12,12
base,12,48,600,720,4,12,120,40,0.70,0.0015,12,12
base,12,48,600,720,4,12,120,40,0.80,0.0017,12,12
base,12,48,600,720,4,12,180,30,0.60,0.0015,12,12
base,12,48,600,720,4,12,180,30,0.70,0.0016,12,12
base,12,48,600,720,4,12,180,30,0.80,0.0015,12,12
base,12,48,600,720,4,12,180,40,0.60,0.0015,12,12
base,12,48,600,720,4,12,180,40,0.70,0.0016,12,12
base,12,48,600,720,4,12,180,40,0.80,0.0015,12,12
base,12,48,600,720,4,16,120,30,0.60,0.0016,12,12
base,12,48,600,720,4,16,120,30,0.70,0.0016,12,12
base,12,48,600,720,4,16,120,30,0.80,0.0016,12,12
base,12,48,600,720,4,16,120,40,0.60,0.0017,12,12
base,12,48,600,720,4,16,120,40,0.70,0.0015,12,12
base,12,48,600,720,4,16,120,40,0.80,0.0016,12,12
base,12,48,600,720,4,16,180,30,0.60,0.0017,12,12
base,12,48,600,720,4,16,180,30,0.70,0.0015,12,12
base,12,48,600,720,4,16,180,30,0.80,0.0015,12,12
base,12,48,600,720,4,16,180,40,0.60,0.0015,12,12
base,12,48,600,720,4,16,180,40,0.70,0.0017,12,12
base,12,48,600,720,4,16,180,40,0.80,0.0015,12,12
base,14,24,300,480,2,12,120,30,0.60,0.0015,12,12
base,14,24,300,480,2,12,120,30,0.70,0.0016,12,12
base,14,24,300,480,2,12,120,30,0.80,0.0015,12,12
base,14,24,300,480,2,12,120,40,0.60,0.0016,12,12
base,14,24,300,480,2,12,120,40,0.70,0.0015,12,12
base,14,24,300,480,2,12,120,40,0.80,0.0015,12,12
base,14,24,300,480,2,12,180,30,0.60,0.0017,12,12
base,14,24,300,480,2,12,180,30,0.70,0.0017,12,12
base,14,24,300,480,2,12,180,30,0.80,0.0017,12,12
base,14,24,300,480,2,12,180,40,0.60,0.0015,12,12
base,14,24,300,480,2,12,180,40,0.70,0.0015,12,12
base,14,24,300,480,2,12,180,40,0.80,0.0017,12,12
base,14,24,300,480,2,16,120,30,0.60,0.0015,12,12
base,14,24,300,480,2,16,120,30,0.70,0.0016,12,12
base,14,24,300,480,2,16,120,30,0.80,0.0016,12,12
base,14,24,300,480,2,16,120,40,0.60,0.0016,12,12
base,14,24,300,480,2,16,120,40,0.70,0.0016,12,12
base,14,24,300,480,2,16,120,40,0.80,0.0015,12,12
base,14,24,300,480,2,16,180,30,0.60,0.0017,12,12
base,14,24,300,480,2,16,180,30,0.70,0.0015,12,12
base,14,24,300,480,2,16,180,30,0.80,0.0016,12,12
base,14,24,300,480,2,16,180,40,0.60,0.0016,12,12
base,14,24,300,480,2,16,180,40,0.70,0.0015,12,12
base,14,24,300,480,2,16,180,40,0.80,0.0017,12,12
base,14,24,300,480,3,12,120,30,0.60,0.0015,12,12
base,14,24,300,480,3,12,120,30,0.70,0.0016,12,12
base,14,24,300,480,3,12,120,30,0.80,0.0016,12,12
base,14,24,300,480,3,12,120,40,0.60,0.0015,12,12
base,14,24,300,480,3,12,120,40,0.70,0.0019,12,12
base,14,24,300,480,3,12,120,40,0.80,0.0016,12,12
base,14,24,300,480,3,12,180,30,0.60,0.0017,12,12
base,14,24,300,480,3,12,180,30,0.70,0.0016,12,12
base,14,24,300,480,3,12,180,30,0.80,0.0016,12,12
base,14,24,300,480,3,12,180,40,0.60,0.0017,12,12
base,14,24,300,480,3,12,180,40,0.70,0.0016,12,12
base,14,24,300,480,3,12,180,40,0.80,0.0017,12,12
base,14,24,300,480,3,16,120,30,0.60,0.0016,12,12
base,14,24,300,480,3,16,120,30,0.70,0.0016,12,12
base,14,24,300,480,3,16,120,30,0.80,0.0016,12,12
base,14,24,300,480,3,16,120,40,0.60,0.0017,12,12
base,14,24,300,480,3,16,120,40,0.70,0.0017,12,12
base,14,24,300,480,3,16,120,40,0.80,0.0017,12,12
base,14,24,300,480,3,16,180,30,0.60,0.0017,12,12
base,14,24,300,480,3,16,180,30,0.70,0.0017,12,12
base,14,24,300,480,3,16,180,30,0.80,0.0016,12,12
base,14,24,300,480,3,16,180,40,0.60,0.0017,12,12
base,14,24,300,480,3,16,180,40,0.70,0.0016,12,12
base,14,24,300,480,3,16,180,40,0.80,0.0017,12,12
base,14,24,300,480,4,12,120,30,0.60,0.0017,12,12
base,14,24,300,480,4,12,120,30,0.70,0.0016,12,12
base,14,24,300,480,4,12,120,30,0.80,0.0015,12,12
base,14,24,300,480,4,12,120,40,0.60,0.0015,12,12
base,14,24,300,480,4,12,120,40,0.70,0.0016,12,12
base,14,24,300,480,4,12,120,40,0.80,0.0015,12,12
base,14,24,300,480,4,12,180,30,0.60,0.0016,12,12
base,14,24,300,480,4,12,180,30,0.70,0.0016,12,12
base,14,24,300,480,4,12,180,30,0.80,0.0016,12,12
base,14,24,300,480,4,12,180,40,0.60,0.0017,12,12
base,14,24,300,480,4,12,180,40,0.70,0.0017,12,12
base,14,24,300,480,4,12,180,40,0.80,0.0017,12,12
base,14,24,300,480,4,16,120,30,0.60,0.0016,12,12
base,14,24,300,480,4,16,120,30,0.70,0.0018,12,12
base,14,24,300,480,4,16,120,30,0.80,0.0016,12,12
base,14,24,300,480,4,16,120,40,0.60,0.0015,12,12
base,14,24,300,480,4,16,120,40,0.70,0.0016,12,12
base,14,24,300,480,4,16,120,40,0.80,0.0016,12,12
base,14,24,300,480,4,16,180,30,0.60,0.0016,12,12
base,14,24,300,480,4,16,180,30,0.70,0.0017,12,12
base,14,24,300,480,4,16,180,30,0.80,0.0016,12,12
base,14,24,300,480,4,16,180,40,0.60,0.0017,12,12
base,14,24,300,480,4,16,180,40,0.70,0.0016,12,12
base,14,24,300,480,4,16,180,40,0.80,0.0016,12,12
base,14,24,300,720,2,12,120,30,0.60,0.0015,12,12
base,14,24,300,720,2,12,120,30,0.70,0.0015,12,12
base,14,24,300,720,2,12,120,30,0.80,0.0017,12,12
base,14,24,300,720,2,12,120,40,0.60,0.0016,12,12
base,14,24,300,720,2,12,120,40,0.70,0.0018,12,12
base,14,24,300,720,2,12,120,40,0.80,0.0027,12,12
base,14,24,300,720,2,12,180,30,0.60,0.0026,12,12
base,14,24,300,720,2,12,180,30,0.70,0.0017,12,12
base,14,24,300,720,2,12,180,30,0.80,0.0017,12,12
base,14,24,300,720,2,12,180,40,0.60,0.0016,12,12
base,14,24,300,720,2,12,180,40,0.70,0.0018,12,12
base,14,24,300,720,2,12,180,40,0.80,0.0016,12,12
base,14,24,300,720,2,16,120,30,0.60,0.0018,12,12
base,14,24,300,720,2,16,120,30,0.70,0.0018,12,12
base,14,24,300,720,2,16,120,30,0.80,0.0017,12,12
base,14,24,300,720,2,16,120,40,0.60,0.0017,12,12
base,14,24,300,720,2,16,120,40,0.70,0.0017,12,12
base,14,24,300,720,2,16,120,40,0.80,0.0019,12,12
base,14,24,300,720,2,16,180,30,0.60,0.0017,12,12
base,14,24,300,720,2,16,180,30,0.70,0.0018,12,12
base,14,24,300,720,2,16,180,30,0.80,0.0017,12,12
base,14,24,300,720,2,16,180,40,0.60,0.0018,12,12
base,14,24,300,720,2,16,180,40,0.70,0.0016,12,12
base,14,24,300,720,2,16,180,40,0.80,0.0017,12,12
base,14,24,300,720,3,12,120,30,0.60,0.0017,12,12
base,14,24,300,720,3,12,120,30,0.70,0.0017,12,12
base,14,24,300,720,3,12,120,30,0.80,0.0017,12,12
base,14,24,300,720,3,12,120,40,0.60,0.0017,12,12
base,14,24,300,720,3,12,120,40,0.70,0.0018,12,12
base,14,24,300,720,3,12,120,40,0.80,0.0017,12,12
base,14,24,300,720,3,12,180,30,0.60,0.0017,12,12
base,14,24,300,720,3,12,180,30,0.70,0.0016,12,12
base,14,24,300,720,3,12,180,30,0.80,0.0017,12,12
base,14,24,300,720,3,12,180,40,0.60,0.0017,12,12
base,14,24,300,720,3,12,180,40,0.70,0.0017,12,12
base,14,24,300,720,3,12,180,40,0.80,0.0017,12,12
base,14,24,300,720,3,16,120,30,0.60,0.0016,12,12
base,14,24,300,720,3,16,120,30,0.70,0.0016,12,12
base,14,24,300,720,3,16,120,30,0.80,0.0017,12,12
base,14,24,300,720,3,16,120,40,0.60,0.0016,12,12
base,14,24,300,720,3,16,120,40,0.70,0.0017,12,12
base,14,24,300,720,3,16,120,40,0.80,0.0016,12,12
base,14,24,300,720,3,16,180,30,0.60,0.0017,12,12
base,14,24,300,720,3,16,180,30,0.70,0.0016,12,12
base,14,24,300,720,3,16,180,30,0.80,0.0017,12,12
base,14,24,300,720,3,16,180,40,0.60,0.0017,12,12
base,14,24,300,720,3,16,180,40,0.70,0.0015,12,12
base,14,24,300,720,3,16,180,40,0.80,0.0017,12,12
base,14,24,300,720,4,12,120,30,0.60,0.0016,12,12
base,14,24,300,720,4,12,120,30,0.70,0.0016,12,12
base,14,24,300,720,4,12,120,30,0.80,0.0016,12,12
base,14,24,300,720,4,12,120,40,0.60,0.0017,12,12
base,14,24,300,720,4,12,120,40,0.70,0.0017,12,12
base,14,24,300,720,4,12,120,40,0.80,0.0016,12,12
base,14,24,300,720,4,12,180,30,0.60,0.0017,12,12
base,14,24,300,720,4,12,180,30,0.70,0.0016,12,12
base,14,24,300,720,4,12,180,30,0.80,0.0016,12,12
base,14,24,300,720,4,12,180,40,0.60,0.0016,12,12
base,14,24,300,720,4,12,180,40,0.70,0.0016,12,12
base,14,24,300,720,4,12,180,40,0.80,0.0017,12,12
base,14,24,300,720,4,16,120,30,0.60,0.0016,12,12
base,14,24,300,720,4,16,120,30,0.70,0.0017,12,12
base,14,24,300,720,4,16,120,30,0.80,0.0016,12,12
base,14,24,300,720,4,16,120,40,0.60,0.0015,12,12
base,14,24,300,720,4,16,120,40,0.70,0.0017,12,12
base,14,24,300,720,4,16,120,40,0.80,0.0015,12,12
base,14,24,300,720,4,16,180,30,0.60,0.0018,12,12
base,14,24,300,720,4,16,180,30,0.70,0.0016,12,12
base,14,24,300,720,4,16,180,30,0.80,0.0016,12,12
base,14,24,300,720,4,16,180,40,0.60,0.0017,12,12
base,14,24,300,720,4,16,180,40,0.70,0.0016,12,12
base,14,24,300,720,4,16,180,40,0.80,0.0017,12,12
base,14,24,600,480,2,12,120,30,0.60,0.0016,12,12
base,14,24,600,480,2,12,120,30,0.70,0.0017,12,12
base,14,24,600,480,2,12,120,30,0.80,0.0016,12,12
base,14,24,600,480,2,12,120,40,0.60,0.0015,12,12
base,14,24,600,480,2,12,120,40,0.70,0.0017,12,12
base,14,24,600,480,2,12,120,40,0.80,0.0015,12,12
base,14,24,600,480,2,12,180,30,0.60,0.0017,12,12
base,14,24,600,480,2,12,180,30,0.70,0.0016,12,12
base,14,24,600,480,2,12,180,30,0.80,0.0015,12,12
base,14,24,600,480,2,12,180,40,0.60,0.0017,12,12
base,14,24,600,480,2,12,180,40,0.70,0.0016,12,12
base,14,24,600,480,2,12,180,40,0.80,0.0016,12,12
base,14,24,600,480,2,16,120,30,0.60,0.0016,12,12
base,14,24,600,480,2,16,120,30,0.70,0.0016,12,12
base,14,24,600,480,2,16,120,30,0.80,0.0017,12,12
base,14,24,600,480,2,16,120,40,0.60,0.0016,12,12
base,14,24,600,480,2,16,120,40,0.70,0.0017,12,12
base,14,24,600,480,2,16,120,40,0.80,0.0016,12,12
base,14,24,600,480,2,16,180,30,0.60,0.0017,12,12
base,14,24,600,480,2,16,180,30,0.70,0.0016,12,12
base,14,24,600,480,2,16,180,30,0.80,0.0016,12,12
base,14,24,600,480,2,16,180,40,0.60,0.0017,12,12
base,14,24,600,480,2,16,180,40,0.70,0.0016,12,12
base,14,24,600,480,2,16,180,40,0.80,0.0017,12,12
base,14,24,600,480,3,12,120,30,0.60,0.0016,12,12
base,14,24,600,480,3,12,120,30,0.70,0.0017,12,12
base,14,24,600,480,3,12,120,30,0.80,0.0016,12,12
base,14,24,600,480,3,12,120,40,0.60,0.0017,12,12
base,14,24,600,480,3,12,120,40,0.70,0.0017,12,12
base,14,24,600,480,3,12,120,40,0.80,0.0016,12,12
base,14,24,600,480,3,12,180,30,0.60,0.0017,12,12
base,14,24,600,480,3,12,180,30,0.70,0.0016,12,12
base,14,24,600,480,3,12,180,30,0.80,0.0016,12,12
base,14,24,600,480,3,12,180,40,0.60,0.0017,12,12
base,14,24,600,480,3,12,180,40,0.70,0.0016,12,12
base,14,24,600,480,3,12,180,40,0.80,0.0016,12,12
base,14,24,600,480,3,16,120,30,0.60,0.0016,12,12
base,14,24,600,480,3,16,120,30,0.70,0.0016,12,12
base,14,24,600,480,3,16,120,30,0.80,0.0016,12,12
base,14,24,600,480,3,16,120,40,0.60,0.0016,12,12
base,14,24,600,480,3,16,120,40,0.70,0.0017,12,12
base,14,24,600,480,3,16,120,40,0.80,0.0016,12,12
base,14,24,600,480,3,16,180,30,0.60,0.0017,12,12
base,14,24,600,480,3,16,180,30,0.70,0.0015,12,12
base,14,24,600,480,3,16,180,30,0.80,0.0016,12,12
base,14,24,600,480,3,16,180,40,0.60,0.0016,12,12
base,14,24,600,480,3,16,180,40,0.70,0.0016,12,12
base,14,24,600,480,3,16,180,40,0.80,0.0016,12,12
base,14,24,600,480,4,12,120,30,0.60,0.0017,12,12
base,14,24,600,480,4,12,120,30,0.70,0.0016,12,12
base,14,24,600,480,4,12,120,30,0.80,0.0017,12,12
base,14,24,600,480,4,12,120,40,0.60,0.0016,12,12
base,14,24,600,480,4,12,120,40,0.70,0.0017,12,12
base,14,24,600,480,4,12,120,40,0.80,0.0016,12,12
base,14,24,600,480,4,12,180,30,0.60,0.0016,12,12
base,14,24,600,480,4,12,180,30,0.70,0.0018,12,12
base,14,24,600,480,4,12,180,30,0.80,0.0015,12,12
base,14,24,600,480,4,12,180,40,0.60,0.0017,12,12
base,14,24,600,480,4,12,180,40,0.70,0.0016,12,12
base,14,24,600,480,4,12,180,40,0.80,0.0017,12,12
base,14,24,600,480,4,16,120,30,0.60,0.0017,12,12
base,14,24,600,480,4,16,120,30,0.70,0.0024,12,12
base,14,24,600,480,4,16,120,30,0.80,0.0029,12,12
base,14,24,600,480,4,16,120,40,0.60,0.0023,12,12
base,14,24,600,480,4,16,120,40,0.70,0.0016,12,12
base,14,24,600,480,4,16,120,40,0.80,0.0017,12,12
base,14,24,600,480,4,16,180,30,0.60,0.0015,12,12
base,14,24,600,480,4,16,180,30,0.70,0.0016,12,12
base,14,24,600,480,4,16,180,30,0.80,0.0015,12,12
base,14,24,600,480,4,16,180,40,0.60,0.0015,12,12
base,14,24,600,480,4,16,180,40,0.70,0.0017,12,12
base,14,24,600,480,4,16,180,40,0.80,0.0016,12,12
base,14,24,600,720,2,12,120,30,0.60,0.0016,12,12
base,14,24,600,720,2,12,120,30,0.70,0.0016,12,12
base,14,24,600,720,2,12,120,30,0.80,0.0016,12,12
base,14,24,600,720,2,12,120,40,0.60,0.0017,12,12
base,14,24,600,720,2,12,120,40,0.70,0.0015,12,12
base,14,24,600,720,2,12,120,40,0.80,0.0017,12,12
base,14,24,600,720,2,12,180,30,0.60,0.0020,12,12
base,14,24,600,720,2,12,180,30,0.70,0.0018,12,12
base,14,24,600,720,2,12,180,30,0.80,0.0017,12,12
base,14,24,600,720,2,12,180,40,0.60,0.0017,12,12
base,14,24,600,720,2,12,180,40,0.70,0.0018,12,12
base,14,24,600,720,2,12,180,40,0.80,0.0017,12,12
base,14,24,600,720,2,16,120,30,0.60,0.0017,12,12
base,14,24,600,720,2,16,120,30,0.70,0.0018,12,12
base,14,24,600,720,2,16,120,30,0.80,0.0018,12,12
base,14,24,600,720,2,16,120,40,0.60,0.0016,12,12
base,14,24,600,720,2,16,120,40,0.70,0.0017,12,12
base,14,24,600,720,2,16,120,40,0.80,0.0015,12,12
base,14,24,600,720,2,16,180,30,0.60,0.0015,12,12
base,14,24,600,720,2,16,180,30,0.70,0.0019,12,12
base,14,24,600,720,2,16,180,30,0.80,0.0015,12,12
base,14,24,600,720,2,16,180,40,0.60,0.0017,12,12
base,14,24,600,720,2,16,180,40,0.70,0.0015,12,12
base,14,24,600,720,2,16,180,40,0.80,0.0016,12,12
base,14,24,600,720,3,12,120,30,0.60,0.0016,12,12
base,14,24,600,720,3,12,120,30,0.70,0.0017,12,12
base,14,24,600,720,3,12,120,30,0.80,0.0016,12,12
base,14,24,600,720,3,12,120,40,0.60,0.0016,12,12
base,14,24,600,720,3,12,120,40,0.70,0.0017,12,12
base,14,24,600,720,3,12,120,40,0.80,0.0017,12,12
base,14,24,600,720,3,12,180,30,0.60,0.0016,12,12
base,14,24,600,720,3,12,180,30,0.70,0.0016,12,12
base,14,24,600,720,3,12,180,30,0.80,0.0017,12,12
base,14,24,600,720,3,12,180,40,0.60,0.0017,12,12
base,14,24,600,720,3,12,180,40,0.70,0.0016,12,12
base,14,24,600,720,3,12,180,40,0.80,0.0016,12,12
base,14,24,600,720,3,16,120,30,0.60,0.0017,12,12
base,14,24,600,720,3,16,120,30,0.70,0.0015,12,12
base,14,24,600,720,3,16,120,30,0.80,0.0017,12,12
base,14,24,600,720,3,16,120,40,0.60,0.0016,12,12
base,14,24,600,720,3,16,120,40,0.70,0.0017,12,12
base,14,24,600,720,3,16,120,40,0.80,0.0016,12,12
base,14,24,600,720,3,16,180,30,0.60,0.0016,12,12
base,14,24,600,720,3,16,180,30,0.70,0.0017,12,12
base,14,24,600,720,3,16,180,30,0.80,0.0016,12,12
base,14,24,600,720,3,16,180,40,0.60,0.0018,12,12
base,14,24,600,720,3,16,180,40,0.70,0.0015,12,12
base,14,24,600,720,3,16,180,40,0.80,0.0017,12,12
base,14,24,600,720,4,12,120,30,0.60,0.0016,12,12
base,14,24,600,720,4,12,120,30,0.70,0.0016,12,12
base,14,24,600,720,4,12,120,30,0.80,0.0017,12,12
base,14,24,600,720,4,12,120,40,0.60,0.0017,12,12
base,14,24,600,720,4,12,120,40,0.70,0.0018,12,12
base,14,24,600,720,4,12,120,40,0.80,0.0016,12,12
base,14,24,600,720,4,12,180,30,0.60,0.0017,12,12
base,14,24,600,720,4,12,180,30,0.70,0.0019,12,12
base,14,24,600,720,4,12,180,30,0.80,0.0017,12,12
base,14,24,600,720,4,12,180,40,0.60,0.0017,12,12
base,14,24,600,720,4,12,180,40,0.70,0.0015,12,12
base,14,24,600,720,4,12,180,40,0.80,0.0017,12,12
base,14,24,600,720,4,16,120,30,0.60,0.0016,12,12
base,14,24,600,720,4,16,120,30,0.70,0.0017,12,12
base,14,24,600,720,4,16,120,30,0.80,0.0016,12,12
base,14,24,600,720,4,16,120,40,0.60,0.0017,12,12
base,14,24,600,720,4,16,120,40,0.70,0.0018,12,12
base,14,24,600,720,4,16,120,40,0.80,0.0016,12,12
base,14,24,600,720,4,16,180,30,0.60,0.0018,12,12
base,14,24,600,720,4,16,180,30,0.70,0.0016,12,12
base,14,24,600,720,4,16,180,30,0.80,0.0016,12,12
base,14,24,600,720,4,16,180,40,0.60,0.0018,12,12
base,14,24,600,720,4,16,180,40,0.70,0.0016,12,12
base,14,24,600,720,4,16,180,40,0.80,0.0017,12,12
base,14,36,300,480,2,12,120,30,0.60,0.0016,12,12
base,14,36,300,480,2,12,120,30,0.70,0.0017,12,12
base,14,36,300,480,2,12,120,30,0.80,0.0016,12,12
base,14,36,300,480,2,12,120,40,0.60,0.0017,12,12
base,14,36,300,480,2,12,120,40,0.70,0.0016,12,12
base,14,36,300,480,2,12,120,40,0.80,0.0016,12,12
base,14,36,300,480,2,12,180,30,0.60,0.0017,12,12
base,14,36,300,480,2,12,180,30,0.70,0.0016,12,12
base,14,36,300,480,2,12,180,30,0.80,0.0017,12,12
base,14,36,300,480,2,12,180,40,0.60,0.0017,12,12
base,14,36,300,480,2,12,180,40,0.70,0.0016,12,12
base,14,36,300,480,2,12,180,40,0.80,0.0017,12,12
base,14,36,300,480,2,16,120,30,0.60,0.0016,12,12
base,14,36,300,480,2,16,120,30,0.70,0.0017,12,12
base,14,36,300,480,2,16,120,30,0.80,0.0016,12,12
base,14,36,300,480,2,16,120,40,0.60,0.0016,12,12
base,14,36,300,480,2,16,120,40,0.70,0.0018,12,12
base,14,36,300,480,2,16,120,40,0.80,0.0016,12,12
base,14,36,300,480,2,16,180,30,0.60,0.0017,12,12
base,14,36,300,480,2,16,180,30,0.70,0.0016,12,12
base,14,36,300,480,2,16,180,30,0.80,0.0017,12,12
base,14,36,300,480,2,16,180,40,0.60,0.0016,12,12
base,14,36,300,480,2,16,180,40,0.70,0.0016,12,12
base,14,36,300,480,2,16,180,40,0.80,0.0017,12,12
base,14,36,300,480,3,12,120,30,0.60,0.0016,12,12
base,14,36,300,480,3,12,120,30,0.70,0.0023,12,12
base,14,36,300,480,3,12,120,30,0.80,0.0019,12,12
base,14,36,300,480,3,12,120,40,0.60,0.0019,12,12
base,14,36,300,480,3,12,120,40,0.70,0.0016,12,12
base,14,36,300,480,3,12,120,40,0.80,0.0017,12,12
base,14,36,300,480,3,12,180,30,0.60,0.0016,12,12
base,14,36,300,480,3,12,180,30,0.70,0.0016,12,12
base,14,36,300,480,3,12,180,30,0.80,0.0016,12,12
base,14,36,300,480,3,12,180,40,0.60,0.0016,12,12
base,14,36,300,480,3,12,180,40,0.70,0.0018,12,12
base,14,36,300,480,3,12,180,40,0.80,0.0016,12,12
base,14,36,300,480,3,16,120,30,0.60,0.0018,12,12
base,14,36,300,480,3,16,120,30,0.70,0.0015,12,12
base,14,36,300,480,3,16,120,30,0.80,0.0016,12,12
base,14,36,300,480,3,16,120,40,0.60,0.0016,12,12
base,14,36,300,480,3,16,120,40,0.70,0.0017,12,12
base,14,36,300,480,3,16,120,40,0.80,0.0017,12,12
base,14,36,300,480,3,16,180,30,0.60,0.0016,12,12
base,14,36,300,480,3,16,180,30,0.70,0.0018,12,12
base,14,36,300,480,3,16,180,30,0.80,0.0016,12,12
base,14,36,300,480,3,16,180,40,0.60,0.0017,12,12
base,14,36,300,480,3,16,180,40,0.70,0.0017,12,12
base,14,36,300,480,3,16,180,40,0.80,0.0016,12,12
base,14,36,300,480,4,12,120,30,0.60,0.0017,12,12
base,14,36,300,480,4,12,120,30,0.70,0.0016,12,12
base,14,36,300,480,4,12,120,30,0.80,0.0017,12,12
base,14,36,300,480,4,12,120,40,0.60,0.0016,12,12
base,14,36,300,480,4,12,120,40,0.70,0.0016,12,12
base,14,36,300,480,4,12,120,40,0.80,0.0018,12,12
base,14,36,300,480,4,12,180,30,0.60,0.0024,12,12
base,14,36,300,480,4,12,180,30,0.70,0.0030,12,12
base,14,36,300,480,4,12,180,30,0.80,0.0024,12,12
base,14,36,300,480,4,12,180,40,0.60,0.0016,12,12
base,14,36,300,480,4,12,180,40,0.70,0.0017,12,12
base,14,36,300,480,4,12,180,40,0.80,0.0016,12,12
base,14,36,300,480,4,16,120,30,0.60,0.0017,12,12
base,14,36,300,480,4,16,120,30,0.70,0.0017,12,12
base,14,36,300,480,4,16,120,30,0.80,0.0016,12,12
base,14,36,300,480,4,16,120,40,0.60,0.0018,12,12
base,14,36,300,480,4,16,120,40,0.70,0.0016,12,12
base,14,36,300,480,4,16,120,40,0.80,0.0017,12,12
base,14,36,300,480,4,16,180,30,0.60,0.0016,12,12
base,14,36,300,480,4,16,180,30,0.70,0.0016,12,12
base,14,36,300,480,4,16,180,30,0.80,0.0016,12,12
base,14,36,300,480,4,16,180,40,0.60,0.0016,12,12
base,14,36,300,480,4,16,180,40,0.70,0.0018,12,12
base,14,36,300,480,4,16,180,40,0.80,0.0016,12,12
base,14,36,300,720,2,12,120,30,0.60,0.0017,12,12
base,14,36,300,720,2,12,120,30,0.70,0.0016,12,12
base,14,36,300,720,2,12,120,30,0.80,0.0016,12,12
base,14,36,300,720,2,12,120,40,0.60,0.0018,12,12
base,14,36,300,720,2,12,120,40,0.70,0.0016,12,12
base,14,36,300,720,2,12,120,40,0.80,0.0018,12,12
base,14,36,300,720,2,12,180,30,0.60,0.0021,12,12
base,14,36,300,720,2,12,180,30,0.70,0.0026,12,12
base,14,36,300,720,2,12,180,30,0.80,0.0024,12,12
base,14,36,300,720,2,12,180,40,0.60,0.0020,12,12
base,14,36,300,720,2,12,180,40,0.70,0.0019,12,12
base,14,36,300,720,2,12,180,40,0.80,0.0019,12,12
base,14,36,300,720,2,16,120,30,0.60,0.0020,12,12
base,14,36,300,720,2,16,120,30,0.70,0.0018,12,12
base,14,36,300,720,2,16,120,30,0.80,0.0020,12,12
base,14,36,300,720,2,16,120,40,0.60,0.0018,12,12
base,14,36,300,720,2,16,120,40,0.70,0.0019,12,12
base,14,36,300,720,2,16,120,40,0.80,0.0019,12,12
base,14,36,300,720,2,16,180,30,0.60,0.0019,12,12
base,14,36,300,720,2,16,180,30,0.70,0.0026,12,12
base,14,36,300,720,2,16,180,30,0.80,0.0028,12,12
base,14,36,300,720,2,16,180,40,0.60,0.0022,12,12
base,14,36,300,720,2,16,180,40,0.70,0.0018,12,12
base,14,36,300,720,2,16,180,40,0.80,0.0017,12,12
base,14,36,300,720,3,12,120,30,0.60,0.0017,12,12
base,14,36,300,720,3,12,120,30,0.70,0.0016,12,12
base,14,36,300,720,3,12,120,30,0.80,0.0015,12,12
base,14,36,300,720,3,12,120,40,0.60,0.0017,12,12
base,14,36,300,720,3,12,120,40,0.70,0.0016,12,12
base,14,36,300,720,3,12,120,40,0.80,0.0018,12,12
base,14,36,300,720,3,12,180,30,0.60,0.0016,12,12
base,14,36,300,720,3,12,180,30,0.70,0.0016,12,12
base,14,36,300,720,3,12,180,30,0.80,0.0017,12,12
base,14,36,300,720,3,12,180,40,0.60,0.0016,12,12
base,14,36,300,720,3,12,180,40,0.70,0.0017,12,12
base,14,36,300,720,3,12,180,40,0.80,0.0018,12,12
base,14,36,300,720,3,16,120,30,0.60,0.0019,12,12
base,14,36,300,720,3,16,120,30,0.70,0.0017,12,12
base,14,36,300,720,3,16,120,30,0.80,0.0019,12,12
base,14,36,300,720,3,16,120,40,0.60,0.0017,12,12
base,14,36,300,720,3,16,120,40,0.70,0.0018,12,12
base,14,36,300,720,3,16,120,40,0.80,0.0017,12,12
base,14,36,300,720,3,16,180,30,0.60,0.0016,12,12
base,14,36,300,720,3,16,180,30,0.70,0.0017,12,12
base,14,36,300,720,3,16,180,30,0.80,0.0016,12,12
base,14,36,300,720,3,16,180,40,0.60,0.0018,12,12
base,14,36,300,720,3,16,180,40,0.70,0.0018,12,12
base,14,36,300,720,3,16,180,40,0.80,0.0019,12,12
base,14,36,300,720,4,12,120,30,0.60,0.0017,12,12
base,14,36,300,720,4,12,120,30,0.70,0.0018,12,12
base,14,36,300,720,4,12,120,30,0.80,0.0019,12,12
base,14,36,300,720,4,12,120,40,0.60,0.0017,12,12
base,14,36,300,720,4,12,120,40,0.70,0.0019,12,12
base,14,36,300,720,4,12,120,40,0.80,0.0018,12,12
base,14,36,300,720,4,12,180,30,0.60,0.0018,12,12
base,14,36,300,720,4,12,180,30,0.70,0.0018,12,12
base,14,36,300,720,4,12,180,30,0.80,0.0018,12,12
base,14,36,300,720,4,12,180,40,0.60,0.0017,12,12
base,14,36,300,720,4,12,180,40,0.70,0.0018,12,12
base,14,36,300,720,4,12,180,40,0.80,0.0017,12,12
base,14,36,300,720,4,16,120,30,0.60,0.0019,12,12
base,14,36,300,720,4,16,120,30,0.70,0.0021,12,12
base,14,36,300,720,4,16,120,30,0.80,0.0019,12,12
base,14,36,300,720,4,16,120,40,0.60,0.0016,12,12
base,14,36,300,720,4,16,120,40,0.70,0.0019,12,12
base,14,36,300,720,4,16,120,40,0.80,0.0018,12,12
base,14,36,300,720,4,16,180,30,0.60,0.0016,12,12
base,14,36,300,720,4,16,180,30,0.70,0.0018,12,12
base,14,36,300,720,4,16,180,30,0.80,0.0016,12,12
base,14,36,300,720,4,16,180,40,0.60,0.0017,12,12
base,14,36,300,720,4,16,180,40,0.70,0.0016,12,12
base,14,36,300,720,4,16,180,40,0.80,0.0018,12,12
base,14,36,600,480,2,12,120,30,0.60,0.0018,12,12
base,14,36,600,480,2,12,120,30,0.70,0.0017,12,12
base,14,36,600,480,2,12,120,30,0.80,0.0019,12,12
base,14,36,600,480,2,12,120,40,0.60,0.0017,12,12
base,14,36,600,480,2,12,120,40,0.70,0.0021,12,12
base,14,36,600,480,2,12,120,40,0.80,0.0017,12,12
base,14,36,600,480,2,12,180,30,0.60,0.0022,12,12
base,14,36,600,480,2,12,180,30,0.70,0.0017,12,12
base,14,36,600,480,2,12,180,30,0.80,0.0018,12,12
base,14,36,600,480,2,12,180,40,0.60,0.0017,12,12
base,14,36,600,480,2,12,180,40,0.70,0.0017,12,12
base,14,36,600,480,2,12,180,40,0.80,0.0017,12,12
base,14,36,600,480,2,16,120,30,0.60,0.0018,12,12
base,14,36,600,480,2,16,120,30,0.70,0.0018,12,12
base,14,36,600,480,2,16,120,30,0.80,0.0016,12,12
base,14,36,600,480,2,16,120,40,0.60,0.0018,12,12
base,14,36,600,480,2,16,120,40,0.70,0.0018,12,12
base,14,36,600,480,2,16,120,40,0.80,0.0017,12,12
base,14,36,600,480,2,16,180,30,0.60,0.0017,12,12
base,14,36,600,480,2,16,180,30,0.70,0.0022,12,12
base,14,36,600,480,2,16,180,30,0.80,0.0018,12,12
base,14,36,600,480,2,16,180,40,0.60,0.0020,12,12
base,14,36,600,480,2,16,180,40,0.70,0.0016,12,12
base,14,36,600,480,2,16,180,40,0.80,0.0017,12,12
base,14,36,600,480,3,12,120,30,0.60,0.0017,12,12
base,14,36,600,480,3,12,120,30,0.70,0.0016,12,12
base,14,36,600,480,3,12,120,30,0.80,0.0018,12,12
base,14,36,600,480,3,12,120,40,0.60,0.0017,12,12
base,14,36,600,480,3,12,120,40,0.70,0.0018,12,12
base,14,36,600,480,3,12,120,40,0.80,0.0017,12,12
base,14,36,600,480,3,12,180,30,0.60,0.0017,12,12
base,14,36,600,480,3,12,180,30,0.70,0.0018,12,12
base,14,36,600,480,3,12,180,30,0.80,0.0016,12,12
base,14,36,600,480,3,12,180,40,0.60,0.0018,12,12
base,14,36,600,480,3,12,180,40,0.70,0.0017,12,12
base,14,36,600,480,3,12,180,40,0.80,0.0018,12,12
base,14,36,600,480,3,16,120,30,0.60,0.0017,12,12
base,14,36,600,480,3,16,120,30,0.70,0.0017,12,12
base,14,36,600,480,3,16,120,30,0.80,0.0016,12,12
base,14,36,600,480,3,16,120,40,0.60,0.0017,12,12
base,14,36,600,480,3,16,120,40,0.70,0.0018,12,12
base,14,36,600,480,3,16,120,40,0.80,0.0017,12,12
base,14,36,600,480,3,16,180,30,0.60,0.0018,12,12
base,14,36,600,480,3,16,180,30,0.70,0.0017,12,12
base,14,36,600,480,3,16,180,30,0.80,0.0019,12,12
base,14,36,600,480,3,16,180,40,0.60,0.0016,12,12
base,14,36,600,480,3,16,180,40,0.70,0.0018,12,12
base,14,36,600,480,3,16,180,40,0.80,0.0018,12,12
base,14,36,600,480,4,12,120,30,0.60,0.0016,12,12
base,14,36,600,480,4,12,120,30,0.70,0.0017,12,12
base,14,36,600,480,4,12,120,30,0.80,0.0016,12,12
base,14,36,600,480,4,12,120,40,0.60,0.0017,12,12
base,14,36,600,480,4,12,120,40,0.70,0.0017,12,12
base,14,36,600,480,4,12,120,40,0.80,0.0019,12,12
base,14,36,600,480,4,12,180,30,0.60,0.0016,12,12
base,14,36,600,480,4,12,180,30,0.70,0.0017,12,12
base,14,36,600,480,4,12,180,30,0.80,0.0017,12,12
base,14,36,600,480,4,12,180,40,0.60,0.0017,12,12
base,14,36,600,480,4,12,180,40,0.70,0.0018,12,12
base,14,36,600,480,4,12,180,40,0.80,0.0019,12,12
base,14,36,600,480,4,16,120,30,0.60,0.0018,12,12
base,14,36,600,480,4,16,120,30,0.70,0.0016,12,12
base,14,36,600,480,4,16,120,30,0.80,0.0017,12,12
base,14,36,600,480,4,16,120,40,0.60,0.0016,12,12
base,14,36,600,480,4,16,120,40,0.70,0.0017,12,12
base,14,36,600,480,4,16,120,40,0.80,0.0019,12,12
base,14,36,600,480,4,16,180,30,0.60,0.0016,12,12
base,14,36,600,480,4,16,180,30,0.70,0.0020,12,12
base,14,36,600,480,4,16,180,30,0.80,0.0016,12,12
base,14,36,600,480,4,16,180,40,0.60,0.0017,12,12
base,14,36,600,480,4,16,180,40,0.70,0.0023,12,12
base,14,36,600,480,4,16,180,40,0.80,0.0021,12,12
base,14,36,600,720,2,12,120,30,0.60,0.0032,12,12
base,14,36,600,720,2,12,120,30,0.70,0.0021,12,12
base,14,36,600,720,2,12,120,30,0.80,0.0023,12,12
base,14,36,600,720,2,12,120,40,0.60,0.0071,12,12
base,14,36,600,720,2,12,120,40,0.70,0.0023,12,12
base,14,36,600,720,2,12,120,40,0.80,0.0023,12,12
base,14,36,600,720,2,12,180,30,0.60,0.0023,12,12
base,14,36,600,720,2,12,180,30,0.70,0.0025,12,12
base,14,36,600,720,2,12,180,30,0.80,0.0025,12,12
base,14,36,600,720,2,12,180,40,0.60,0.0030,12,12
base,14,36,600,720,2,12,180,40,0.70,0.0057,12,12
base,14,36,600,720,2,12,180,40,0.80,0.0029,12,12
base,14,36,600,720,2,16,120,30,0.60,0.0031,12,12
base,14,36,600,720,2,16,120,30,0.70,0.0034,12,12
base,14,36,600,720,2,16,120,30,0.80,0.0032,12,12
base,14,36,600,720,2,16,120,40,0.60,0.0023,12,12
base,14,36,600,720,2,16,120,40,0.70,0.0029,12,12
base,14,36,600,720,2,16,120,40,0.80,0.0032,12,12
base,14,36,600,720,2,16,180,30,0.60,0.0029,12,12
base,14,36,600,720,2,16,180,30,0.70,0.0022,12,12
base,14,36,600,720,2,16,180,30,0.80,0.0030,12,12
base,14,36,600,720,2,16,180,40,0.60,0.0033,12,12
base,14,36,600,720,2,16,180,40,0.70,0.0027,12,12
base,14,36,600,720,2,16,180,40,0.80,0.0022,12,12
base,14,36,600,720,3,12,120,30,0.60,0.0026,12,12
base,14,36,600,720,3,12,120,30,0.70,0.0024,12,12
base,14,36,600,720,3,12,120,30,0.80,0.0022,12,12
base,14,36,600,720,3,12,120,40,0.60,0.0022,12,12
base,14,36,600,720,3,12,120,40,0.70,0.0019,12,12
base,14,36,600,720,3,12,120,40,0.80,0.0018,12,12
base,14,36,600,720,3,12,180,30,0.60,0.0068,12,12
base,14,36,600,720,3,12,180,30,0.70,0.0018,12,12
base,14,36,600,720,3,12,180,30,0.80,0.0016,12,12
base,14,36,600,720,3,12,180,40,0.60,0.0018,12,12
base,14,36,600,720,3,12,180,40,0.70,0.0017,12,12
base,14,36,600,720,3,12,180,40,0.80,0.0019,12,12
base,14,36,600,720,3,16,120,30,0.60,0.0023,12,12
base,14,36,600,720,3,16,120,30,0.70,0.0022,12,12
base,14,36,600,720,3,16,120,30,0.80,0.0022,12,12
base,14,36,600,720,3,16,120,40,0.60,0.0021,12,12
base,14,36,600,720,3,16,120,40,0.70,0.0017,12,12
base,14,36,600,720,3,16,120,40,0.80,0.0021,12,12
base,14,36,600,720,3,16,180,30,0.60,0.0018,12,12
base,14,36,600,720,3,16,180,30,0.70,0.0023,12,12
base,14,36,600,720,3,16,180,30,0.80,0.0020,12,12
base,14,36,600,720,3,16,180,40,0.60,0.0019,12,12
base,14,36,600,720,3,16,180,40,0.70,0.0019,12,12
base,14,36,600,720,3,16,180,40,0.80,0.0020,12,12
base,14,36,600,720,4,12,120,30,0.60,0.0019,12,12
base,14,36,600,720,4,12,120,30,0.70,0.0021,12,12
base,14,36,600,720,4,12,120,30,0.80,0.0019,12,12
base,14,36,600,720,4,12,120,40,0.60,0.0020,12,12
base,14,36,600,720,4,12,120,40,0.70,0.0020,12,12
base,14,36,600,720,4,12,120,40,0.80,0.0019,12,12
base,14,36,600,720,4,12,180,30,0.60,0.0017,12,12
base,14,36,600,720,4,12,180,30,0.70,0.0017,12,12
base,14,36,600,720,4,12,180,30,0.80,0.0018,12,12
base,14,36,600,720,4,12,180,40,0.60,0.0017,12,12
base,14,36,600,720,4,12,180,40,0.70,0.0018,12,12
base,14,36,600,720,4,12,180,40,0.80,0.0018,12,12
base,14,36,600,720,4,16,120,30,0.60,0.0019,12,12
base,14,36,600,720,4,16,120,30,0.70,0.0018,12,12
base,14,36,600,720,4,16,120,30,0.80,0.0017,12,12
base,14,36,600,720,4,16,120,40,0.60,0.0015,12,12
base,14,36,600,720,4,16,120,40,0.70,0.0021,12,12
base,14,36,600,720,4,16,120,40,0.80,0.0022,12,12
base,14,36,600,720,4,16,180,30,0.60,0.0017,12,12
base,14,36,600,720,4,16,180,30,0.70,0.0017,12,12
base,14,36,600,720,4,16,180,30,0.80,0.0017,12,12
base,14,36,600,720,4,16,180,40,0.60,0.0017,12,12
base,14,36,600,720,4,16,180,40,0.70,0.0018,12,12
base,14,36,600,720,4,16,180,40,0.80,0.0020,12,12
base,14,48,300,480,2,12,120,30,0.60,0.0018,12,12
base,14,48,300,480,2,12,120,30,0.70,0.0018,12,12
base,14,48,300,480,2,12,120,30,0.80,0.0017,12,12
base,14,48,300,480,2,12,120,40,0.60,0.0019,12,12
base,14,48,300,480,2,12,120,40,0.70,0.0016,12,12
base,14,48,300,480,2,12,120,40,0.80,0.0018,12,12
base,14,48,300,480,2,12,180,30,0.60,0.0017,12,12
base,14,48,300,480,2,12,180,30,0.70,0.0018,12,12
base,14,48,300,480,2,12,180,30,0.80,0.0017,12,12
base,14,48,300,480,2,12,180,40,0.60,0.0016,12,12
base,14,48,300,480,2,12,180,40,0.70,0.0024,12,12
base,14,48,300,480,2,12,180,40,0.80,0.0020,12,12
base,14,48,300,480,2,16,120,30,0.60,0.0021,12,12
base,14,48,300,480,2,16,120,30,0.70,0.0019,12,12
base,14,48,300,480,2,16,120,30,0.80,0.0018,12,12
base,14,48,300,480,2,16,120,40,0.60,0.0016,12,12
base,14,48,300,480,2,16,120,40,0.70,0.0018,12,12
base,14,48,300,480,2,16,120,40,0.80,0.0017,12,12
base,14,48,300,480,2,16,180,30,0.60,0.0018,12,12
base,14,48,300,480,2,16,180,30,0.70,0.0016,12,12
base,14,48,300,480,2,16,180,30,0.80,0.0019,12,12
base,14,48,300,480,2,16,180,40,0.60,0.0016,12,12
base,14,48,300,480,2,16,180,40,0.70,0.0015,12,12
base,14,48,300,480,2,16,180,40,0.80,0.0022,12,12
base,14,48,300,480,3,12,120,30,0.60,0.0016,12,12
base,14,48,300,480,3,12,120,30,0.70,0.0017,12,12
base,14,48,300,480,3,12,120,30,0.80,0.0017,12,12
base,14,48,300,480,3,12,120,40,0.60,0.0017,12,12
base,14,48,300,480,3,12,120,40,0.70,0.0017,12,12
base,14,48,300,480,3,12,120,40,0.80,0.0018,12,12
base,14,48,300,480,3,12,180,30,0.60,0.0021,12,12
base,14,48,300,480,3,12,180,30,0.70,0.0020,12,12
base,14,48,300,480,3,12,180,30,0.80,0.0017,12,12
base,14,48,300,480,3,12,180,40,0.60,0.0016,12,12
base,14,48,300,480,3,12,180,40,0.70,0.0018,12,12
base,14,48,300,480,3,12,180,40,0.80,0.0016,12,12
base,14,48,300,480,3,16,120,30,0.60,0.0017,12,12
base,14,48,300,480,3,16,120,30,0.70,0.0016,12,12
base,14,48,300,480,3,16,120,30,0.80,0.0016,12,12
base,14,48,300,480,3,16,120,40,0.60,0.0016,12,12
base,14,48,300,480,3,16,120,40,0.70,0.0026,12,12
base,14,48,300,480,3,16,120,40,0.80,0.0028,12,12
base,14,48,300,480,3,16,180,30,0.60,0.0029,12,12
base,14,48,300,480,3,16,180,30,0.70,0.0019,12,12
base,14,48,300,480,3,16,180,30,0.80,0.0017,12,12
base,14,48,300,480,3,16,180,40,0.60,0.0016,12,12
base,14,48,300,480,3,16,180,40,0.70,0.0017,12,12
base,14,48,300,480,3,16,180,40,0.80,0.0016,12,12
base,14,48,300,480,4,12,120,30,0.60,0.0019,12,12
base,14,48,300,480,4,12,120,30,0.70,0.0016,12,12
base,14,48,300,480,4,12,120,30,0.80,0.0017,12,12
base,14,48,300,480,4,12,120,40,0.60,0.0015,12,12
base,14,48,300,480,4,12,120,40,0.70,0.0015,12,12
base,14,48,300,480,4,12,120,40,0.80,0.0018,12,12
base,14,48,300,480,4,12,180,30,0.60,0.0015,12,12
base,14,48,300,480,4,12,180,30,0.70,0.0017,12,12
base,14,48,300,480,4,12,180,30,0.80,0.0015,12,12
base,14,48,300,480,4,12,180,40,0.60,0.0015,12,12
base,14,48,300,480,4,12,180,40,0.70,0.0017,12,12
base,14,48,300,480,4,12,180,40,0.80,0.0015,12,12
base,14,48,300,480,4,16,120,30,0.60,0.0020,12,12
base,14,48,300,480,4,16,120,30,0.70,0.0016,12,12
base,14,48,300,480,4,16,120,30,0.80,0.0018,12,12
base,14,48,300,480,4,16,120,40,0.60,0.0016,12,12
base,14,48,300,480,4,16,120,40,0.70,0.0015,12,12
base,14,48,300,480,4,16,120,40,0.80,0.0018,12,12
base,14,48,300,480,4,16,180,30,0.60,0.0016,12,12
base,14,48,300,480,4,16,180,30,0.70,0.0017,12,12
base,14,48,300,480,4,16,180,30,0.80,0.0016,12,12
base,14,48,300,480,4,16,180,40,0.60,0.0017,12,12
base,14,48,300,480,4,16,180,40,0.70,0.0019,12,12
base,14,48,300,480,4,16,180,40,0.80,0.0018,12,12
base,14,48,300,720,2,12,120,30,0.60,0.0016,12,12
base,14,48,300,720,2,12,120,30,0.70,0.0015,12,12
base,14,48,300,720,2,12,120,30,0.80,0.0017,12,12
base,14,48,300,720,2,12,120,40,0.60,0.0015,12,12
base,14,48,300,720,2,12,120,40,0.70,0.0016,12,12
base,14,48,300,720,2,12,120,40,0.80,0.0017,12,12
base,14,48,300,720,2,12,180,30,0.60,0.0015,12,12
base,14,48,300,720,2,12,180,30,0.70,0.0018,12,12
base,14,48,300,720,2,12,180,30,0.80,0.0015,12,12
base,14,48,300,720,2,12,180,40,0.60,0.0016,12,12
base,14,48,300,720,2,12,180,40,0.70,0.0016,12,12
base,14,48,300,720,2,12,180,40,0.80,0.0017,12,12
base,14,48,300,720,2,16,120,30,0.60,0.0018,12,12
base,14,48,300,720,2,16,120,30,0.70,0.0016,12,12
base,14,48,300,720,2,16,120,30,0.80,0.0017,12,12
base,14,48,300,720,2,16,120,40,0.60,0.0016,12,12
base,14,48,300,720,2,16,120,40,0.70,0.0016,12,12
base,14,48,300,720,2,16,120,40,0.80,0.0017,12,12
base,14,48,300,720,2,16,180,30,0.60,0.0016,12,12
base,14,48,300,720,2,16,180,30,0.70,0.0018,12,12
base,14,48,300,720,2,16,180,30,0.80,0.0016,12,12
base,14,48,300,720,2,16,180,40,0.60,0.0017,12,12
base,14,48,300,720,2,16,180,40,0.70,0.0016,12,12
base,14,48,300,720,2,16,180,40,0.80,0.0015,12,12
base,14,48,300,720,3,12,120,30,0.60,0.0017,12,12
base,14,48,300,720,3,12,120,30,0.70,0.0016,12,12
base,14,48,300,720,3,12,120,30,0.80,0.0017,12,12
base,14,48,300,720,3,12,120,40,0.60,0.0016,12,12
base,14,48,300,720,3,12,120,40,0.70,0.0017,12,12
base,14,48,300,720,3,12,120,40,0.80,0.0016,12,12
base,14,48,300,720,3,12,180,30,0.60,0.0016,12,12
base,14,48,300,720,3,12,180,30,0.70,0.0017,12,12
base,14,48,300,720,3,12,180,30,0.80,0.0016,12,12
base,14,48,300,720,3,12,180,40,0.60,0.0017,12,12
base,14,48,300,720,3,12,180,40,0.70,0.0016,12,12
base,14,48,300,720,3,12,180,40,0.80,0.0029,12,12
base,14,48,300,720,3,16,120,30,0.60,0.0034,12,12
base,14,48,300,720,3,16,120,30,0.70,0.0028,12,12
base,14,48,300,720,3,16,120,30,0.80,0.0029,12,12
base,14,48,300,720,3,16,120,40,0.60,0.0029,12,12
base,14,48,300,720,3,16,120,40,0.70,0.0030,12,12
base,14,48,300,720,3,16,120,40,0.80,0.0019,12,12
base,14,48,300,720,3,16,180,30,0.60,0.0015,12,12
base,14,48,300,720,3,16,180,30,0.70,0.0017,12,12
base,14,48,300,720,3,16,180,30,0.80,0.0016,12,12
base,14,48,300,720,3,16,180,40,0.60,0.0017,12,12
base,14,48,300,720,3,16,180,40,0.70,0.0016,12,12
base,14,48,300,720,3,16,180,40,0.80,0.0017,12,12
base,14,48,300,720,4,12,120,30,0.60,0.0016,12,12
base,14,48,300,720,4,12,120,30,0.70,0.0017,12,12
base,14,48,300,720,4,12,120,30,0.80,0.0016,12,12
base,14,48,300,720,4,12,120,40,0.60,0.0016,12,12
base,14,48,300,720,4,12,120,40,0.70,0.0017,12,12
base,14,48,300,720,4,12,120,40,0.80,0.0017,12,12
base,14,48,300,720,4,12,180,30,0.60,0.0016,12,12
base,14,48,300,720,4,12,180,30,0.70,0.0019,12,12
base,14,48,300,720,4,12,180,30,0.80,0.0016,12,12
base,14,48,300,720,4,12,180,40,0.60,0.0017,12,12
base,14,48,300,720,4,12,180,40,0.70,0.0016,12,12
base,14,48,300,720,4,12,180,40,0.80,0.0017,12,12
base,14,48,300,720,4,16,120,30,0.60,0.0017,12,12
base,14,48,300,720,4,16,120,30,0.70,0.0017,12,12
base,14,48,300,720,4,16,120,30,0.80,0.0017,12,12
base,14,48,300,720,4,16,120,40,0.60,0.0017,12,12
base,14,48,300,720,4,16,120,40,0.70,0.0018,12,12
base,14,48,300,720,4,16,120,40,0.80,0.0016,12,12
base,14,48,300,720,4,16,180,30,0.60,0.0018,12,12
base,14,48,300,720,4,16,180,30,0.70,0.0017,12,12
base,14,48,300,720,4,16,180,30,0.80,0.0017,12,12
base,14,48,300,720,4,16,180,40,0.60,0.0016,12,12
base,14,48,300,720,4,16,180,40,0.70,0.0016,12,12
base,14,48,300,720,4,16,180,40,0.80,0.0018,12,12
base,14,48,600,480,2,12,120,30,0.60,0.0016,12,12
base,14,48,600,480,2,12,120,30,0.70,0.0018,12,12
base,14,48,600,480,2,12,120,30,0.80,0.0018,12,12
base,14,48,600,480,2,12,120,40,0.60,0.0019,12,12
base,14,48,600,480,2,12,120,40,0.70,0.0016,12,12
base,14,48,600,480,2,12,120,40,0.80,0.0015,12,12
base,14,48,600,480,2,12,180,30,0.60,0.0016,12,12
base,14,48,600,480,2,12,180,30,0.70,0.0025,12,12
base,14,48,600,480,2,12,180,30,0.80,0.0021,12,12
base,14,48,600,480,2,12,180,40,0.60,0.0020,12,12
base,14,48,600,480,2,12,180,40,0.70,0.0017,12,12
base,14,48,600,480,2,12,180,40,0.80,0.0016,12,12
base,14,48,600,480,2,16,120,30,0.60,0.0017,12,12
base,14,48,600,480,2,16,120,30,0.70,0.0016,12,12
base,14,48,600,480,2,16,120,30,0.80,0.0016,12,12
base,14,48,600,480,2,16,120,40,0.60,0.0020,12,12
base,14,48,600,480,2,16,120,40,0.70,0.0023,12,12
base,14,48,600,480,2,16,120,40,0.80,0.0022,12,12
base,14,48,600,480,2,16,180,30,0.60,0.0022,12,12
base,14,48,600,480,2,16,180,30,0.70,0.0022,12,12
base,14,48,600,480,2,16,180,30,0.80,0.0018,12,12
base,14,48,600,480,2,16,180,40,0.60,0.0015,12,12
base,14,48,600,480,2,16,180,40,0.70,0.0017,12,12
base,14,48,600,480,2,16,180,40,0.80,0.0016,12,12
base,14,48,600,480,3,12,120,30,0.60,0.0015,12,12
base,14,48,600,480,3,12,120,30,0.70,0.0017,12,12
base,14,48,600,480,3,12,120,30,0.80,0.0016,12,12
base,14,48,600,480,3,12,120,40,0.60,0.0016,12,12
base,14,48,600,480,3,12,120,40,0.70,0.0015,12,12
base,14,48,600,480,3,12,120,40,0.80,0.0016,12,12
base,14,48,600,480,3,12,180,30,0.60,0.0022,12,12
base,14,48,600,480,3,12,180,30,0.70,0.0025,12,12
base,14,48,600,480,3,12,180,30,0.80,0.0015,12,12
base,14,48,600,480,3,12,180,40,0.60,0.0015,12,12
base,14,48,600,480,3,12,180,40,0.70,0.0026,12,12
base,14,48,600,480,3,12,180,40,0.80,0.0029,12,12
base,14,48,600,480,3,16,120,30,0.60,0.0028,12,12
base,14,48,600,480,3,16,120,30,0.70,0.0028,12,12
base,14,48,600,480,3,16,120,30,0.80,0.0028,12,12
base,14,48,600,480,3,16,120,40,0.60,0.0029,12,12
base,14,48,600,480,3,16,120,40,0.70,0.0027,12,12
base,14,48,600,480,3,16,120,40,0.80,0.0030,12,12
base,14,48,600,480,3,16,180,30,0.60,0.0028,12,12
base,14,48,600,480,3,16,180,30,0.70,0.0015,12,12
base,14,48,600,480,3,16,180,30,0.80,0.0017,12,12
base,14,48,600,480,3,16,180,40,0.60,0.0015,12,12
base,14,48,600,480,3,16,180,40,0.70,0.0015,12,12
base,14,48,600,480,3,16,180,40,0.80,0.0017,12,12
base,14,48,600,480,4,12,120,30,0.60,0.0015,12,12
base,14,48,600,480,4,12,120,30,0.70,0.0016,12,12
base,14,48,600,480,4,12,120,30,0.80,0.0015,12,12
base,14,48,600,480,4,12,120,40,0.60,0.0015,12,12
base,14,48,600,480,4,12,120,40,0.70,0.0016,12,12
base,14,48,600,480,4,12,120,40,0.80,0.0015,12,12
base,14,48,600,480,4,12,180,30,0.60,0.0016,12,12
base,14,48,600,480,4,12,180,30,0.70,0.0015,12,12
base,14,48,600,480,4,12,180,30,0.80,0.0019,12,12
base,14,48,600,480,4,12,180,40,0.60,0.0021,12,12
base,14,48,600,480,4,12,180,40,0.70,0.0017,12,12
base,14,48,600,480,4,12,180,40,0.80,0.0016,12,12
base,14,48,600,480,4,16,120,30,0.60,0.0015,12,12
base,14,48,600,480,4,16,120,30,0.70,0.0016,12,12
base,14,48,600,480,4,16,120,30,0.80,0.0015,12,12
base,14,48,600,480,4,16,120,40,0.60,0.0015,12,12
base,14,48,600,480,4,16,120,40,0.70,0.0016,12,12
base,14,48,600,480,4,16,120,40,0.80,0.0015,12,12
base,14,48,600,480,4,16,180,30,0.60,0.0015,12,12
base,14,48,600,480,4,16,180,30,0.70,0.0015,12,12
base,14,48,600,480,4,16,180,30,0.80,0.0015,12,12
base,14,48,600,480,4,16,180,40,0.60,0.0016,12,12
base,14,48,600,480,4,16,180,40,0.70,0.0015,12,12
base,14,48,600,480,4,16,180,40,0.80,0.0016,12,12
base,14,48,600,720,2,12,120,30,0.60,0.0015,12,12
base,14,48,600,720,2,12,120,30,0.70,0.0015,12,12
base,14,48,600,720,2,12,120,30,0.80,0.0017,12,12
base,14,48,600,720,2,12,120,40,0.60,0.0015,12,12
base,14,48,600,720,2,12,120,40,0.70,0.0015,12,12
base,14,48,600,720,2,12,120,40,0.80,0.0015,12,12
base,14,48,600,720,2,12,180,30,0.60,0.0015,12,12
base,14,48,600,720,2,12,180,30,0.70,0.0016,12,12
base,14,48,600,720,2,12,180,30,0.80,0.0015,12,12
base,14,48,600,720,2,12,180,40,0.60,0.0016,12,12
base,14,48,600,720,2,12,180,40,0.70,0.0016,12,12
base,14,48,600,720,2,12,180,40,0.80,0.0016,12,12
base,14,48,600,720,2,16,120,30,0.60,0.0016,12,12
base,14,48,600,720,2,16,120,30,0.70,0.0015,12,12
base,14,48,600,720,2,16,120,30,0.80,0.0021,12,12
base,14,48,600,720,2,16,120,40,0.60,0.0029,12,12
base,14,48,600,720,2,16,120,40,0.70,0.0032,12,12
base,14,48,600,720,2,16,120,40,0.80,0.0028,12,12
base,14,48,600,720,2,16,180,30,0.60,0.0016,12,12
base,14,48,600,720,2,16,180,30,0.70,0.0016,12,12
base,14,48,600,720,2,16,180,30,0.80,0.0015,12,12
base,14,48,600,720,2,16,180,40,0.60,0.0015,12,12
base,14,48,600,720,2,16,180,40,0.70,0.0016,12,12
base,14,48,600,720,2,16,180,40,0.80,0.0015,12,12
base,14,48,600,720,3,12,120,30,0.60,0.0016,12,12
base,14,48,600,720,3,12,120,30,0.70,0.0016,12,12
base,14,48,600,720,3,12,120,30,0.80,0.0015,12,12
base,14,48,600,720,3,12,120,40,0.60,0.0016,12,12
base,14,48,600,720,3,12,120,40,0.70,0.0015,12,12
base,14,48,600,720,3,12,120,40,0.80,0.0016,12,12
base,14,48,600,720,3,12,180,30,0.60,0.0015,12,12
base,14,48,600,720,3,12,180,30,0.70,0.0016,12,12
base,14,48,600,720,3,12,180,30,0.80,0.0016,12,12
base,14,48,600,720,3,12,180,40,0.60,0.0015,12,12
base,14,48,600,720,3,12,180,40,0.70,0.0024,12,12
base,14,48,600,720,3,12,180,40,0.80,0.0023,12,12
base,14,48,600,720,3,16,120,30,0.60,0.0022,12,12
base,14,48,600,720,3,16,120,30,0.70,0.0020,12,12
base,14,48,600,720,3,16,120,30,0.80,0.0022,12,12
base,14,48,600,720,3,16,120,40,0.60,0.0020,12,12
base,14,48,600,720,3,16,120,40,0.70,0.0021,12,12
base,14,48,600,720,3,16,120,40,0.80,0.0023,12,12
base,14,48,600,720,3,16,180,30,0.60,0.0020,12,12
base,14,48,600,720,3,16,180,30,0.70,0.0022,12,12
base,14,48,600,720,3,16,180,30,0.80,0.0018,12,12
base,14,48,600,720,3,16,180,40,0.60,0.0020,12,12
base,14,48,600,720,3,16,180,40,0.70,0.0018,12,12
base,14,48,600,720,3,16,180,40,0.80,0.0021,12,12
base,14,48,600,720,4,12,120,30,0.60,0.0019,12,12
base,14,48,600,720,4,12,120,30,0.70,0.0019,12,12
base,14,48,600,720,4,12,120,30,0.80,0.0019,12,12
base,14,48,600,720,4,12,120,40,0.60,0.0022,12,12
base,14,48,600,720,4,12,120,40,0.70,0.0018,12,12
base,14,48,600,720,4,12,120,40,0.80,0.0029,12,12
base,14,48,600,720,4,12,180,30,0.60,0.0018,12,12
base,14,48,600,720,4,12,180,30,0.70,0.0020,12,12
base,14,48,600,720,4,12,180,30,0.80,0.0017,12,12
base,14,48,600,720,4,12,180,40,0.60,0.0018,12,12
base,14,48,600,720,4,12,180,40,0.70,0.0018,12,12
base,14,48,600,720,4,12,180,40,0.80,0.0018,12,12
base,14,48,600,720,4,16,120,30,0.60,0.0017,12,12
base,14,48,600,720,4,16,120,30,0.70,0.0020,12,12
base,14,48,600,720,4,16,120,30,0.80,0.0017,12,12
base,14,48,600,720,4,16,120,40,0.60,0.0017,12,12
base,14,48,600,720,4,16,120,40,0.70,0.0018,12,12
base,14,48,600,720,4,16,120,40,0.80,0.0016,12,12
base,14,48,600,720,4,16,180,30,0.60,0.0017,12,12
base,14,48,600,720,4,16,180,30,0.70,0.0018,12,12
base,14,48,600,720,4,16,180,30,0.80,0.0023,12,12
base,14,48,600,720,4,16,180,40,0.60,0.0021,12,12
base,14,48,600,720,4,16,180,40,0.70,0.0018,12,12
base,14,48,600,720,4,16,180,40,0.80,0.0016,12,12
base,16,24,300,480,2,12,120,30,0.60,0.0020,12,12
base,16,24,300,480,2,12,120,30,0.70,0.0024,12,12
base,16,24,300,480,2,12,120,30,0.80,0.0017,12,12
base,16,24,300,480,2,12,120,40,0.60,0.0016,12,12
base,16,24,300,480,2,12,120,40,0.70,0.0018,12,12
base,16,24,300,480,2,12,120,40,0.80,0.0016,12,12
base,16,24,300,480,2,12,180,30,0.60,0.0017,12,12
base,16,24,300,480,2,12,180,30,0.70,0.0019,12,12
base,16,24,300,480,2,12,180,30,0.80,0.0022,12,12
base,16,24,300,480,2,12,180,40,0.60,0.0018,12,12
base,16,24,300,480,2,12,180,40,0.70,0.0018,12,12
base,16,24,300,480,2,12,180,40,0.80,0.0018,12,12
base,16,24,300,480,2,16,120,30,0.60,0.0017,12,12
base,16,24,300,480,2,16,120,30,0.70,0.0018,12,12
base,16,24,300,480,2,16,120,30,0.80,0.0016,12,12
base,16,24,300,480,2,16,120,40,0.60,0.0017,12,12
base,16,24,300,480,2,16,120,40,0.70,0.0017,12,12
base,16,24,300,480,2,16,120,40,0.80,0.0017,12,12
base,16,24,300,480,2,16,180,30,0.60,0.0017,12,12
base,16,24,300,480,2,16,180,30,0.70,0.0016,12,12
base,16,24,300,480,2,16,180,30,0.80,0.0018,12,12
base,16,24,300,480,2,16,180,40,0.60,0.0016,12,12
base,16,24,300,480,2,16,180,40,0.70,0.0017,12,12
base,16,24,300,480,2,16,180,40,0.80,0.0017,12,12
base,16,24,300,480,3,12,120,30,0.60,0.0016,12,12
base,16,24,300,480,3,12,120,30,0.70,0.0017,12,12
base,16,24,300,480,3,12,120,30,0.80,0.0019,12,12
base,16,24,300,480,3,12,120,40,0.60,0.0022,12,12
base,16,24,300,480,3,12,120,40,0.70,0.0015,12,12
base,16,24,300,480,3,12,120,40,0.80,0.0016,12,12
base,16,24,300,480,3,12,180,30,0.60,0.0016,12,12
base,16,24,300,480,3,12,180,30,0.70,0.0017,12,12
base,16,24,300,480,3,12,180,30,0.80,0.0016,12,12
base,16,24,300,480,3,12,180,40,0.60,0.0015,12,12
base,16,24,300,480,3,12,180,40,0.70,0.0017,12,12
base,16,24,300,480,3,12,180,40,0.80,0.0015,12,12
base,16,24,300,480,3,16,120,30,0.60,0.0016,12,12
base,16,24,300,480,3,16,120,30,0.70,0.0015,12,12
base,16,24,300,480,3,16,120,30,0.80,0.0016,12,12
base,16,24,300,480,3,16,120,40,0.60,0.0017,12,12
base,16,24,300,480,3,16,120,40,0.70,0.0018,12,12
base,16,24,300,480,3,16,120,40,0.80,0.0018,12,12
base,16,24,300,480,3,16,180,30,0.60,0.0016,12,12
base,16,24,300,480,3,16,180,30,0.70,0.0016,12,12
base,16,24,300,480,3,16,180,30,0.80,0.0017,12,12
base,16,24,300,480,3,16,180,40,0.60,0.0016,12,12
base,16,24,300,480,3,16,180,40,0.70,0.0018,12,12
base,16,24,300,480,3,16,180,40,0.80,0.0017,12,12
base,16,24,300,480,4,12,120,30,0.60,0.0026,12,12
base,16,24,300,480,4,12,120,30,0.70,0.0020,12,12
base,16,24,300,480,4,12,120,30,0.80,0.0019,12,12
base,16,24,300,480,4,12,120,40,0.60,0.0016,12,12
base,16,24,300,480,4,12,120,40,0.70,0.0022,12,12
base,16,24,300,480,4,12,120,40,0.80,0.0020,12,12
base,16,24,300,480,4,12,180,30,0.60,0.0021,12,12
base,16,24,300,480,4,12,180,30,0.70,0.0018,12,12
base,16,24,300,480,4,12,180,30,0.80,0.0017,12,12
base,16,24,300,480,4,12,180,40,0.60,0.0016,12,12
base,16,24,300,480,4,12,180,40,0.70,0.0018,12,12
base,16,24,300,480,4,12,180,40,0.80,0.0016,12,12
base,16,24,300,480,4,16,120,30,0.60,0.0018,12,12
base,16,24,300,480,4,16,120,30,0.70,0.0017,12,12
base,16,24,300,480,4,16,120,30,0.80,0.0017,12,12
base,16,24,300,480,4,16,120,40,0.60,0.0018,12,12
base,16,24,300,480,4,16,120,40,0.70,0.0017,12,12
base,16,24,300,480,4,16,120,40,0.80,0.0018,12,12
base,16,24,300,480,4,16,180,30,0.60,0.0016,12,12
base,16,24,300,480,4,16,180,30,0.70,0.0017,12,12
base,16,24,300,480,4,16,180,30,0.80,0.0016,12,12
base,16,24,300,480,4,16,180,40,0.60,0.0017,12,12
base,16,24,300,480,4,16,180,40,0.70,0.0017,12,12
base,16,24,300,480,4,16,180,40,0.80,0.0016,12,12
base,16,24,300,720,2,12,120,30,0.60,0.0017,12,12
base,16,24,300,720,2,12,120,30,0.70,0.0016,12,12
base,16,24,300,720,2,12,120,30,0.80,0.0017,12,12
base,16,24,300,720,2,12,120,40,0.60,0.0016,12,12
base,16,24,300,720,2,12,120,40,0.70,0.0016,12,12
base,16,24,300,720,2,12,120,40,0.80,0.0017,12,12
base,16,24,300,720,2,12,180,30,0.60,0.0015,12,12
base,16,24,300,720,2,12,180,30,0.70,0.0017,12,12
base,16,24,300,720,2,12,180,30,0.80,0.0017,12,12
base,16,24,300,720,2,12,180,40,0.60,0.0017,12,12
base,16,24,300,720,2,12,180,40,0.70,0.0017,12,12
base,16,24,300,720,2,12,180,40,0.80,0.0017,12,12
base,16,24,300,720,2,16,120,30,0.60,0.0017,12,12
base,16,24,300,720,2,16,120,30,0.70,0.0018,12,12
base,16,24,300,720,2,16,120,30,0.80,0.0018,12,12
base,16,24,300,720,2,16,120,40,0.60,0.0017,12,12
base,16,24,300,720,2,16,120,40,0.70,0.0018,12,12
base,16,24,300,720,2,16,120,40,0.80,0.0019,12,12
base,16,24,300,720,2,16,180,30,0.60,0.0018,12,12
base,16,24,300,720,2,16,180,30,0.70,0.0016,12,12
base,16,24,300,720,2,16,180,30,0.80,0.0017,12,12
base,16,24,300,720,2,16,180,40,0.60,0.0020,12,12
base,16,24,300,720,2,16,180,40,0.70,0.0022,12,12
base,16,24,300,720,2,16,180,40,0.80,0.0020,12,12
base,16,24,300,720,3,12,120,30,0.60,0.0019,12,12
base,16,24,300,720,3,12,120,30,0.70,0.0017,12,12
base,16,24,300,720,3,12,120,30,0.80,0.0016,12,12
base,16,24,300,720,3,12,120,40,0.60,0.0017,12,12
base,16,24,300,720,3,12,120,40,0.70,0.0016,12,12
base,16,24,300,720,3,12,120,40,0.80,0.0017,12,12
base,16,24,300,720,3,12,180,30,0.60,0.0016,12,12
base,16,24,300,720,3,12,180,30,0.70,0.0017,12,12
base,16,24,300,720,3,12,180,30,0.80,0.0016,12,12
base,16,24,300,720,3,12,180,40,0.60,0.0016,12,12
base,16,24,300,720,3,12,180,40,0.70,0.0017,12,12
base,16,24,300,720,3,12,180,40,0.80,0.0016,12,12
base,16,24,300,720,3,16,120,30,0.60,0.0018,12,12
base,16,24,300,720,3,16,120,30,0.70,0.0017,12,12
base,16,24,300,720,3,16,120,30,0.80,0.0018,12,12
base,16,24,300,720,3,16,120,40,0.60,0.0019,12,12
base,16,24,300,720,3,16,120,40,0.70,0.0017,12,12
base,16,24,300,720,3,16,120,40,0.80,0.0019,12,12
base,16,24,300,720,3,16,180,30,0.60,0.0018,12,12
base,16,24,300,720,3,16,180,30,0.70,0.0020,12,12
base,16,24,300,720,3,16,180,30,0.80,0.0017,12,12
base,16,24,300,720,3,16,180,40,0.60,0.0020,12,12
base,16,24,300,720,3,16,180,40,0.70,0.0020,12,12
base,16,24,300,720,3,16,180,40,0.80,0.0021,12,12
base,16,24,300,720,4,12,120,30,0.60,0.0019,12,12
base,16,24,300,720,4,12,120,30,0.70,0.0019,12,12
base,16,24,300,720,4,12,120,30,0.80,0.0019,12,12
base,16,24,300,720,4,12,120,40,0.60,0.0019,12,12
base,16,24,300,720,4,12,120,40,0.70,0.0017,12,12
base,16,24,300,720,4,12,120,40,0.80,0.0018,12,12
base,16,24,300,720,4,12,180,30,0.60,0.0018,12,12
base,16,24,300,720,4,12,180,30,0.70,0.0019,12,12
base,16,24,300,720,4,12,180,30,0.80,0.0018,12,12
base,16,24,300,720,4,12,180,40,0.60,0.0020,12,12
base,16,24,300,720,4,12,180,40,0.70,0.0019,12,12
base,16,24,300,720,4,12,180,40,0.80,0.0017,12,12
base,16,24,300,720,4,16,120,30,0.60,0.0018,12,12
base,16,24,300,720,4,16,120,30,0.70,0.0018,12,12
base,16,24,300,720,4,16,120,30,0.80,0.0021,12,12
base,16,24,300,720,4,16,120,40,0.60,0.0029,12,12
base,16,24,300,720,4,16,120,40,0.70,0.0028,12,12
base,16,24,300,720,4,16,120,40,0.80,0.0029,12,12
base,16,24,300,720,4,16,180,30,0.60,0.0030,12,12
base,16,24,300,720,4,16,180,30,0.70,0.0028,12,12
base,16,24,300,720,4,16,180,30,0.80,0.0028,12,12
base,16,24,300,720,4,16,180,40,0.60,0.0028,12,12
base,16,24,300,720,4,16,180,40,0.70,0.0029,12,12
base,16,24,300,720,4,16,180,40,0.80,0.0028,12,12
base,16,24,600,480,2,12,120,30,0.60,0.0028,12,12
base,16,24,600,480,2,12,120,30,0.70,0.0023,12,12
base,16,24,600,480,2,12,120,30,0.80,0.0016,12,12
base,16,24,600,480,2,12,120,40,0.60,0.0017,12,12
base,16,24,600,480,2,12,120,40,0.70,0.0017,12,12
base,16,24,600,480,2,12,120,40,0.80,0.0020,12,12
base,16,24,600,480,2,12,180,30,0.60,0.0020,12,12
base,16,24,600,480,2,12,180,30,0.70,0.0023,12,12
base,16,24,600,480,2,12,180,30,0.80,0.0021,12,12
base,16,24,600,480,2,12,180,40,0.60,0.0019,12,12
base,16,24,600,480,2,12,180,40,0.70,0.0024,12,12
base,16,24,600,480,2,12,180,40,0.80,0.0021,12,12
base,16,24,600,480,2,16,120,30,0.60,0.0019,12,12
base,16,24,600,480,2,16,120,30,0.70,0.0017,12,12
base,16,24,600,480,2,16,120,30,0.80,0.0016,12,12
base,16,24,600,480,2,16,120,40,0.60,0.0017,12,12
base,16,24,600,480,2,16,120,40,0.70,0.0016,12,12
base,16,24,600,480,2,16,120,40,0.80,0.0016,12,12
base,16,24,600,480,2,16,180,30,0.60,0.0017,12,12
base,16,24,600,480,2,16,180,30,0.70,0.0016,12,12
base,16,24,600,480,2,16,180,30,0.80,0.0017,12,12
base,16,24,600,480,2,16,180,40,0.60,0.0016,12,12
base,16,24,600,480,2,16,180,40,0.70,0.0016,12,12
base,16,24,600,480,2,16,180,40,0.80,0.0018,12,12
base,16,24,600,480,3,12,120,30,0.60,0.0016,12,12
base,16,24,600,480,3,12,120,30,0.70,0.0017,12,12
base,16,24,600,480,3,12,120,30,0.80,0.0016,12,12
base,16,24,600,480,3,12,120,40,0.60,0.0017,12,12
base,16,24,600,480,3,12,120,40,0.70,0.0016,12,12
base,16,24,600,480,3,12,120,40,0.80,0.0016,12,12
base,16,24,600,480,3,12,180,30,0.60,0.0017,12,12
base,16,24,600,480,3,12,180,30,0.70,0.0017,12,12
base,16,24,600,480,3,12,180,30,0.80,0.0017,12,12
base,16,24,600,480,3,12,180,40,0.60,0.0016,12,12
base,16,24,600,480,3,12,180,40,0.70,0.0016,12,12
base,16,24,600,480,3,12,180,40,0.80,0.0017,12,12
base,16,24,600,480,3,16,120,30,0.60,0.0015,12,12
base,16,24,600,480,3,16,120,30,0.70,0.0018,12,12
base,16,24,600,480,3,16,120,30,0.80,0.0016,12,12
base,16,24,600,480,3,16,120,40,0.60,0.0018,12,12
base,16,24,600,480,3,16,120,40,0.70,0.0016,12,12
base,16,24,600,480,3,16,120,40,0.80,0.0016,12,12
base,16,24,600,480,3,16,180,30,0.60,0.0016,12,12
base,16,24,600,480,3,16,180,30,0.70,0.0016,12,12
base,16,24,600,480,3,16,180,30,0.80,0.0016,12,12
base,16,24,600,480,3,16,180,40,0.60,0.0016,12,12
base,16,24,600,480,3,16,180,40,0.70,0.0017,12,12
base,16,24,600,480,3,16,180,40,0.80,0.0016,12,12
base,16,24,600,480,4,12,120,30,0.60,0.0016,12,12
base,16,24,600,480,4,12,120,30,0.70,0.0017,12,12
base,16,24,600,480,4,12,120,30,0.80,0.0015,12,12
base,16,24,600,480,4,12,120,40,0.60,0.0017,12,12
base,16,24,600,480,4,12,120,40,0.70,0.0016,12,12
base,16,24,600,480,4,12,120,40,0.80,0.0017,12,12
base,16,24,600,480,4,12,180,30,0.60,0.0016,12,12
base,16,24,600,480,4,12,180,30,0.70,0.0016,12,12
base,16,24,600,480,4,12,180,30,0.80,0.0017,12,12
base,16,24,600,480,4,12,180,40,0.60,0.0016,12,12
base,16,24,600,480,4,12,180,40,0.70,0.0017,12,12
base,16,24,600,480,4,12,180,40,0.80,0.0016,12,12
base,16,24,600,480,4,16,120,30,0.60,0.0025,12,12
base,16,24,600,480,4,16,120,30,0.70,0.0028,12,12
base,16,24,600,480,4,16,120,30,0.80,0.0028,12,12
base,16,24,600,480,4,16,120,40,0.60,0.0030,12,12
base,16,24,600,480,4,16,120,40,0.70,0.0028,12,12
base,16,24,600,480,4,16,120,40,0.80,0.0027,12,12
base,16,24,600,480,4,16,180,30,0.60,0.0029,12,12
base,16,24,600,480,4,16,180,30,0.70,0.0029,12,12
base,16,24,600,480,4,16,180,30,0.80,0.0028,12,12
base,16,24,600,480,4,16,180,40,0.60,0.0028,12,12
base,16,24,600,480,4,16,180,40,0.70,0.0028,12,12
base,16,24,600,480,4,16,180,40,0.80,0.0028,12,12
base,16,24,600,720,2,12,120,30,0.60,0.0020,12,12
base,16,24,600,720,2,12,120,30,0.70,0.0015,12,12
base,16,24,600,720,2,12,120,30,0.80,0.0017,12,12
base,16,24,600,720,2,12,120,40,0.60,0.0015,12,12
base,16,24,600,720,2,12,120,40,0.70,0.0017,12,12
base,16,24,600,720,2,12,120,40,0.80,0.0017,12,12
base,16,24,600,720,2,12,180,30,0.60,0.0016,12,12
base,16,24,600,720,2,12,180,30,0.70,0.0015,12,12
base,16,24,600,720,2,12,180,30,0.80,0.0016,12,12
base,16,24,600,720,2,12,180,40,0.60,0.0016,12,12
base,16,24,600,720,2,12,180,40,0.70,0.0016,12,12
base,16,24,600,720,2,12,180,40,0.80,0.0016,12,12
base,16,24,600,720,2,16,120,30,0.60,0.0018,12,12
base,16,24,600,720,2,16,120,30,0.70,0.0018,12,12
base,16,24,600,720,2,16,120,30,0.80,0.0017,12,12
base,16,24,600,720,2,16,120,40,0.60,0.0016,12,12
base,16,24,600,720,2,16,120,40,0.70,0.0017,12,12
base,16,24,600,720,2,16,120,40,0.80,0.0016,12,12
base,16,24,600,720,2,16,180,30,0.60,0.0018,12,12
base,16,24,600,720,2,16,180,30,0.70,0.0017,12,12
base,16,24,600,720,2,16,180,30,0.80,0.0018,12,12
base,16,24,600,720,2,16,180,40,0.60,0.0017,12,12
base,16,24,600,720,2,16,180,40,0.70,0.0016,12,12
base,16,24,600,720,2,16,180,40,0.80,0.0019,12,12
base,16,24,600,720,3,12,120,30,0.60,0.0021,12,12
base,16,24,600,720,3,12,120,30,0.70,0.0022,12,12
base,16,24,600,720,3,12,120,30,0.80,0.0019,12,12
base,16,24,600,720,3,12,120,40,0.60,0.0018,12,12
base,16,24,600,720,3,12,120,40,0.70,0.0018,12,12
base,16,24,600,720,3,12,120,40,0.80,0.0022,12,12
base,16,24,600,720,3,12,180,30,0.60,0.0018,12,12
base,16,24,600,720,3,12,180,30,0.70,0.0018,12,12
base,16,24,600,720,3,12,180,30,0.80,0.0020,12,12
base,16,24,600,720,3,12,180,40,0.60,0.0018,12,12
base,16,24,600,720,3,12,180,40,0.70,0.0018,12,12
base,16,24,600,720,3,12,180,40,0.80,0.0019,12,12
base,16,24,600,720,3,16,120,30,0.60,0.0021,12,12
base,16,24,600,720,3,16,120,30,0.70,0.0017,12,12
base,16,24,600,720,3,16,120,30,0.80,0.0021,12,12
base,16,24,600,720,3,16,120,40,0.60,0.0019,12,12
base,16,24,600,720,3,16,120,40,0.70,0.0018,12,12
base,16,24,600,720,3,16,120,40,0.80,0.0019,12,12
base,16,24,600,720,3,16,180,30,0.60,0.0018,12,12
base,16,24,600,720,3,16,180,30,0.70,0.0020,12,12
base,16,24,600,720,3,16,180,30,0.80,0.0017,12,12
base,16,24,600,720,3,16,180,40,0.60,0.0023,12,12
base,16,24,600,720,3,16,180,40,0.70,0.0019,12,12
base,16,24,600,720,3,16,180,40,0.80,0.0022,12,12
base,16,24,600,720,4,12,120,30,0.60,0.0021,12,12
base,16,24,600,720,4,12,120,30,0.70,0.0019,12,12
base,16,24,600,720,4,12,120,30,0.80,0.0018,12,12
base,16,24,600,720,4,12,120,40,0.60,0.0024,12,12
base,16,24,600,720,4,12,120,40,0.70,0.0027,12,12
base,16,24,600,720,4,12,120,40,0.80,0.0023,12,12
base,16,24,600,720,4,12,180,30,0.60,0.0016,12,12
base,16,24,600,720,4,12,180,30,0.70,0.0017,12,12
base,16,24,600,720,4,12,180,30,0.80,0.0016,12,12
base,16,24,600,720,4,12,180,40,0.60,0.0017,12,12
base,16,24,600,720,4,12,180,40,0.70,0.0016,12,12
base,16,24,600,720,4,12,180,40,0.80,0.0016,12,12
base,16,24,600,720,4,16,120,30,0.60,0.0020,12,12
base,16,24,600,720,4,16,120,30,0.70,0.0018,12,12
base,16,24,600,720,4,16,120,30,0.80,0.0018,12,12
base,16,24,600,720,4,16,120,40,0.60,0.0017,12,12
base,16,24,600,720,4,16,120,40,0.70,0.0018,12,12
base,16,24,600,720,4,16,120,40,0.80,0.0016,12,12
base,16,24,600,720,4,16,180,30,0.60,0.0018,12,12
base,16,24,600,720,4,16,180,30,0.70,0.0016,12,12
base,16,24,600,720,4,16,180,30,0.80,0.0017,12,12
base,16,24,600,720,4,16,180,40,0.60,0.0018,12,12
base,16,24,600,720,4,16,180,40,0.70,0.0017,12,12
base,16,24,600,720,4,16,180,40,0.80,0.0017,12,12
base,16,36,300,480,2,12,120,30,0.60,0.0017,12,12
base,16,36,300,480,2,12,120,30,0.70,0.0019,12,12
base,16,36,300,480,2,12,120,30,0.80,0.0017,12,12
base,16,36,300,480,2,12,120,40,0.60,0.0018,12,12
base,16,36,300,480,2,12,120,40,0.70,0.0016,12,12
base,16,36,300,480,2,12,120,40,0.80,0.0017,12,12
base,16,36,300,480,2,12,180,30,0.60,0.0018,12,12
base,16,36,300,480,2,12,180,30,0.70,0.0017,12,12
base,16,36,300,480,2,12,180,30,0.80,0.0018,12,12
base,16,36,300,480,2,12,180,40,0.60,0.0016,12,12
base,16,36,300,480,2,12,180,40,0.70,0.0017,12,12
base,16,36,300,480,2,12,180,40,0.80,0.0016,12,12
base,16,36,300,480,2,16,120,30,0.60,0.0016,12,12
base,16,36,300,480,2,16,120,30,0.70,0.0017,12,12
base,16,36,300,480,2,16,120,30,0.80,0.0016,12,12
base,16,36,300,480,2,16,120,40,0.60,0.0018,12,12
base,16,36,300,480,2,16,120,40,0.70,0.0016,12,12
base,16,36,300,480,2,16,120,40,0.80,0.0017,12,12
base,16,36,300,480,2,16,180,30,0.60,0.0016,12,12
base,16,36,300,480,2,16,180,30,0.70,0.0016,12,12
base,16,36,300,480,2,16,180,30,0.80,0.0016,12,12
base,16,36,300,480,2,16,180,40,0.60,0.0017,12,12
base,16,36,300,480,2,16,180,40,0.70,0.0017,12,12
base,16,36,300,480,2,16,180,40,0.80,0.0016,12,12
base,16,36,300,480,3,12,120,30,0.60,0.0017,12,12
base,16,36,300,480,3,12,120,30,0.70,0.0016,12,12
base,16,36,300,480,3,12,120,30,0.80,0.0016,12,12
base,16,36,300,480,3,12,120,40,0.60,0.0017,12,12
base,16,36,300,480,3,12,120,40,0.70,0.0016,12,12
base,16,36,300,480,3,12,120,40,0.80,0.0017,12,12
base,16,36,300,480,3,12,180,30,0.60,0.0016,12,12
base,16,36,300,480,3,12,180,30,0.70,0.0017,12,12
base,16,36,300,480,3,12,180,30,0.80,0.0016,12,12
base,16,36,300,480,3,12,180,40,0.60,0.0016,12,12
base,16,36,300,480,3,12,180,40,0.70,0.0017,12,12
base,16,36,300,480,3,12,180,40,0.80,0.0016,12,12
base,16,36,300,480,3,16,120,30,0.60,0.0016,12,12
base,16,36,300,480,3,16,120,30,0.70,0.0016,12,12
base,16,36,300,480,3,16,120,30,0.80,0.0015,12,12
base,16,36,300,480,3,16,120,40,0.60,0.0016,12,12
base,16,36,300,480,3,16,120,40,0.70,0.0016,12,12
base,16,36,300,480,3,16,120,40,0.80,0.0017,12,12
base,16,36,300,480,3,16,180,30,0.60,0.0015,12,12
base,16,36,300,480,3,16,180,30,0.70,0.0015,12,12
base,16,36,300,480,3,16,180,30,0.80,0.0017,12,12
base,16,36,300,480,3,16,180,40,0.60,0.0016,12,12
base,16,36,300,480,3,16,180,40,0.70,0.0018,12,12
base,16,36,300,480,3,16,180,40,0.80,0.0016,12,12
base,16,36,300,480,4,12,120,30,0.60,0.0018,12,12
base,16,36,300,480,4,12,120,30,0.70,0.0016,12,12
base,16,36,300,480,4,12,120,30,0.80,0.0016,12,12
base,16,36,300,480,4,12,120,40,0.60,0.0019,12,12
base,16,36,300,480,4,12,120,40,0.70,0.0023,12,12
base,16,36,300,480,4,12,120,40,0.80,0.0030,12,12
base,16,36,300,480,4,12,180,30,0.60,0.0026,12,12
base,16,36,300,480,4,12,180,30,0.70,0.0017,12,12
base,16,36,300,480,4,12,180,30,0.80,0.0017,12,12
base,16,36,300,480,4,12,180,40,0.60,0.0016,12,12
base,16,36,300,480,4,12,180,40,0.70,0.0017,12,12
base,16,36,300,480,4,12,180,40,0.80,0.0017,12,12
base,16,36,300,480,4,16,120,30,0.60,0.0018,12,12
base,16,36,300,480,4,16,120,30,0.70,0.0017,12,12
base,16,36,300,480,4,16,120,30,0.80,0.0016,12,12
base,16,36,300,480,4,16,120,40,0.60,0.0017,12,12
base,16,36,300,480,4,16,120,40,0.70,0.0016,12,12
base,16,36,300,480,4,16,120,40,0.80,0.0016,12,12
base,16,36,300,480,4,16,180,30,0.60,0.0017,12,12
base,16,36,300,480,4,16,180,30,0.70,0.0016,12,12
base,16,36,300,480,4,16,180,30,0.80,0.0017,12,12
base,16,36,300,480,4,16,180,40,0.60,0.0016,12,12
base,16,36,300,480,4,16,180,40,0.70,0.0018,12,12
base,16,36,300,480,4,16,180,40,0.80,0.0016,12,12
base,16,36,300,720,2,12,120,30,0.60,0.0017,12,12
base,16,36,300,720,2,12,120,30,0.70,0.0016,12,12
base,16,36,300,720,2,12,120,30,0.80,0.0016,12,12
base,16,36,300,720,2,12,120,40,0.60,0.0017,12,12
base,16,36,300,720,2,12,120,40,0.70,0.0017,12,12
base,16,36,300,720,2,12,120,40,0.80,0.0017,12,12
base,16,36,300,720,2,12,180,30,0.60,0.0017,12,12
base,16,36,300,720,2,12,180,30,0.70,0.0021,12,12
base,16,36,300,720,2,12,180,30,0.80,0.0028,12,12
base,16,36,300,720,2,12,180,40,0.60,0.0028,12,12
base,16,36,300,720,2,12,180,40,0.70,0.0029,12,12
base,16,36,300,720,2,12,180,40,0.80,0.0028,12,12
base,16,36,300,720,2,16,120,30,0.60,0.0029,12,12
base,16,36,300,720,2,16,120,30,0.70,0.0029,12,12
base,16,36,300,720,2,16,120,30,0.80,0.0028,12,12
base,16,36,300,720,2,16,120,40,0.60,0.0027,12,12
base,16,36,300,720,2,16,120,40,0.70,0.0029,12,12
base,16,36,300,720,2,16,120,40,0.80,0.0019,12,12
base,16,36,300,720,2,16,180,30,0.60,0.0016,12,12
base,16,36,300,720,2,16,180,30,0.70,0.0015,12,12
base,16,36,300,720,2,16,180,30,0.80,0.0016,12,12
base,16,36,300,720,2,16,180,40,0.60,0.0016,12,12
base,16,36,300,720,2,16,180,40,0.70,0.0016,12,12
base,16,36,300,720,2,16,180,40,0.80,0.0018,12,12
base,16,36,300,720,3,12,120,30,0.60,0.0017,12,12
base,16,36,300,720,3,12,120,30,0.70,0.0017,12,12
base,16,36,300,720,3,12,120,30,0.80,0.0017,12,12
base,16,36,300,720,3,12,120,40,0.60,0.0018,12,12
base,16,36,300,720,3,12,120,40,0.70,0.0016,12,12
base,16,36,300,720,3,12,120,40,0.80,0.0017,12,12
base,16,36,300,720,3,12,180,30,0.60,0.0015,12,12
base,16,36,300,720,3,12,180,30,0.70,0.0015,12,12
base,16,36,300,720,3,12,180,30,0.80,0.0017,12,12
base,16,36,300,720,3,12,180,40,0.60,0.0016,12,12
base,16,36,300,720,3,12,180,40,0.70,0.0019,12,12
base,16,36,300,720,3,12,180,40,0.80,0.0016,12,12
base,16,36,300,720,3,16,120,30,0.60,0.0017,12,12
base,16,36,300,720,3,16,120,30,0.70,0.0015,12,12
base,16,36,300,720,3,16,120,30,0.80,0.0015,12,12
base,16,36,300,720,3,16,120,40,0.60,0.0018,12,12
base,16,36,300,720,3,16,120,40,0.70,0.0016,12,12
base,16,36,300,720,3,16,120,40,0.80,0.0017,12,12
base,16,36,300,720,3,16,180,30,0.60,0.0015,12,12
base,16,36,300,720,3,16,180,30,0.70,0.0016,12,12
base,16,36,300,720,3,16,180,30,0.80,0.0017,12,12
base,16,36,300,720,3,16,180,40,0.60,0.0015,12,12
base,16,36,300,720,3,16,180,40,0.70,0.0017,12,12
base,16,36,300,720,3,16,180,40,0.80,0.0015,12,12
base,16,36,300,720,4,12,120,30,0.60,0.0015,12,12
base,16,36,300,720,4,12,120,30,0.70,0.0015,12,12
base,16,36,300,720,4,12,120,30,0.80,0.0015,12,12
base,16,36,300,720,4,12,120,40,0.60,0.0016,12,12
base,16,36,300,720,4,12,120,40,0.70,0.0016,12,12
base,16,36,300,720,4,12,120,40,0.80,0.0016,12,12
base,16,36,300,720,4,12,180,30,0.60,0.0017,12,12
base,16,36,300,720,4,12,180,30,0.70,0.0015,12,12
base,16,36,300,720,4,12,180,30,0.80,0.0016,12,12
base,16,36,300,720,4,12,180,40,0.60,0.0015,12,12
base,16,36,300,720,4,12,180,40,0.70,0.0015,12,12
base,16,36,300,720,4,12,180,40,0.80,0.0016,12,12
base,16,36,300,720,4,16,120,30,0.60,0.0016,12,12
base,16,36,300,720,4,16,120,30,0.70,0.0017,12,12
base,16,36,300,720,4,16,120,30,0.80,0.0027,12,12
base,16,36,300,720,4,16,120,40,0.60,0.0028,12,12
base,16,36,300,720,4,16,120,40,0.70,0.0029,12,12
base,16,36,300,720,4,16,120,40,0.80,0.0028,12,12
base,16,36,300,720,4,16,180,30,0.60,0.0028,12,12
base,16,36,300,720,4,16,180,30,0.70,0.0020,12,12
base,16,36,300,720,4,16,180,30,0.80,0.0015,12,12
base,16,36,300,720,4,16,180,40,0.60,0.0015,12,12
base,16,36,300,720,4,16,180,40,0.70,0.0016,12,12
base,16,36,300,720,4,16,180,40,0.80,0.0015,12,12
base,16,36,600,480,2,12,120,30,0.60,0.0016,12,12
base,16,36,600,480,2,12,120,30,0.70,0.0015,12,12
base,16,36,600,480,2,12,120,30,0.80,0.0015,12,12
base,16,36,600,480,2,12,120,40,0.60,0.0015,12,12
base,16,36,600,480,2,12,120,40,0.70,0.0015,12,12
base,16,36,600,480,2,12,120,40,0.80,0.0016,12,12
base,16,36,600,480,2,12,180,30,0.60,0.0015,12,12
base,16,36,600,480,2,12,180,30,0.70,0.0015,12,12
base,16,36,600,480,2,12,180,30,0.80,0.0016,12,12
base,16,36,600,480,2,12,180,40,0.60,0.0016,12,12
base,16,36,600,480,2,12,180,40,0.70,0.0018,12,12
base,16,36,600,480,2,12,180,40,0.80,0.0015,12,12
base,16,36,600,480,2,16,120,30,0.60,0.0016,12,12
base,16,36,600,480,2,16,120,30,0.70,0.0017,12,12
base,16,36,600,480,2,16,120,30,0.80,0.0015,12,12
base,16,36,600,480,2,16,120,40,0.60,0.0016,12,12
base,16,36,600,480,2,16,120,40,0.70,0.0015,12,12
base,16,36,600,480,2,16,120,40,0.80,0.0016,12,12
base,16,36,600,480,2,16,180,30,0.60,0.0016,12,12
base,16,36,600,480,2,16,180,30,0.70,0.0015,12,12
base,16,36,600,480,2,16,180,30,0.80,0.0016,12,12
base,16,36,600,480,2,16,180,40,0.60,0.0015,12,12
base,16,36,600,480,2,16,180,40,0.70,0.0015,12,12
base,16,36,600,480,2,16,180,40,0.80,0.0017,12,12
base,16,36,600,480,3,12,120,30,0.60,0.0015,12,12
base,16,36,600,480,3,12,120,30,0.70,0.0016,12,12
base,16,36,600,480,3,12,120,30,0.80,0.0015,12,12
base,16,36,600,480,3,12,120,40,0.60,0.0015,12,12
base,16,36,600,480,3,12,120,40,0.70,0.0017,12,12
base,16,36,600,480,3,12,120,40,0.80,0.0015,12,12
base,16,36,600,480,3,12,180,30,0.60,0.0016,12,12
base,16,36,600,480,3,12,180,30,0.70,0.0016,12,12
base,16,36,600,480,3,12,180,30,0.80,0.0015,12,12
base,16,36,600,480,3,12,180,40,0.60,0.0015,12,12
base,16,36,600,480,3,12,180,40,0.70,0.0015,12,12
base,16,36,600,480,3,12,180,40,0.80,0.0016,12,12
base,16,36,600,480,3,16,120,30,0.60,0.0015,12,12
base,16,36,600,480,3,16,120,30,0.70,0.0015,12,12
base,16,36,600,480,3,16,120,30,0.80,0.0016,12,12
base,16,36,600,480,3,16,120,40,0.60,0.0015,12,12
base,16,36,600,480,3,16,120,40,0.70,0.0015,12,12
base,16,36,600,480,3,16,120,40,0.80,0.0015,12,12
base,16,36,600,480,3,16,180,30,0.60,0.0015,12,12
base,16,36,600,480,3,16,180,30,0.70,0.0016,12,12
base,16,36,600,480,3,16,180,30,0.80,0.0015,12,12
base,16,36,600,480,3,16,180,40,0.60,0.0015,12,12
base,16,36,600,480,3,16,180,40,0.70,0.0016,12,12
base,16,36,600,480,3,16,180,40,0.80,0.0015,12,12
base,16,36,600,480,4,12,120,30,0.60,0.0016,12,12
base,16,36,600,480,4,12,120,30,0.70,0.0015,12,12
base,16,36,600,480,4,12,120,30,0.80,0.0017,12,12
base,16,36,600,480,4,12,120,40,0.60,0.0016,12,12
base,16,36,600,480,4,12,120,40,0.70,0.0015,12,12
base,16,36,600,480,4,12,120,40,0.80,0.0016,12,12
base,16,36,600,480,4,12,180,30,0.60,0.0015,12,12
base,16,36,600,480,4,12,180,30,0.70,0.0015,12,12
base,16,36,600,480,4,12,180,30,0.80,0.0016,12,12
base,16,36,600,480,4,12,180,40,0.60,0.0015,12,12
base,16,36,600,480,4,12,180,40,0.70,0.0016,12,12
base,16,36,600,480,4,12,180,40,0.80,0.0016,12,12
base,16,36,600,480,4,16,120,30,0.60,0.0015,12,12
base,16,36,600,480,4,16,120,30,0.70,0.0016,12,12
base,16,36,600,480,4,16,120,30,0.80,0.0015,12,12
base,16,36,600,480,4,16,120,40,0.60,0.0016,12,12
base,16,36,600,480,4,16,120,40,0.70,0.0015,12,12
base,16,36,600,480,4,16,120,40,0.80,0.0015,12,12
base,16,36,600,480,4,16,180,30,0.60,0.0016,12,12
base,16,36,600,480,4,16,180,30,0.70,0.0015,12,12
base,16,36,600,480,4,16,180,30,0.80,0.0015,12,12
base,16,36,600,480,4,16,180,40,0.60,0.0015,12,12
base,16,36,600,480,4,16,180,40,0.70,0.0015,12,12
base,16,36,600,480,4,16,180,40,0.80,0.0016,12,12
base,16,36,600,720,2,12,120,30,0.60,0.0015,12,12
base,16,36,600,720,2,12,120,30,0.70,0.0016,12,12
base,16,36,600,720,2,12,120,30,0.80,0.0017,12,12
base,16,36,600,720,2,12,120,40,0.60,0.0015,12,12
base,16,36,600,720,2,12,120,40,0.70,0.0019,12,12
base,16,36,600,720,2,12,120,40,0.80,0.0016,12,12
base,16,36,600,720,2,12,180,30,0.60,0.0016,12,12
base,16,36,600,720,2,12,180,30,0.70,0.0015,12,12
base,16,36,600,720,2,12,180,30,0.80,0.0015,12,12
base,16,36,600,720,2,12,180,40,0.60,0.0017,12,12
base,16,36,600,720,2,12,180,40,0.70,0.0015,12,12
base,16,36,600,720,2,12,180,40,0.80,0.0015,12,12
base,16,36,600,720,2,16,120,30,0.60,0.0016,12,12
base,16,36,600,720,2,16,120,30,0.70,0.0015,12,12
base,16,36,600,720,2,16,120,30,0.80,0.0016,12,12
base,16,36,600,720,2,16,120,40,0.60,0.0017,12,12
base,16,36,600,720,2,16,120,40,0.70,0.0017,12,12
base,16,36,600,720,2,16,120,40,0.80,0.0016,12,12
base,16,36,600,720,2,16,180,30,0.60,0.0015,12,12
base,16,36,600,720,2,16,180,30,0.70,0.0018,12,12
base,16,36,600,720,2,16,180,30,0.80,0.0016,12,12
base,16,36,600,720,2,16,180,40,0.60,0.0017,12,12
base,16,36,600,720,2,16,180,40,0.70,0.0016,12,12
base,16,36,600,720,2,16,180,40,0.80,0.0016,12,12
base,16,36,600,720,3,12,120,30,0.60,0.0016,12,12
base,16,36,600,720,3,12,120,30,0.70,0.0015,12,12
base,16,36,600,720,3,12,120,30,0.80,0.0016,12,12
base,16,36,600,720,3,12,120,40,0.60,0.0015,12,12
base,16,36,600,720,3,12,120,40,0.70,0.0015,12,12
base,16,36,600,720,3,12,120,40,0.80,0.0016,12,12
base,16,36,600,720,3,12,180,30,0.60,0.0015,12,12
base,16,36,600,720,3,12,180,30,0.70,0.0016,12,12
base,16,36,600,720,3,12,180,30,0.80,0.0015,12,12
base,16,36,600,720,3,12,180,40,0.60,0.0015,12,12
base,16,36,600,720,3,12,180,40,0.70,0.0023,12,12
base,16,36,600,720,3,12,180,40,0.80,0.0015,12,12
base,16,36,600,720,3,16,120,30,0.60,0.0017,12,12
base,16,36,600,720,3,16,120,30,0.70,0.0015,12,12
base,16,36,600,720,3,16,120,30,0.80,0.0017,12,12
base,16,36,600,720,3,16,120,40,0.60,0.0015,12,12
base,16,36,600,720,3,16,120,40,0.70,0.0015,12,12
base,16,36,600,720,3,16,120,40,0.80,0.0016,12,12
base,16,36,600,720,3,16,180,30,0.60,0.0015,12,12
base,16,36,600,720,3,16,180,30,0.70,0.0016,12,12
base,16,36,600,720,3,16,180,30,0.80,0.0015,12,12
base,16,36,600,720,3,16,180,40,0.60,0.0015,12,12
base,16,36,600,720,3,16,180,40,0.70,0.0017,12,12
base,16,36,600,720,3,16,180,40,0.80,0.0016,12,12
base,16,36,600,720,4,12,120,30,0.60,0.0016,12,12
base,16,36,600,720,4,12,120,30,0.70,0.0015,12,12
base,16,36,600,720,4,12,120,30,0.80,0.0016,12,12
base,16,36,600,720,4,12,120,40,0.60,0.0016,12,12
base,16,36,600,720,4,12,120,40,0.70,0.0016,12,12
base,16,36,600,720,4,12,120,40,0.80,0.0017,12,12
base,16,36,600,720,4,12,180,30,0.60,0.0015,12,12
base,16,36,600,720,4,12,180,30,0.70,0.0016,12,12
base,16,36,600,720,4,12,180,30,0.80,0.0016,12,12
base,16,36,600,720,4,12,180,40,0.60,0.0016,12,12
base,16,36,600,720,4,12,180,40,0.70,0.0016,12,12
base,16,36,600,720,4,12,180,40,0.80,0.0016,12,12
base,16,36,600,720,4,16,120,30,0.60,0.0015,12,12
base,16,36,600,720,4,16,120,30,0.70,0.0016,12,12
base,16,36,600,720,4,16,120,30,0.80,0.0016,12,12
base,16,36,600,720,4,16,120,40,0.60,0.0018,12,12
base,16,36,600,720,4,16,120,40,0.70,0.0016,12,12
base,16,36,600,720,4,16,120,40,0.80,0.0018,12,12
base,16,36,600,720,4,16,180,30,0.60,0.0017,12,12
base,16,36,600,720,4,16,180,30,0.70,0.0017,12,12
base,16,36,600,720,4,16,180,30,0.80,0.0017,12,12
base,16,36,600,720,4,16,180,40,0.60,0.0016,12,12
base,16,36,600,720,4,16,180,40,0.70,0.0017,12,12
base,16,36,600,720,4,16,180,40,0.80,0.0016,12,12
base,16,48,300,480,2,12,120,30,0.60,0.0017,12,12
base,16,48,300,480,2,12,120,30,0.70,0.0016,12,12
base,16,48,300,480,2,12,120,30,0.80,0.0016,12,12
base,16,48,300,480,2,12,120,40,0.60,0.0017,12,12
base,16,48,300,480,2,12,120,40,0.70,0.0017,12,12
base,16,48,300,480,2,12,120,40,0.80,0.0019,12,12
base,16,48,300,480,2,12,180,30,0.60,0.0016,12,12
base,16,48,300,480,2,12,180,30,0.70,0.0017,12,12
base,16,48,300,480,2,12,180,30,0.80,0.0016,12,12
base,16,48,300,480,2,12,180,40,0.60,0.0016,12,12
base,16,48,300,480,2,12,180,40,0.70,0.0018,12,12
base,16,48,300,480,2,12,180,40,0.80,0.0016,12,12
base,16,48,300,480,2,16,120,30,0.60,0.0017,12,12
base,16,48,300,480,2,16,120,30,0.70,0.0015,12,12
base,16,48,300,480,2,16,120,30,0.80,0.0016,12,12
base,16,48,300,480,2,16,120,40,0.60,0.0016,12,12
base,16,48,300,480,2,16,120,40,0.70,0.0017,12,12
base,16,48,300,480,2,16,120,40,0.80,0.0017,12,12
base,16,48,300,480,2,16,180,30,0.60,0.0016,12,12
base,16,48,300,480,2,16,180,30,0.70,0.0017,12,12
base,16,48,300,480,2,16,180,30,0.80,0.0017,12,12
base,16,48,300,480,2,16,180,40,0.60,0.0017,12,12
base,16,48,300,480,2,16,180,40,0.70,0.0017,12,12
base,16,48,300,480,2,16,180,40,0.80,0.0016,12,12
base,16,48,300,480,3,12,120,30,0.60,0.0017,12,12
base,16,48,300,480,3,12,120,30,0.70,0.0016,12,12
base,16,48,300,480,3,12,120,30,0.80,0.0017,12,12
base,16,48,300,480,3,12,120,40,0.60,0.0016,12,12
base,16,48,300,480,3,12,120,40,0.70,0.0015,12,12
base,16,48,300,480,3,12,120,40,0.80,0.0017,12,12
base,16,48,300,480,3,12,180,30,0.60,0.0016,12,12
base,16,48,300,480,3,12,180,30,0.70,0.0017,12,12
base,16,48,300,480,3,12,180,30,0.80,0.0016,12,12
base,16,48,300,480,3,12,180,40,0.60,0.0016,12,12
base,16,48,300,480,3,12,180,40,0.70,0.0016,12,12
base,16,48,300,480,3,12,180,40,0.80,0.0015,12,12
base,16,48,300,480,3,16,120,30,0.60,0.0016,12,12
base,16,48,300,480,3,16,120,30,0.70,0.0016,12,12
base,16,48,300,480,3,16,120,30,0.80,0.0015,12,12
base,16,48,300,480,3,16,120,40,0.60,0.0017,12,12
base,16,48,300,480,3,16,120,40,0.70,0.0016,12,12
base,16,48,300,480,3,16,120,40,0.80,0.0017,12,12
base,16,48,300,480,3,16,180,30,0.60,0.0017,12,12
base,16,48,300,480,3,16,180,30,0.70,0.0017,12,12
base,16,48,300,480,3,16,180,30,0.80,0.0016,12,12
base,16,48,300,480,3,16,180,40,0.60,0.0017,12,12
base,16,48,300,480,3,16,180,40,0.70,0.0017,12,12
base,16,48,300,480,3,16,180,40,0.80,0.0016,12,12
base,16,48,300,480,4,12,120,30,0.60,0.0017,12,12
base,16,48,300,480,4,12,120,30,0.70,0.0016,12,12
base,16,48,300,480,4,12,120,30,0.80,0.0016,12,12
base,16,48,300,480,4,12,120,40,0.60,0.0017,12,12
base,16,48,300,480,4,12,120,40,0.70,0.0016,12,12
base,16,48,300,480,4,12,120,40,0.80,0.0017,12,12
base,16,48,300,480,4,12,180,30,0.60,0.0015,12,12
base,16,48,300,480,4,12,180,30,0.70,0.0017,12,12
base,16,48,300,480,4,12,180,30,0.80,0.0016,12,12
base,16,48,300,480,4,12,180,40,0.60,0.0015,12,12
base,16,48,300,480,4,12,180,40,0.70,0.0017,12,12
base,16,48,300,480,4,12,180,40,0.80,0.0016,12,12
base,16,48,300,480,4,16,120,30,0.60,0.0016,12,12
base,16,48,300,480,4,16,120,30,0.70,0.0015,12,12
base,16,48,300,480,4,16,120,30,0.80,0.0016,12,12
base,16,48,300,480,4,16,120,40,0.60,0.0016,12,12
base,16,48,300,480,4,16,120,40,0.70,0.0016,12,12
base,16,48,300,480,4,16,120,40,0.80,0.0017,12,12
base,16,48,300,480,4,16,180,30,0.60,0.0016,12,12
base,16,48,300,480,4,16,180,30,0.70,0.0016,12,12
base,16,48,300,480,4,16,180,30,0.80,0.0016,12,12
base,16,48,300,480,4,16,180,40,0.60,0.0015,12,12
base,16,48,300,480,4,16,180,40,0.70,0.0017,12,12
base,16,48,300,480,4,16,180,40,0.80,0.0015,12,12
base,16,48,300,720,2,12,120,30,0.60,0.0016,12,12
base,16,48,300,720,2,12,120,30,0.70,0.0016,12,12
base,16,48,300,720,2,12,120,30,0.80,0.0015,12,12
base,16,48,300,720,2,12,120,40,0.60,0.0016,12,12
base,16,48,300,720,2,12,120,40,0.70,0.0017,12,12
base,16,48,300,720,2,12,120,40,0.80,0.0018,12,12
base,16,48,300,720,2,12,180,30,0.60,0.0015,12,12
base,16,48,300,720,2,12,180,30,0.70,0.0015,12,12
base,16,48,300,720,2,12,180,30,0.80,0.0016,12,12
base,16,48,300,720,2,12,180,40,0.60,0.0019,12,12
base,16,48,300,720,2,12,180,40,0.70,0.0018,12,12
base,16,48,300,720,2,12,180,40,0.80,0.0016,12,12
base,16,48,300,720,2,16,120,30,0.60,0.0017,12,12
base,16,48,300,720,2,16,120,30,0.70,0.0016,12,12
base,16,48,300,720,2,16,120,30,0.80,0.0016,12,12
base,16,48,300,720,2,16,120,40,0.60,0.0016,12,12
base,16,48,300,720,2,16,120,40,0.70,0.0017,12,12
base,16,48,300,720,2,16,120,40,0.80,0.0017,12,12
base,16,48,300,720,2,16,180,30,0.60,0.0016,12,12
base,16,48,300,720,2,16,180,30,0.70,0.0017,12,12
base,16,48,300,720,2,16,180,30,0.80,0.0016,12,12
base,16,48,300,720,2,16,180,40,0.60,0.0015,12,12
base,16,48,300,720,2,16,180,40,0.70,0.0017,12,12
base,16,48,300,720,2,16,180,40,0.80,0.0017,12,12
base,16,48,300,720,3,12,120,30,0.60,0.0017,12,12
base,16,48,300,720,3,12,120,30,0.70,0.0016,12,12
base,16,48,300,720,3,12,120,30,0.80,0.0016,12,12
base,16,48,300,720,3,12,120,40,0.60,0.0016,12,12
base,16,48,300,720,3,12,120,40,0.70,0.0015,12,12
base,16,48,300,720,3,12,120,40,0.80,0.0017,12,12
base,16,48,300,720,3,12,180,30,0.60,0.0015,12,12
base,16,48,300,720,3,12,180,30,0.70,0.0016,12,12
base,16,48,300,720,3,12,180,30,0.80,0.0016,12,12
base,16,48,300,720,3,12,180,40,0.60,0.0016,12,12
base,16,48,300,720,3,12,180,40,0.70,0.0018,12,12
base,16,48,300,720,3,12,180,40,0.80,0.0015,12,12
base,16,48,300,720,3,16,120,30,0.60,0.0017,12,12
base,16,48,300,720,3,16,120,30,0.70,0.0015,12,12
base,16,48,300,720,3,16,120,30,0.80,0.0016,12,12
base,16,48,300,720,3,16,120,40,0.60,0.0017,12,12
base,16,48,300,720,3,16,120,40,0.70,0.0017,12,12
base,16,48,300,720,3,16,120,40,0.80,0.0018,12,12
base,16,48,300,720,3,16,180,30,0.60,0.0017,12,12
base,16,48,300,720,3,16,180,30,0.70,0.0018,12,12
base,16,48,300,720,3,16,180,30,0.80,0.0017,12,12
base,16,48,300,720,3,16,180,40,0.60,0.0017,12,12
base,16,48,300,720,3,16,180,40,0.70,0.0017,12,12
base,16,48,300,720,3,16,180,40,0.80,0.0015,12,12
base,16,48,300,720,4,12,120,30,0.60,0.0017,12,12
base,16,48,300,720,4,12,120,30,0.70,0.0016,12,12
base,16,48,300,720,4,12,120,30,0.80,0.0018,12,12
base,16,48,300,720,4,12,120,40,0.60,0.0016,12,12
base,16,48,300,720,4,12,120,40,0.70,0.0017,12,12
base,16,48,300,720,4,12,120,40,0.80,0.0017,12,12
base,16,48,300,720,4,12,180,30,0.60,0.0017,12,12
base,16,48,300,720,4,12,180,30,0.70,0.0018,12,12
base,16,48,300,720,4,12,180,30,0.80,0.0016,12,12
base,16,48,300,720,4,12,180,40,0.60,0.0017,12,12
base,16,48,300,720,4,12,180,40,0.70,0.0017,12,12
base,16,48,300,720,4,12,180,40,0.80,0.0017,12,12
base,16,48,300,720,4,16,120,30,0.60,0.0018,12,12
base,16,48,300,720,4,16,120,30,0.70,0.0016,12,12
base,16,48,300,720,4,16,120,30,0.80,0.0017,12,12
base,16,48,300,720,4,16,120,40,0.60,0.0016,12,12
base,16,48,300,720,4,16,120,40,0.70,0.0017,12,12
base,16,48,300,720,4,16,120,40,0.80,0.0016,12,12
base,16,48,300,720,4,16,180,30,0.60,0.0016,12,12
base,16,48,300,720,4,16,180,30,0.70,0.0017,12,12
base,16,48,300,720,4,16,180,30,0.80,0.0016,12,12
base,16,48,300,720,4,16,180,40,0.60,0.0017,12,12
base,16,48,300,720,4,16,180,40,0.70,0.0016,12,12
base,16,48,300,720,4,16,180,40,0.80,0.0017,12,12
base,16,48,600,480,2,12,120,30,0.60,0.0017,12,12
base,16,48,600,480,2,12,120,30,0.70,0.0016,12,12
base,16,48,600,480,2,12,120,30,0.80,0.0017,12,12
base,16,48,600,480,2,12,120,40,0.60,0.0017,12,12
base,16,48,600,480,2,12,120,40,0.70,0.0017,12,12
base,16,48,600,480,2,12,120,40,0.80,0.0017,12,12
base,16,48,600,480,2,12,180,30,0.60,0.0016,12,12
base,16,48,600,480,2,12,180,30,0.70,0.0017,12,12
base,16,48,600,480,2,12,180,30,0.80,0.0016,12,12
base,16,48,600,480,2,12,180,40,0.60,0.0017,12,12
base,16,48,600,480,2,12,180,40,0.70,0.0016,12,12
base,16,48,600,480,2,12,180,40,0.80,0.0016,12,12
base,16,48,600,480,2,16,120,30,0.60,0.0018,12,12
base,16,48,600,480,2,16,120,30,0.70,0.0016,12,12
base,16,48,600,480,2,16,120,30,0.80,0.0017,12,12
base,16,48,600,480,2,16,120,40,0.60,0.0016,12,12
base,16,48,600,480,2,16,120,40,0.70,0.0017,12,12
base,16,48,600,480,2,16,120,40,0.80,0.0016,12,12
base,16,48,600,480,2,16,180,30,0.60,0.0016,12,12
base,16,48,600,480,2,16,180,30,0.70,0.0017,12,12
base,16,48,600,480,2,16,180,30,0.80,0.0016,12,12
base,16,48,600,480,2,16,180,40,0.60,0.0017,12,12
base,16,48,600,480,2,16,180,40,0.70,0.0016,12,12
base,16,48,600,480,2,16,180,40,0.80,0.0016,12,12
base,16,48,600,480,3,12,120,30,0.60,0.0017,12,12
base,16,48,600,480,3,12,120,30,0.70,0.0017,12,12
base,16,48,600,480,3,12,120,30,0.80,0.0017,12,12
base,16,48,600,480,3,12,120,40,0.60,0.0016,12,12
base,16,48,600,480,3,12,120,40,0.70,0.0018,12,12
base,16,48,600,480,3,12,120,40,0.80,0.0016,12,12
base,16,48,600,480,3,12,180,30,0.60,0.0016,12,12
base,16,48,600,480,3,12,180,30,0.70,0.0018,12,12
base,16,48,600,480,3,12,180,30,0.80,0.0016,12,12
base,16,48,600,480,3,12,180,40,0.60,0.0018,12,12
base,16,48,600,480,3,12,180,40,0.70,0.0016,12,12
base,16,48,600,480,3,12,180,40,0.80,0.0018,12,12
base,16,48,600,480,3,16,120,30,0.60,0.0017,12,12
base,16,48,600,480,3,16,120,30,0.70,0.0016,12,12
base,16,48,600,480,3,16,120,30,0.80,0.0018,12,12
base,16,48,600,480,3,16,120,40,0.60,0.0016,12,12
base,16,48,600,480,3,16,120,40,0.70,0.0017,12,12
base,16,48,600,480,3,16,120,40,0.80,0.0016,12,12
base,16,48,600,480,3,16,180,30,0.60,0.0017,12,12
base,16,48,600,480,3,16,180,30,0.70,0.0016,12,12
base,16,48,600,480,3,16,180,30,0.80,0.0016,12,12
base,16,48,600,480,3,16,180,40,0.60,0.0016,12,12
base,16,48,600,480,3,16,180,40,0.70,0.0017,12,12
base,16,48,600,480,3,16,180,40,0.80,0.0018,12,12
base,16,48,600,480,4,12,120,30,0.60,0.0016,12,12
base,16,48,600,480,4,12,120,30,0.70,0.0017,12,12
base,16,48,600,480,4,12,120,30,0.80,0.0016,12,12
base,16,48,600,480,4,12,120,40,0.60,0.0016,12,12
base,16,48,600,480,4,12,120,40,0.70,0.0017,12,12
base,16,48,600,480,4,12,120,40,0.80,0.0017,12,12
base,16,48,600,480,4,12,180,30,0.60,0.0017,12,12
base,16,48,600,480,4,12,180,30,0.70,0.0016,12,12
base,16,48,600,480,4,12,180,30,0.80,0.0017,12,12
base,16,48,600,480,4,12,180,40,0.60,0.0016,12,12
base,16,48,600,480,4,12,180,40,0.70,0.0017,12,12
base,16,48,600,480,4,12,180,40,0.80,0.0017,12,12
base,16,48,600,480,4,16,120,30,0.60,0.0016,12,12
base,16,48,600,480,4,16,120,30,0.70,0.0017,12,12
base,16,48,600,480,4,16,120,30,0.80,0.0016,12,12
base,16,48,600,480,4,16,120,40,0.60,0.0017,12,12
base,16,48,600,480,4,16,120,40,0.70,0.0017,12,12
base,16,48,600,480,4,16,120,40,0.80,0.0016,12,12
base,16,48,600,480,4,16,180,30,0.60,0.0017,12,12
base,16,48,600,480,4,16,180,30,0.70,0.0016,12,12
base,16,48,600,480,4,16,180,30,0.80,0.0017,12,12
base,16,48,600,480,4,16,180,40,0.60,0.0016,12,12
base,16,48,600,480,4,16,180,40,0.70,0.0017,12,12
base,16,48,600,480,4,16,180,40,0.80,0.0018,12,12
base,16,48,600,720,2,12,120,30,0.60,0.0016,12,12
base,16,48,600,720,2,12,120,30,0.70,0.0017,12,12
base,16,48,600,720,2,12,120,30,0.80,0.0017,12,12
base,16,48,600,720,2,12,120,40,0.60,0.0017,12,12
base,16,48,600,720,2,12,120,40,0.70,0.0016,12,12
base,16,48,600,720,2,12,120,40,0.80,0.0016,12,12
base,16,48,600,720,2,12,180,30,0.60,0.0016,12,12
base,16,48,600,720,2,12,180,30,0.70,0.0016,12,12
base,16,48,600,720,2,12,180,30,0.80,0.0017,12,12
base,16,48,600,720,2,12,180,40,0.60,0.0015,12,12
base,16,48,600,720,2,12,180,40,0.70,0.0017,12,12
base,16,48,600,720,2,12,180,40,0.80,0.0016,12,12
base,16,48,600,720,2,16,120,30,0.60,0.0016,12,12
base,16,48,600,720,2,16,120,30,0.70,0.0017,12,12
base,16,48,600,720,2,16,120,30,0.80,0.0015,12,12
base,16,48,600,720,2,16,120,40,0.60,0.0016,12,12
base,16,48,600,720,2,16,120,40,0.70,0.0016,12,12
base,16,48,600,720,2,16,120,40,0.80,0.0015,12,12
base,16,48,600,720,2,16,180,30,0.60,0.0017,12,12
base,16,48,600,720,2,16,180,30,0.70,0.0016,12,12
base,16,48,600,720,2,16,180,30,0.80,0.0017,12,12
base,16,48,600,720,2,16,180,40,0.60,0.0016,12,12
base,16,48,600,720,2,16,180,40,0.70,0.0016,12,12
base,16,48,600,720,2,16,180,40,0.80,0.0016,12,12
base,16,48,600,720,3,12,120,30,0.60,0.0015,12,12
base,16,48,600,720,3,12,120,30,0.70,0.0016,12,12
base,16,48,600,720,3,12,120,30,0.80,0.0016,12,12
base,16,48,600,720,3,12,120,40,0.60,0.0016,12,12
base,16,48,600,720,3,12,120,40,0.70,0.0018,12,12
base,16,48,600,720,3,12,120,40,0.80,0.0016,12,12
base,16,48,600,720,3,12,180,30,0.60,0.0017,12,12
base,16,48,600,720,3,12,180,30,0.70,0.0015,12,12
base,16,48,600,720,3,12,180,30,0.80,0.0017,12,12
base,16,48,600,720,3,12,180,40,0.60,0.0016,12,12
base,16,48,600,720,3,12,180,40,0.70,0.0017,12,12
base,16,48,600,720,3,12,180,40,0.80,0.0018,12,12
base,16,48,600,720,3,16,120,30,0.60,0.0016,12,12
base,16,48,600,720,3,16,120,30,0.70,0.0018,12,12
base,16,48,600,720,3,16,120,30,0.80,0.0016,12,12
base,16,48,600,720,3,16,120,40,0.60,0.0017,12,12
base,16,48,600,720,3,16,120,40,0.70,0.0016,12,12
base,16,48,600,720,3,16,120,40,0.80,0.0016,12,12
base,16,48,600,720,3,16,180,30,0.60,0.0017,12,12
base,16,48,600,720,3,16,180,30,0.70,0.0016,12,12
base,16,48,600,720,3,16,180,30,0.80,0.0017,12,12
base,16,48,600,720,3,16,180,40,0.60,0.0016,12,12
base,16,48,600,720,3,16,180,40,0.70,0.0016,12,12
base,16,48,600,720,3,16,180,40,0.80,0.0016,12,12
base,16,48,600,720,4,12,120,30,0.60,0.0016,12,12
base,16,48,600,720,4,12,120,30,0.70,0.0017,12,12
base,16,48,600,720,4,12,120,30,0.80,0.0016,12,12
base,16,48,600,720,4,12,120,40,0.60,0.0017,12,12
base,16,48,600,720,4,12,120,40,0.70,0.0016,12,12
base,16,48,600,720,4,12,120,40,0.80,0.0017,12,12
base,16,48,600,720,4,12,180,30,0.60,0.0017,12,12
base,16,48,600,720,4,12,180,30,0.70,0.0016,12,12
base,16,48,600,720,4,12,180,30,0.80,0.0016,12,12
base,16,48,600,720,4,12,180,40,0.60,0.0016,12,12
base,16,48,600,720,4,12,180,40,0.70,0.0017,12,12
base,16,48,600,720,4,12,180,40,0.80,0.0018,12,12
base,16,48,600,720,4,16,120,30,0.60,0.0016,12,12
base,16,48,600,720,4,16,120,30,0.70,0.0017,12,12
base,16,48,600,720,4,16,120,30,0.80,0.0015,12,12
base,16,48,600,720,4,16,120,40,0.60,0.0017,12,12
base,16,48,600,720,4,16,120,40,0.70,0.0016,12,12
base,16,48,600,720,4,16,120,40,0.80,0.0015,12,12
base,16,48,600,720,4,16,180,30,0.60,0.0017,12,12
base,16,48,600,720,4,16,180,30,0.70,0.0016,12,12
base,16,48,600,720,4,16,180,30,0.80,0.0017,12,12
base,16,48,600,720,4,16,180,40,0.60,0.0016,12,12
base,16,48,600,720,4,16,180,40,0.70,0.0016,12,12
base,16,48,600,720,4,16,180,40,0.80,0.0016,12,12
and_or_diverse,10,24,300,480,3,12,120,30,0.80,0.0026,6,6
and_or_diverse,10,24,300,480,3,12,120,40,0.80,0.0025,6,6
and_or_diverse,10,24,300,480,3,12,180,30,0.80,0.0024,6,6
and_or_diverse,10,24,300,480,3,12,180,40,0.80,0.0025,6,6
and_or_diverse,10,24,300,480,3,16,120,30,0.80,0.0028,6,6
and_or_diverse,10,24,300,480,3,16,120,40,0.80,0.0025,6,6
and_or_diverse,10,24,300,480,3,16,180,30,0.80,0.0025,6,6
and_or_diverse,10,24,300,480,3,16,180,40,0.80,0.0025,6,6
and_or_diverse,10,24,300,480,4,12,120,30,0.80,0.0024,6,6
and_or_diverse,10,24,300,480,4,12,120,40,0.80,0.0024,6,6
and_or_diverse,10,24,300,480,4,12,180,30,0.80,0.0024,6,6
and_or_diverse,10,24,300,480,4,12,180,40,0.80,0.0023,6,6
and_or_diverse,10,24,300,480,4,16,120,30,0.80,0.0024,6,6
and_or_diverse,10,24,300,480,4,16,120,40,0.80,0.0025,6,6
and_or_diverse,10,24,300,480,4,16,180,30,0.80,0.0023,6,6
and_or_diverse,10,24,300,480,4,16,180,40,0.80,0.0024,6,6
and_or_diverse,10,24,300,720,3,12,120,30,0.80,0.0024,6,6
and_or_diverse,10,24,300,720,3,12,120,40,0.80,0.0024,6,6
and_or_diverse,10,24,300,720,3,12,180,30,0.80,0.0026,6,6
and_or_diverse,10,24,300,720,3,12,180,40,0.80,0.0026,6,6
and_or_diverse,10,24,300,720,3,16,120,30,0.80,0.0028,6,6
and_or_diverse,10,24,300,720,3,16,120,40,0.80,0.0025,6,6
and_or_diverse,10,24,300,720,3,16,180,30,0.80,0.0025,6,6
and_or_diverse,10,24,300,720,3,16,180,40,0.80,0.0026,6,6
and_or_diverse,10,24,300,720,4,12,120,30,0.80,0.0026,6,6
and_or_diverse,10,24,300,720,4,12,120,40,0.80,0.0025,6,6
and_or_diverse,10,24,300,720,4,12,180,30,0.80,0.0024,6,6
and_or_diverse,10,24,300,720,4,12,180,40,0.80,0.0025,6,6
and_or_diverse,10,24,300,720,4,16,120,30,0.80,0.0030,6,6
and_or_diverse,10,24,300,720,4,16,120,40,0.80,0.0025,6,6
and_or_diverse,10,24,300,720,4,16,180,30,0.80,0.0024,6,6
and_or_diverse,10,24,300,720,4,16,180,40,0.80,0.0023,6,6
and_or_diverse,10,24,600,480,3,12,120,30,0.80,0.0024,6,6
and_or_diverse,10,24,600,480,3,12,120,40,0.80,0.0024,6,6
and_or_diverse,10,24,600,480,3,12,180,30,0.80,0.0024,6,6
and_or_diverse,10,24,600,480,3,12,180,40,0.80,0.0028,6,6
and_or_diverse,10,24,600,480,3,16,120,30,0.80,0.0025,6,6
and_or_diverse,10,24,600,480,3,16,120,40,0.80,0.0025,6,6
and_or_diverse,10,24,600,480,3,16,180,30,0.80,0.0023,6,6
and_or_diverse,10,24,600,480,3,16,180,40,0.80,0.0024,6,6
and_or_diverse,10,24,600,480,4,12,120,30,0.80,0.0027,6,6
and_or_diverse,10,24,600,480,4,12,120,40,0.80,0.0025,6,6
and_or_diverse,10,24,600,480,4,12,180,30,0.80,0.0025,6,6
and_or_diverse,10,24,600,480,4,12,180,40,0.80,0.0025,6,6
and_or_diverse,10,24,600,480,4,16,120,30,0.80,0.0026,6,6
and_or_diverse,10,24,600,480,4,16,120,40,0.80,0.0025,6,6
and_or_diverse,10,24,600,480,4,16,180,30,0.80,0.0024,6,6
and_or_diverse,10,24,600,480,4,16,180,40,0.80,0.0025,6,6
and_or_diverse,10,24,600,720,3,12,120,30,0.80,0.0025,6,6
and_or_diverse,10,24,600,720,3,12,120,40,0.80,0.0025,6,6
and_or_diverse,10,24,600,720,3,12,180,30,0.80,0.0023,6,6
and_or_diverse,10,24,600,720,3,12,180,40,0.80,0.0024,6,6
and_or_diverse,10,24,600,720,3,16,120,30,0.80,0.0025,6,6
and_or_diverse,10,24,600,720,3,16,120,40,0.80,0.0024,6,6
and_or_diverse,10,24,600,720,3,16,180,30,0.80,0.0026,6,6
and_or_diverse,10,24,600,720,3,16,180,40,0.80,0.0025,6,6
and_or_diverse,10,24,600,720,4,12,120,30,0.80,0.0032,6,6
and_or_diverse,10,24,600,720,4,12,120,40,0.80,0.0025,6,6
and_or_diverse,10,24,600,720,4,12,180,30,0.80,0.0024,6,6
and_or_diverse,10,24,600,720,4,12,180,40,0.80,0.0024,6,6
and_or_diverse,10,24,600,720,4,16,120,30,0.80,0.0026,6,6
and_or_diverse,10,24,600,720,4,16,120,40,0.80,0.0034,6,6
and_or_diverse,10,24,600,720,4,16,180,30,0.80,0.0032,6,6
and_or_diverse,10,24,600,720,4,16,180,40,0.80,0.0025,6,6
and_or_diverse,10,36,300,480,3,12,120,30,0.80,0.0024,6,6
and_or_diverse,10,36,300,480,3,12,120,40,0.80,0.0025,6,6
and_or_diverse,10,36,300,480,3,12,180,30,0.80,0.0031,6,6
and_or_diverse,10,36,300,480,3,12,180,40,0.80,0.0025,6,6
and_or_diverse,10,36,300,480,3,16,120,30,0.80,0.0025,6,6
and_or_diverse,10,36,300,480,3,16,120,40,0.80,0.0025,6,6
and_or_diverse,10,36,300,480,3,16,180,30,0.80,0.0025,6,6
and_or_diverse,10,36,300,480,3,16,180,40,0.80,0.0026,6,6
and_or_diverse,10,36,300,480,4,12,120,30,0.80,0.0024,6,6
and_or_diverse,10,36,300,480,4,12,120,40,0.80,0.0024,6,6
and_or_diverse,10,36,300,480,4,12,180,30,0.80,0.0024,6,6
and_or_diverse,10,36,300,480,4,12,180,40,0.80,0.0023,6,6
and_or_diverse,10,36,300,480,4,16,120,30,0.80,0.0025,6,6
and_or_diverse,10,36,300,480,4,16,120,40,0.80,0.0025,6,6
and_or_diverse,10,36,300,480,4,16,180,30,0.80,0.0024,6,6
and_or_diverse,10,36,300,480,4,16,180,40,0.80,0.0024,6,6
and_or_diverse,10,36,300,720,3,12,120,30,0.80,0.0024,6,6
and_or_diverse,10,36,300,720,3,12,120,40,0.80,0.0024,6,6
and_or_diverse,10,36,300,720,3,12,180,30,0.80,0.0024,6,6
and_or_diverse,10,36,300,720,3,12,180,40,0.80,0.0024,6,6
and_or_diverse,10,36,300,720,3,16,120,30,0.80,0.0023,6,6
and_or_diverse,10,36,300,720,3,16,120,40,0.80,0.0025,6,6
and_or_diverse,10,36,300,720,3,16,180,30,0.80,0.0024,6,6
and_or_diverse,10,36,300,720,3,16,180,40,0.80,0.0024,6,6
and_or_diverse,10,36,300,720,4,12,120,30,0.80,0.0024,6,6
and_or_diverse,10,36,300,720,4,12,120,40,0.80,0.0024,6,6
and_or_diverse,10,36,300,720,4,12,180,30,0.80,0.0024,6,6
and_or_diverse,10,36,300,720,4,12,180,40,0.80,0.0024,6,6
and_or_diverse,10,36,300,720,4,16,120,30,0.80,0.0025,6,6
and_or_diverse,10,36,300,720,4,16,120,40,0.80,0.0026,6,6
and_or_diverse,10,36,300,720,4,16,180,30,0.80,0.0035,6,6
and_or_diverse,10,36,300,720,4,16,180,40,0.80,0.0026,6,6
and_or_diverse,10,36,600,480,3,12,120,30,0.80,0.0023,6,6
and_or_diverse,10,36,600,480,3,12,120,40,0.80,0.0025,6,6
and_or_diverse,10,36,600,480,3,12,180,30,0.80,0.0024,6,6
and_or_diverse,10,36,600,480,3,12,180,40,0.80,0.0025,6,6
and_or_diverse,10,36,600,480,3,16,120,30,0.80,0.0024,6,6
and_or_diverse,10,36,600,480,3,16,120,40,0.80,0.0024,6,6
and_or_diverse,10,36,600,480,3,16,180,30,0.80,0.0025,6,6
and_or_diverse,10,36,600,480,3,16,180,40,0.80,0.0025,6,6
and_or_diverse,10,36,600,480,4,12,120,30,0.80,0.0031,6,6
and_or_diverse,10,36,600,480,4,12,120,40,0.80,0.0028,6,6
and_or_diverse,10,36,600,480,4,12,180,30,0.80,0.0025,6,6
and_or_diverse,10,36,600,480,4,12,180,40,0.80,0.0027,6,6
and_or_diverse,10,36,600,480,4,16,120,30,0.80,0.0031,6,6
and_or_diverse,10,36,600,480,4,16,120,40,0.80,0.0027,6,6
and_or_diverse,10,36,600,480,4,16,180,30,0.80,0.0030,6,6
and_or_diverse,10,36,600,480,4,16,180,40,0.80,0.0031,6,6
and_or_diverse,10,36,600,720,3,12,120,30,0.80,0.0026,6,6
and_or_diverse,10,36,600,720,3,12,120,40,0.80,0.0025,6,6
and_or_diverse,10,36,600,720,3,12,180,30,0.80,0.0029,6,6
and_or_diverse,10,36,600,720,3,12,180,40,0.80,0.0025,6,6
and_or_diverse,10,36,600,720,3,16,120,30,0.80,0.0031,6,6
and_or_diverse,10,36,600,720,3,16,120,40,0.80,0.0030,6,6
and_or_diverse,10,36,600,720,3,16,180,30,0.80,0.0028,6,6
and_or_diverse,10,36,600,720,3,16,180,40,0.80,0.0024,6,6
and_or_diverse,10,36,600,720,4,12,120,30,0.80,0.0024,6,6
and_or_diverse,10,36,600,720,4,12,120,40,0.80,0.0025,6,6
and_or_diverse,10,36,600,720,4,12,180,30,0.80,0.0026,6,6
and_or_diverse,10,36,600,720,4,12,180,40,0.80,0.0024,6,6
and_or_diverse,10,36,600,720,4,16,120,30,0.80,0.0024,6,6
and_or_diverse,10,36,600,720,4,16,120,40,0.80,0.0026,6,6
and_or_diverse,10,36,600,720,4,16,180,30,0.80,0.0025,6,6
and_or_diverse,10,36,600,720,4,16,180,40,0.80,0.0025,6,6
and_or_diverse,10,48,300,480,3,12,120,30,0.80,0.0025,6,6
and_or_diverse,10,48,300,480,3,12,120,40,0.80,0.0027,6,6
and_or_diverse,10,48,300,480,3,12,180,30,0.80,0.0025,6,6
and_or_diverse,10,48,300,480,3,12,180,40,0.80,0.0026,6,6
and_or_diverse,10,48,300,480,3,16,120,30,0.80,0.0024,6,6
and_or_diverse,10,48,300,480,3,16,120,40,0.80,0.0025,6,6
and_or_diverse,10,48,300,480,3,16,180,30,0.80,0.0026,6,6
and_or_diverse,10,48,300,480,3,16,180,40,0.80,0.0026,6,6
and_or_diverse,10,48,300,480,4,12,120,30,0.80,0.0026,6,6
and_or_diverse,10,48,300,480,4,12,120,40,0.80,0.0027,6,6
and_or_diverse,10,48,300,480,4,12,180,30,0.80,0.0026,6,6
and_or_diverse,10,48,300,480,4,12,180,40,0.80,0.0024,6,6
and_or_diverse,10,48,300,480,4,16,120,30,0.80,0.0025,6,6
and_or_diverse,10,48,300,480,4,16,120,40,0.80,0.0025,6,6
and_or_diverse,10,48,300,480,4,16,180,30,0.80,0.0028,6,6
and_or_diverse,10,48,300,480,4,16,180,40,0.80,0.0026,6,6
and_or_diverse,10,48,300,720,3,12,120,30,0.80,0.0025,6,6
and_or_diverse,10,48,300,720,3,12,120,40,0.80,0.0025,6,6
and_or_diverse,10,48,300,720,3,12,180,30,0.80,0.0026,6,6
and_or_diverse,10,48,300,720,3,12,180,40,0.80,0.0024,6,6
and_or_diverse,10,48,300,720,3,16,120,30,0.80,0.0027,6,6
and_or_diverse,10,48,300,720,3,16,120,40,0.80,0.0033,6,6
and_or_diverse,10,48,300,720,3,16,180,30,0.80,0.0033,6,6
and_or_diverse,10,48,300,720,3,16,180,40,0.80,0.0027,6,6
and_or_diverse,10,48,300,720,4,12,120,30,0.80,0.0031,6,6
and_or_diverse,10,48,300,720,4,12,120,40,0.80,0.0028,6,6
and_or_diverse,10,48,300,720,4,12,180,30,0.80,0.0026,6,6
and_or_diverse,10,48,300,720,4,12,180,40,0.80,0.0026,6,6
and_or_diverse,10,48,300,720,4,16,120,30,0.80,0.0025,6,6
and_or_diverse,10,48,300,720,4,16,120,40,0.80,0.0032,6,6
and_or_diverse,10,48,300,720,4,16,180,30,0.80,0.0026,6,6
and_or_diverse,10,48,300,720,4,16,180,40,0.80,0.0027,6,6
and_or_diverse,10,48,600,480,3,12,120,30,0.80,0.0026,6,6
and_or_diverse,10,48,600,480,3,12,120,40,0.80,0.0026,6,6
and_or_diverse,10,48,600,480,3,12,180,30,0.80,0.0024,6,6
and_or_diverse,10,48,600,480,3,12,180,40,0.80,0.0026,6,6
and_or_diverse,10,48,600,480,3,16,120,30,0.80,0.0027,6,6
and_or_diverse,10,48,600,480,3,16,120,40,0.80,0.0025,6,6
and_or_diverse,10,48,600,480,3,16,180,30,0.80,0.0025,6,6
and_or_diverse,10,48,600,480,3,16,180,40,0.80,0.0026,6,6
and_or_diverse,10,48,600,480,4,12,120,30,0.80,0.0026,6,6
and_or_diverse,10,48,600,480,4,12,120,40,0.80,0.0026,6,6
and_or_diverse,10,48,600,480,4,12,180,30,0.80,0.0026,6,6
and_or_diverse,10,48,600,480,4,12,180,40,0.80,0.0026,6,6
and_or_diverse,10,48,600,480,4,16,120,30,0.80,0.0024,6,6
and_or_diverse,10,48,600,480,4,16,120,40,0.80,0.0025,6,6
and_or_diverse,10,48,600,480,4,16,180,30,0.80,0.0026,6,6
and_or_diverse,10,48,600,480,4,16,180,40,0.80,0.0026,6,6
and_or_diverse,10,48,600,720,3,12,120,30,0.80,0.0031,6,6
and_or_diverse,10,48,600,720,3,12,120,40,0.80,0.0027,6,6
and_or_diverse,10,48,600,720,3,12,180,30,0.80,0.0028,6,6
and_or_diverse,10,48,600,720,3,12,180,40,0.80,0.0026,6,6
and_or_diverse,10,48,600,720,3,16,120,30,0.80,0.0026,6,6
and_or_diverse,10,48,600,720,3,16,120,40,0.80,0.0026,6,6
and_or_diverse,10,48,600,720,3,16,180,30,0.80,0.0027,6,6
and_or_diverse,10,48,600,720,3,16,180,40,0.80,0.0027,6,6
and_or_diverse,10,48,600,720,4,12,120,30,0.80,0.0026,6,6
and_or_diverse,10,48,600,720,4,12,120,40,0.80,0.0034,6,6
and_or_diverse,10,48,600,720,4,12,180,30,0.80,0.0025,6,6
and_or_diverse,10,48,600,720,4,12,180,40,0.80,0.0025,6,6
and_or_diverse,10,48,600,720,4,16,120,30,0.80,0.0029,6,6
and_or_diverse,10,48,600,720,4,16,120,40,0.80,0.0025,6,6
and_or_diverse,10,48,600,720,4,16,180,30,0.80,0.0025,6,6
and_or_diverse,10,48,600,720,4,16,180,40,0.80,0.0026,6,6
and_or_diverse,12,24,300,480,3,12,120,30,0.80,0.0025,6,6
and_or_diverse,12,24,300,480,3,12,120,40,0.80,0.0030,6,6
and_or_diverse,12,24,300,480,3,12,180,30,0.80,0.0026,6,6
and_or_diverse,12,24,300,480,3,12,180,40,0.80,0.0026,6,6
and_or_diverse,12,24,300,480,3,16,120,30,0.80,0.0024,6,6
and_or_diverse,12,24,300,480,3,16,120,40,0.80,0.0025,6,6
and_or_diverse,12,24,300,480,3,16,180,30,0.80,0.0026,6,6
and_or_diverse,12,24,300,480,3,16,180,40,0.80,0.0025,6,6
and_or_diverse,12,24,300,480,4,12,120,30,0.80,0.0026,6,6
and_or_diverse,12,24,300,480,4,12,120,40,0.80,0.0024,6,6
and_or_diverse,12,24,300,480,4,12,180,30,0.80,0.0028,6,6
and_or_diverse,12,24,300,480,4,12,180,40,0.80,0.0027,6,6
and_or_diverse,12,24,300,480,4,16,120,30,0.80,0.0025,6,6
and_or_diverse,12,24,300,480,4,16,120,40,0.80,0.0031,6,6
and_or_diverse,12,24,300,480,4,16,180,30,0.80,0.0027,6,6
and_or_diverse,12,24,300,480,4,16,180,40,0.80,0.0027,6,6
and_or_diverse,12,24,300,720,3,12,120,30,0.80,0.0027,6,6
and_or_diverse,12,24,300,720,3,12,120,40,0.80,0.0026,6,6
and_or_diverse,12,24,300,720,3,12,180,30,0.80,0.0026,6,6
and_or_diverse,12,24,300,720,3,12,180,40,0.80,0.0026,6,6
and_or_diverse,12,24,300,720,3,16,120,30,0.80,0.0026,6,6
and_or_diverse,12,24,300,720,3,16,120,40,0.80,0.0026,6,6
and_or_diverse,12,24,300,720,3,16,180,30,0.80,0.0025,6,6
and_or_diverse,12,24,300,720,3,16,180,40,0.80,0.0028,6,6
and_or_diverse,12,24,300,720,4,12,120,30,0.80,0.0029,6,6
and_or_diverse,12,24,300,720,4,12,120,40,0.80,0.0027,6,6
and_or_diverse,12,24,300,720,4,12,180,30,0.80,0.0026,6,6
and_or_diverse,12,24,300,720,4,12,180,40,0.80,0.0026,6,6
and_or_diverse,12,24,300,720,4,16,120,30,0.80,0.0028,6,6
and_or_diverse,12,24,300,720,4,16,120,40,0.80,0.0028,6,6
and_or_diverse,12,24,300,720,4,16,180,30,0.80,0.0026,6,6
and_or_diverse,12,24,300,720,4,16,180,40,0.80,0.0025,6,6
and_or_diverse,12,24,600,480,3,12,120,30,0.80,0.0025,6,6
and_or_diverse,12,24,600,480,3,12,120,40,0.80,0.0026,6,6
and_or_diverse,12,24,600,480,3,12,180,30,0.80,0.0025,6,6
and_or_diverse,12,24,600,480,3,12,180,40,0.80,0.0025,6,6
and_or_diverse,12,24,600,480,3,16,120,30,0.80,0.0025,6,6
and_or_diverse,12,24,600,480,3,16,120,40,0.80,0.0026,6,6
and_or_diverse,12,24,600,480,3,16,180,30,0.80,0.0026,6,6
and_or_diverse,12,24,600,480,3,16,180,40,0.80,0.0028,6,6
and_or_diverse,12,24,600,480,4,12,120,30,0.80,0.0026,6,6
and_or_diverse,12,24,600,480,4,12,120,40,0.80,0.0025,6,6
and_or_diverse,12,24,600,480,4,12,180,30,0.80,0.0025,6,6
and_or_diverse,12,24,600,480,4,12,180,40,0.80,0.0027,6,6
and_or_diverse,12,24,600,480,4,16,120,30,0.80,0.0027,6,6
and_or_diverse,12,24,600,480,4,16,120,40,0.80,0.0026,6,6
and_or_diverse,12,24,600,480,4,16,180,30,0.80,0.0026,6,6
and_or_diverse,12,24,600,480,4,16,180,40,0.80,0.0025,6,6
and_or_diverse,12,24,600,720,3,12,120,30,0.80,0.0024,6,6
and_or_diverse,12,24,600,720,3,12,120,40,0.80,0.0025,6,6
and_or_diverse,12,24,600,720,3,12,180,30,0.80,0.0025,6,6
and_or_diverse,12,24,600,720,3,12,180,40,0.80,0.0026,6,6
and_or_diverse,12,24,600,720,3,16,120,30,0.80,0.0025,6,6
and_or_diverse,12,24,600,720,3,16,120,40,0.80,0.0024,6,6
and_or_diverse,12,24,600,720,3,16,180,30,0.80,0.0026,6,6
and_or_diverse,12,24,600,720,3,16,180,40,0.80,0.0025,6,6
and_or_diverse,12,24,600,720,4,12,120,30,0.80,0.0026,6,6
and_or_diverse,12,24,600,720,4,12,120,40,0.80,0.0025,6,6
and_or_diverse,12,24,600,720,4,12,180,30,0.80,0.0025,6,6
and_or_diverse,12,24,600,720,4,12,180,40,0.80,0.0025,6,6
and_or_diverse,12,24,600,720,4,16,120,30,0.80,0.0026,6,6
and_or_diverse,12,24,600,720,4,16,120,40,0.80,0.0025,6,6
and_or_diverse,12,24,600,720,4,16,180,30,0.80,0.0027,6,6
and_or_diverse,12,24,600,720,4,16,180,40,0.80,0.0028,6,6
and_or_diverse,12,36,300,480,3,12,120,30,0.80,0.0026,6,6
and_or_diverse,12,36,300,480,3,12,120,40,0.80,0.0028,6,6
and_or_diverse,12,36,300,480,3,12,180,30,0.80,0.0026,6,6
and_or_diverse,12,36,300,480,3,12,180,40,0.80,0.0027,6,6
and_or_diverse,12,36,300,480,3,16,120,30,0.80,0.0026,6,6
and_or_diverse,12,36,300,480,3,16,120,40,0.80,0.0025,6,6
and_or_diverse,12,36,300,480,3,16,180,30,0.80,0.0025,6,6
and_or_diverse,12,36,300,480,3,16,180,40,0.80,0.0025,6,6
and_or_diverse,12,36,300,480,4,12,120,30,0.80,0.0024,6,6
and_or_diverse,12,36,300,480,4,12,120,40,0.80,0.0024,6,6
and_or_diverse,12,36,300,480,4,12,180,30,0.80,0.0027,6,6
and_or_diverse,12,36,300,480,4,12,180,40,0.80,0.0025,6,6
and_or_diverse,12,36,300,480,4,16,120,30,0.80,0.0024,6,6
and_or_diverse,12,36,300,480,4,16,120,40,0.80,0.0023,6,6
and_or_diverse,12,36,300,480,4,16,180,30,0.80,0.0026,6,6
and_or_diverse,12,36,300,480,4,16,180,40,0.80,0.0026,6,6
and_or_diverse,12,36,300,720,3,12,120,30,0.80,0.0024,6,6
and_or_diverse,12,36,300,720,3,12,120,40,0.80,0.0025,6,6
and_or_diverse,12,36,300,720,3,12,180,30,0.80,0.0026,6,6
and_or_diverse,12,36,300,720,3,12,180,40,0.80,0.0031,6,6
and_or_diverse,12,36,300,720,3,16,120,30,0.80,0.0025,6,6
and_or_diverse,12,36,300,720,3,16,120,40,0.80,0.0023,6,6
and_or_diverse,12,36,300,720,3,16,180,30,0.80,0.0025,6,6
and_or_diverse,12,36,300,720,3,16,180,40,0.80,0.0024,6,6
and_or_diverse,12,36,300,720,4,12,120,30,0.80,0.0024,6,6
and_or_diverse,12,36,300,720,4,12,120,40,0.80,0.0025,6,6
and_or_diverse,12,36,300,720,4,12,180,30,0.80,0.0026,6,6
and_or_diverse,12,36,300,720,4,12,180,40,0.80,0.0025,6,6
and_or_diverse,12,36,300,720,4,16,120,30,0.80,0.0026,6,6
and_or_diverse,12,36,300,720,4,16,120,40,0.80,0.0024,6,6
and_or_diverse,12,36,300,720,4,16,180,30,0.80,0.0024,6,6
and_or_diverse,12,36,300,720,4,16,180,40,0.80,0.0024,6,6
and_or_diverse,12,36,600,480,3,12,120,30,0.80,0.0026,6,6
and_or_diverse,12,36,600,480,3,12,120,40,0.80,0.0028,6,6
and_or_diverse,12,36,600,480,3,12,180,30,0.80,0.0025,6,6
and_or_diverse,12,36,600,480,3,12,180,40,0.80,0.0023,6,6
and_or_diverse,12,36,600,480,3,16,120,30,0.80,0.0024,6,6
and_or_diverse,12,36,600,480,3,16,120,40,0.80,0.0026,6,6
and_or_diverse,12,36,600,480,3,16,180,30,0.80,0.0027,6,6
and_or_diverse,12,36,600,480,3,16,180,40,0.80,0.0028,6,6
and_or_diverse,12,36,600,480,4,12,120,30,0.80,0.0023,6,6
and_or_diverse,12,36,600,480,4,12,120,40,0.80,0.0030,6,6
and_or_diverse,12,36,600,480,4,12,180,30,0.80,0.0024,6,6
and_or_diverse,12,36,600,480,4,12,180,40,0.80,0.0025,6,6
and_or_diverse,12,36,600,480,4,16,120,30,0.80,0.0024,6,6
and_or_diverse,12,36,600,480,4,16,120,40,0.80,0.0024,6,6
and_or_diverse,12,36,600,480,4,16,180,30,0.80,0.0024,6,6
and_or_diverse,12,36,600,480,4,16,180,40,0.80,0.0024,6,6
and_or_diverse,12,36,600,720,3,12,120,30,0.80,0.0024,6,6
and_or_diverse,12,36,600,720,3,12,120,40,0.80,0.0025,6,6
and_or_diverse,12,36,600,720,3,12,180,30,0.80,0.0024,6,6
and_or_diverse,12,36,600,720,3,12,180,40,0.80,0.0025,6,6
and_or_diverse,12,36,600,720,3,16,120,30,0.80,0.0025,6,6
and_or_diverse,12,36,600,720,3,16,120,40,0.80,0.0025,6,6
and_or_diverse,12,36,600,720,3,16,180,30,0.80,0.0024,6,6
and_or_diverse,12,36,600,720,3,16,180,40,0.80,0.0025,6,6
and_or_diverse,12,36,600,720,4,12,120,30,0.80,0.0026,6,6
and_or_diverse,12,36,600,720,4,12,120,40,0.80,0.0026,6,6
and_or_diverse,12,36,600,720,4,12,180,30,0.80,0.0026,6,6
and_or_diverse,12,36,600,720,4,12,180,40,0.80,0.0023,6,6
and_or_diverse,12,36,600,720,4,16,120,30,0.80,0.0024,6,6
and_or_diverse,12,36,600,720,4,16,120,40,0.80,0.0026,6,6
and_or_diverse,12,36,600,720,4,16,180,30,0.80,0.0025,6,6
and_or_diverse,12,36,600,720,4,16,180,40,0.80,0.0029,6,6
and_or_diverse,12,48,300,480,3,12,120,30,0.80,0.0026,6,6
and_or_diverse,12,48,300,480,3,12,120,40,0.80,0.0026,6,6
and_or_diverse,12,48,300,480,3,12,180,30,0.80,0.0025,6,6
and_or_diverse,12,48,300,480,3,12,180,40,0.80,0.0025,6,6
and_or_diverse,12,48,300,480,3,16,120,30,0.80,0.0027,6,6
and_or_diverse,12,48,300,480,3,16,120,40,0.80,0.0026,6,6
and_or_diverse,12,48,300,480,3,16,180,30,0.80,0.0025,6,6
and_or_diverse,12,48,300,480,3,16,180,40,0.80,0.0032,6,6
and_or_diverse,12,48,300,480,4,12,120,30,0.80,0.0026,6,6
and_or_diverse,12,48,300,480,4,12,120,40,0.80,0.0028,6,6
and_or_diverse,12,48,300,480,4,12,180,30,0.80,0.0024,6,6
and_or_diverse,12,48,300,480,4,12,180,40,0.80,0.0025,6,6
and_or_diverse,12,48,300,480,4,16,120,30,0.80,0.0025,6,6
and_or_diverse,12,48,300,480,4,16,120,40,0.80,0.0025,6,6
and_or_diverse,12,48,300,480,4,16,180,30,0.80,0.0025,6,6
and_or_diverse,12,48,300,480,4,16,180,40,0.80,0.0025,6,6
and_or_diverse,12,48,300,720,3,12,120,30,0.80,0.0028,6,6
and_or_diverse,12,48,300,720,3,12,120,40,0.80,0.0025,6,6
and_or_diverse,12,48,300,720,3,12,180,30,0.80,0.0025,6,6
and_or_diverse,12,48,300,720,3,12,180,40,0.80,0.0029,6,6
and_or_diverse,12,48,300,720,3,16,120,30,0.80,0.0027,6,6
and_or_diverse,12,48,300,720,3,16,120,40,0.80,0.0027,6,6
and_or_diverse,12,48,300,720,3,16,180,30,0.80,0.0025,6,6
and_or_diverse,12,48,300,720,3,16,180,40,0.80,0.0035,6,6
and_or_diverse,12,48,300,720,4,12,120,30,0.80,0.0027,6,6
and_or_diverse,12,48,300,720,4,12,120,40,0.80,0.0026,6,6
and_or_diverse,12,48,300,720,4,12,180,30,0.80,0.0035,6,6
and_or_diverse,12,48,300,720,4,12,180,40,0.80,0.0026,6,6
and_or_diverse,12,48,300,720,4,16,120,30,0.80,0.0025,6,6
and_or_diverse,12,48,300,720,4,16,120,40,0.80,0.0024,6,6
and_or_diverse,12,48,300,720,4,16,180,30,0.80,0.0027,6,6
and_or_diverse,12,48,300,720,4,16,180,40,0.80,0.0028,6,6
and_or_diverse,12,48,600,480,3,12,120,30,0.80,0.0025,6,6
and_or_diverse,12,48,600,480,3,12,120,40,0.80,0.0031,6,6
and_or_diverse,12,48,600,480,3,12,180,30,0.80,0.0028,6,6
and_or_diverse,12,48,600,480,3,12,180,40,0.80,0.0029,6,6
and_or_diverse,12,48,600,480,3,16,120,30,0.80,0.0028,6,6
and_or_diverse,12,48,600,480,3,16,120,40,0.80,0.0027,6,6
and_or_diverse,12,48,600,480,3,16,180,30,0.80,0.0026,6,6
and_or_diverse,12,48,600,480,3,16,180,40,0.80,0.0026,6,6
and_or_diverse,12,48,600,480,4,12,120,30,0.80,0.0027,6,6
and_or_diverse,12,48,600,480,4,12,120,40,0.80,0.0025,6,6
and_or_diverse,12,48,600,480,4,12,180,30,0.80,0.0027,6,6
and_or_diverse,12,48,600,480,4,12,180,40,0.80,0.0027,6,6
and_or_diverse,12,48,600,480,4,16,120,30,0.80,0.0029,6,6
and_or_diverse,12,48,600,480,4,16,120,40,0.80,0.0027,6,6
and_or_diverse,12,48,600,480,4,16,180,30,0.80,0.0025,6,6
and_or_diverse,12,48,600,480,4,16,180,40,0.80,0.0026,6,6
and_or_diverse,12,48,600,720,3,12,120,30,0.80,0.0027,6,6
and_or_diverse,12,48,600,720,3,12,120,40,0.80,0.0025,6,6
and_or_diverse,12,48,600,720,3,12,180,30,0.80,0.0026,6,6
and_or_diverse,12,48,600,720,3,12,180,40,0.80,0.0026,6,6
and_or_diverse,12,48,600,720,3,16,120,30,0.80,0.0026,6,6
and_or_diverse,12,48,600,720,3,16,120,40,0.80,0.0025,6,6
and_or_diverse,12,48,600,720,3,16,180,30,0.80,0.0032,6,6
and_or_diverse,12,48,600,720,3,16,180,40,0.80,0.0026,6,6
and_or_diverse,12,48,600,720,4,12,120,30,0.80,0.0023,6,6
and_or_diverse,12,48,600,720,4,12,120,40,0.80,0.0025,6,6
and_or_diverse,12,48,600,720,4,12,180,30,0.80,0.0026,6,6
and_or_diverse,12,48,600,720,4,12,180,40,0.80,0.0027,6,6
and_or_diverse,12,48,600,720,4,16,120,30,0.80,0.0024,6,6
and_or_diverse,12,48,600,720,4,16,120,40,0.80,0.0024,6,6
and_or_diverse,12,48,600,720,4,16,180,30,0.80,0.0026,6,6
and_or_diverse,12,48,600,720,4,16,180,40,0.80,0.0026,6,6
and_or_diverse,14,24,300,480,3,12,120,30,0.80,0.0023,6,6
and_or_diverse,14,24,300,480,3,12,120,40,0.80,0.0023,6,6
and_or_diverse,14,24,300,480,3,12,180,30,0.80,0.0025,6,6
and_or_diverse,14,24,300,480,3,12,180,40,0.80,0.0024,6,6
and_or_diverse,14,24,300,480,3,16,120,30,0.80,0.0023,6,6
and_or_diverse,14,24,300,480,3,16,120,40,0.80,0.0030,6,6
and_or_diverse,14,24,300,480,3,16,180,30,0.80,0.0026,6,6
and_or_diverse,14,24,300,480,3,16,180,40,0.80,0.0029,6,6
and_or_diverse,14,24,300,480,4,12,120,30,0.80,0.0026,6,6
and_or_diverse,14,24,300,480,4,12,120,40,0.80,0.0026,6,6
and_or_diverse,14,24,300,480,4,12,180,30,0.80,0.0028,6,6
and_or_diverse,14,24,300,480,4,12,180,40,0.80,0.0026,6,6
and_or_diverse,14,24,300,480,4,16,120,30,0.80,0.0025,6,6
and_or_diverse,14,24,300,480,4,16,120,40,0.80,0.0025,6,6
and_or_diverse,14,24,300,480,4,16,180,30,0.80,0.0023,6,6
and_or_diverse,14,24,300,480,4,16,180,40,0.80,0.0025,6,6
and_or_diverse,14,24,300,720,3,12,120,30,0.80,0.0026,6,6
and_or_diverse,14,24,300,720,3,12,120,40,0.80,0.0027,6,6
and_or_diverse,14,24,300,720,3,12,180,30,0.80,0.0023,6,6
and_or_diverse,14,24,300,720,3,12,180,40,0.80,0.0024,6,6
and_or_diverse,14,24,300,720,3,16,120,30,0.80,0.0025,6,6
and_or_diverse,14,24,300,720,3,16,120,40,0.80,0.0025,6,6
and_or_diverse,14,24,300,720,3,16,180,30,0.80,0.0024,6,6
and_or_diverse,14,24,300,720,3,16,180,40,0.80,0.0024,6,6
and_or_diverse,14,24,300,720,4,12,120,30,0.80,0.0025,6,6
and_or_diverse,14,24,300,720,4,12,120,40,0.80,0.0027,6,6
and_or_diverse,14,24,300,720,4,12,180,30,0.80,0.0025,6,6
and_or_diverse,14,24,300,720,4,12,180,40,0.80,0.0024,6,6
and_or_diverse,14,24,300,720,4,16,120,30,0.80,0.0025,6,6
and_or_diverse,14,24,300,720,4,16,120,40,0.80,0.0025,6,6
and_or_diverse,14,24,300,720,4,16,180,30,0.80,0.0025,6,6
and_or_diverse,14,24,300,720,4,16,180,40,0.80,0.0026,6,6
and_or_diverse,14,24,600,480,3,12,120,30,0.80,0.0025,6,6
and_or_diverse,14,24,600,480,3,12,120,40,0.80,0.0026,6,6
and_or_diverse,14,24,600,480,3,12,180,30,0.80,0.0025,6,6
and_or_diverse,14,24,600,480,3,12,180,40,0.80,0.0026,6,6
and_or_diverse,14,24,600,480,3,16,120,30,0.80,0.0025,6,6
and_or_diverse,14,24,600,480,3,16,120,40,0.80,0.0027,6,6
and_or_diverse,14,24,600,480,3,16,180,30,0.80,0.0028,6,6
and_or_diverse,14,24,600,480,3,16,180,40,0.80,0.0026,6,6
and_or_diverse,14,24,600,480,4,12,120,30,0.80,0.0025,6,6
and_or_diverse,14,24,600,480,4,12,120,40,0.80,0.0030,6,6
and_or_diverse,14,24,600,480,4,12,180,30,0.80,0.0027,6,6
and_or_diverse,14,24,600,480,4,12,180,40,0.80,0.0025,6,6
and_or_diverse,14,24,600,480,4,16,120,30,0.80,0.0023,6,6
and_or_diverse,14,24,600,480,4,16,120,40,0.80,0.0025,6,6
and_or_diverse,14,24,600,480,4,16,180,30,0.80,0.0024,6,6
and_or_diverse,14,24,600,480,4,16,180,40,0.80,0.0030,6,6
and_or_diverse,14,24,600,720,3,12,120,30,0.80,0.0028,6,6
and_or_diverse,14,24,600,720,3,12,120,40,0.80,0.0041,6,6
and_or_diverse,14,24,600,720,3,12,180,30,0.80,0.0038,6,6
and_or_diverse,14,24,600,720,3,12,180,40,0.80,0.0040,6,6
and_or_diverse,14,24,600,720,3,16,120,30,0.80,0.0027,6,6
and_or_diverse,14,24,600,720,3,16,120,40,0.80,0.0024,6,6
and_or_diverse,14,24,600,720,3,16,180,30,0.80,0.0030,6,6
and_or_diverse,14,24,600,720,3,16,180,40,0.80,0.0033,6,6
and_or_diverse,14,24,600,720,4,12,120,30,0.80,0.0028,6,6
and_or_diverse,14,24,600,720,4,12,120,40,0.80,0.0028,6,6
and_or_diverse,14,24,600,720,4,12,180,30,0.80,0.0025,6,6
and_or_diverse,14,24,600,720,4,12,180,40,0.80,0.0030,6,6
and_or_diverse,14,24,600,720,4,16,120,30,0.80,0.0024,6,6
and_or_diverse,14,24,600,720,4,16,120,40,0.80,0.0025,6,6
and_or_diverse,14,24,600,720,4,16,180,30,0.80,0.0030,6,6
and_or_diverse,14,24,600,720,4,16,180,40,0.80,0.0024,6,6
and_or_diverse,14,36,300,480,3,12,120,30,0.80,0.0031,6,6
and_or_diverse,14,36,300,480,3,12,120,40,0.80,0.0026,6,6
and_or_diverse,14,36,300,480,3,12,180,30,0.80,0.0027,6,6
and_or_diverse,14,36,300,480,3,12,180,40,0.80,0.0023,6,6
and_or_diverse,14,36,300,480,3,16,120,30,0.80,0.0023,6,6
and_or_diverse,14,36,300,480,3,16,120,40,0.80,0.0025,6,6
and_or_diverse,14,36,300,480,3,16,180,30,0.80,0.0026,6,6
and_or_diverse,14,36,300,480,3,16,180,40,0.80,0.0025,6,6
and_or_diverse,14,36,300,480,4,12,120,30,0.80,0.0023,6,6
and_or_diverse,14,36,300,480,4,12,120,40,0.80,0.0026,6,6
and_or_diverse,14,36,300,480,4,12,180,30,0.80,0.0029,6,6
and_or_diverse,14,36,300,480,4,12,180,40,0.80,0.0026,6,6
and_or_diverse,14,36,300,480,4,16,120,30,0.80,0.0025,6,6
and_or_diverse,14,36,300,480,4,16,120,40,0.80,0.0025,6,6
and_or_diverse,14,36,300,480,4,16,180,30,0.80,0.0025,6,6
and_or_diverse,14,36,300,480,4,16,180,40,0.80,0.0025,6,6
and_or_diverse,14,36,300,720,3,12,120,30,0.80,0.0025,6,6
and_or_diverse,14,36,300,720,3,12,120,40,0.80,0.0027,6,6
and_or_diverse,14,36,300,720,3,12,180,30,0.80,0.0025,6,6
and_or_diverse,14,36,300,720,3,12,180,40,0.80,0.0028,6,6
and_or_diverse,14,36,300,720,3,16,120,30,0.80,0.0028,6,6
and_or_diverse,14,36,300,720,3,16,120,40,0.80,0.0029,6,6
and_or_diverse,14,36,300,720,3,16,180,30,0.80,0.0027,6,6
and_or_diverse,14,36,300,720,3,16,180,40,0.80,0.0025,6,6
and_or_diverse,14,36,300,720,4,12,120,30,0.80,0.0027,6,6
and_or_diverse,14,36,300,720,4,12,120,40,0.80,0.0026,6,6
and_or_diverse,14,36,300,720,4,12,180,30,0.80,0.0026,6,6
and_or_diverse,14,36,300,720,4,12,180,40,0.80,0.0027,6,6
and_or_diverse,14,36,300,720,4,16,120,30,0.80,0.0025,6,6
and_or_diverse,14,36,300,720,4,16,120,40,0.80,0.0025,6,6
and_or_diverse,14,36,300,720,4,16,180,30,0.80,0.0024,6,6
and_or_diverse,14,36,300,720,4,16,180,40,0.80,0.0028,6,6
and_or_diverse,14,36,600,480,3,12,120,30,0.80,0.0028,6,6
and_or_diverse,14,36,600,480,3,12,120,40,0.80,0.0024,6,6
and_or_diverse,14,36,600,480,3,12,180,30,0.80,0.0025,6,6
and_or_diverse,14,36,600,480,3,12,180,40,0.80,0.0027,6,6
and_or_diverse,14,36,600,480,3,16,120,30,0.80,0.0023,6,6
and_or_diverse,14,36,600,480,3,16,120,40,0.80,0.0028,6,6
and_or_diverse,14,36,600,480,3,16,180,30,0.80,0.0026,6,6
and_or_diverse,14,36,600,480,3,16,180,40,0.80,0.0026,6,6
and_or_diverse,14,36,600,480,4,12,120,30,0.80,0.0026,6,6
and_or_diverse,14,36,600,480,4,12,120,40,0.80,0.0031,6,6
and_or_diverse,14,36,600,480,4,12,180,30,0.80,0.0032,6,6
and_or_diverse,14,36,600,480,4,12,180,40,0.80,0.0032,6,6
and_or_diverse,14,36,600,480,4,16,120,30,0.80,0.0032,6,6
and_or_diverse,14,36,600,480,4,16,120,40,0.80,0.0029,6,6
and_or_diverse,14,36,600,480,4,16,180,30,0.80,0.0031,6,6
and_or_diverse,14,36,600,480,4,16,180,40,0.80,0.0036,6,6
and_or_diverse,14,36,600,720,3,12,120,30,0.80,0.0025,6,6
and_or_diverse,14,36,600,720,3,12,120,40,0.80,0.0027,6,6
and_or_diverse,14,36,600,720,3,12,180,30,0.80,0.0033,6,6
and_or_diverse,14,36,600,720,3,12,180,40,0.80,0.0029,6,6
and_or_diverse,14,36,600,720,3,16,120,30,0.80,0.0040,6,6
and_or_diverse,14,36,600,720,3,16,120,40,0.80,0.0027,6,6
and_or_diverse,14,36,600,720,3,16,180,30,0.80,0.0026,6,6
and_or_diverse,14,36,600,720,3,16,180,40,0.80,0.0027,6,6
and_or_diverse,14,36,600,720,4,12,120,30,0.80,0.0027,6,6
and_or_diverse,14,36,600,720,4,12,120,40,0.80,0.0030,6,6
and_or_diverse,14,36,600,720,4,12,180,30,0.80,0.0027,6,6
and_or_diverse,14,36,600,720,4,12,180,40,0.80,0.0032,6,6
and_or_diverse,14,36,600,720,4,16,120,30,0.80,0.0036,6,6
and_or_diverse,14,36,600,720,4,16,120,40,0.80,0.0028,6,6
and_or_diverse,14,36,600,720,4,16,180,30,0.80,0.0038,6,6
and_or_diverse,14,36,600,720,4,16,180,40,0.80,0.0028,6,6
and_or_diverse,14,48,300,480,3,12,120,30,0.80,0.0027,6,6
and_or_diverse,14,48,300,480,3,12,120,40,0.80,0.0026,6,6
and_or_diverse,14,48,300,480,3,12,180,30,0.80,0.0026,6,6
and_or_diverse,14,48,300,480,3,12,180,40,0.80,0.0025,6,6
and_or_diverse,14,48,300,480,3,16,120,30,0.80,0.0037,6,6
and_or_diverse,14,48,300,480,3,16,120,40,0.80,0.0039,6,6
and_or_diverse,14,48,300,480,3,16,180,30,0.80,0.0037,6,6
and_or_diverse,14,48,300,480,3,16,180,40,0.80,0.0034,6,6
and_or_diverse,14,48,300,480,4,12,120,30,0.80,0.0029,6,6
and_or_diverse,14,48,300,480,4,12,120,40,0.80,0.0028,6,6
and_or_diverse,14,48,300,480,4,12,180,30,0.80,0.0035,6,6
and_or_diverse,14,48,300,480,4,12,180,40,0.80,0.0030,6,6
and_or_diverse,14,48,300,480,4,16,120,30,0.80,0.0025,6,6
and_or_diverse,14,48,300,480,4,16,120,40,0.80,0.0028,6,6
and_or_diverse,14,48,300,480,4,16,180,30,0.80,0.0026,6,6
and_or_diverse,14,48,300,480,4,16,180,40,0.80,0.0026,6,6
and_or_diverse,14,48,300,720,3,12,120,30,0.80,0.0027,6,6
and_or_diverse,14,48,300,720,3,12,120,40,0.80,0.0025,6,6
and_or_diverse,14,48,300,720,3,12,180,30,0.80,0.0025,6,6
and_or_diverse,14,48,300,720,3,12,180,40,0.80,0.0025,6,6
and_or_diverse,14,48,300,720,3,16,120,30,0.80,0.0027,6,6
and_or_diverse,14,48,300,720,3,16,120,40,0.80,0.0027,6,6
and_or_diverse,14,48,300,720,3,16,180,30,0.80,0.0028,6,6
and_or_diverse,14,48,300,720,3,16,180,40,0.80,0.0028,6,6
and_or_diverse,14,48,300,720,4,12,120,30,0.80,0.0026,6,6
and_or_diverse,14,48,300,720,4,12,120,40,0.80,0.0026,6,6
and_or_diverse,14,48,300,720,4,12,180,30,0.80,0.0028,6,6
and_or_diverse,14,48,300,720,4,12,180,40,0.80,0.0024,6,6
and_or_diverse,14,48,300,720,4,16,120,30,0.80,0.0025,6,6
and_or_diverse,14,48,300,720,4,16,120,40,0.80,0.0026,6,6
and_or_diverse,14,48,300,720,4,16,180,30,0.80,0.0032,6,6
and_or_diverse,14,48,300,720,4,16,180,40,0.80,0.0025,6,6
and_or_diverse,14,48,600,480,3,12,120,30,0.80,0.0028,6,6
and_or_diverse,14,48,600,480,3,12,120,40,0.80,0.0031,6,6
and_or_diverse,14,48,600,480,3,12,180,30,0.80,0.0028,6,6
and_or_diverse,14,48,600,480,3,12,180,40,0.80,0.0027,6,6
and_or_diverse,14,48,600,480,3,16,120,30,0.80,0.0028,6,6
and_or_diverse,14,48,600,480,3,16,120,40,0.80,0.0028,6,6
and_or_diverse,14,48,600,480,3,16,180,30,0.80,0.0037,6,6
and_or_diverse,14,48,600,480,3,16,180,40,0.80,0.0034,6,6
and_or_diverse,14,48,600,480,4,12,120,30,0.80,0.0028,6,6
and_or_diverse,14,48,600,480,4,12,120,40,0.80,0.0028,6,6
and_or_diverse,14,48,600,480,4,12,180,30,0.80,0.0029,6,6
and_or_diverse,14,48,600,480,4,12,180,40,0.80,0.0028,6,6
and_or_diverse,14,48,600,480,4,16,120,30,0.80,0.0027,6,6
and_or_diverse,14,48,600,480,4,16,120,40,0.80,0.0031,6,6
and_or_diverse,14,48,600,480,4,16,180,30,0.80,0.0030,6,6
and_or_diverse,14,48,600,480,4,16,180,40,0.80,0.0030,6,6
and_or_diverse,14,48,600,720,3,12,120,30,0.80,0.0032,6,6
and_or_diverse,14,48,600,720,3,12,120,40,0.80,0.0029,6,6
and_or_diverse,14,48,600,720,3,12,180,30,0.80,0.0027,6,6
and_or_diverse,14,48,600,720,3,12,180,40,0.80,0.0032,6,6
and_or_diverse,14,48,600,720,3,16,120,30,0.80,0.0027,6,6
and_or_diverse,14,48,600,720,3,16,120,40,0.80,0.0026,6,6
and_or_diverse,14,48,600,720,3,16,180,30,0.80,0.0034,6,6
and_or_diverse,14,48,600,720,3,16,180,40,0.80,0.0026,6,6
and_or_diverse,14,48,600,720,4,12,120,30,0.80,0.0026,6,6
and_or_diverse,14,48,600,720,4,12,120,40,0.80,0.0028,6,6
and_or_diverse,14,48,600,720,4,12,180,30,0.80,0.0026,6,6
and_or_diverse,14,48,600,720,4,12,180,40,0.80,0.0026,6,6
and_or_diverse,14,48,600,720,4,16,120,30,0.80,0.0028,6,6
and_or_diverse,14,48,600,720,4,16,120,40,0.80,0.0027,6,6
and_or_diverse,14,48,600,720,4,16,180,30,0.80,0.0027,6,6
and_or_diverse,14,48,600,720,4,16,180,40,0.80,0.0027,6,6
and_or_diverse,16,24,300,480,3,12,120,30,0.80,0.0031,6,6
and_or_diverse,16,24,300,480,3,12,120,40,0.80,0.0034,6,6
and_or_diverse,16,24,300,480,3,12,180,30,0.80,0.0029,6,6
and_or_diverse,16,24,300,480,3,12,180,40,0.80,0.0028,6,6
and_or_diverse,16,24,300,480,3,16,120,30,0.80,0.0034,6,6
and_or_diverse,16,24,300,480,3,16,120,40,0.80,0.0028,6,6
and_or_diverse,16,24,300,480,3,16,180,30,0.80,0.0038,6,6
and_or_diverse,16,24,300,480,3,16,180,40,0.80,0.0028,6,6
and_or_diverse,16,24,300,480,4,12,120,30,0.80,0.0028,6,6
and_or_diverse,16,24,300,480,4,12,120,40,0.80,0.0028,6,6
and_or_diverse,16,24,300,480,4,12,180,30,0.80,0.0027,6,6
and_or_diverse,16,24,300,480,4,12,180,40,0.80,0.0036,6,6
and_or_diverse,16,24,300,480,4,16,120,30,0.80,0.0029,6,6
and_or_diverse,16,24,300,480,4,16,120,40,0.80,0.0027,6,6
and_or_diverse,16,24,300,480,4,16,180,30,0.80,0.0028,6,6
and_or_diverse,16,24,300,480,4,16,180,40,0.80,0.0036,6,6
and_or_diverse,16,24,300,720,3,12,120,30,0.80,0.0027,6,6
and_or_diverse,16,24,300,720,3,12,120,40,0.80,0.0026,6,6
and_or_diverse,16,24,300,720,3,12,180,30,0.80,0.0025,6,6
and_or_diverse,16,24,300,720,3,12,180,40,0.80,0.0029,6,6
and_or_diverse,16,24,300,720,3,16,120,30,0.80,0.0039,6,6
and_or_diverse,16,24,300,720,3,16,120,40,0.80,0.0027,6,6
and_or_diverse,16,24,300,720,3,16,180,30,0.80,0.0027,6,6
and_or_diverse,16,24,300,720,3,16,180,40,0.80,0.0026,6,6
and_or_diverse,16,24,300,720,4,12,120,30,0.80,0.0029,6,6
and_or_diverse,16,24,300,720,4,12,120,40,0.80,0.0026,6,6
and_or_diverse,16,24,300,720,4,12,180,30,0.80,0.0038,6,6
and_or_diverse,16,24,300,720,4,12,180,40,0.80,0.0028,6,6
and_or_diverse,16,24,300,720,4,16,120,30,0.80,0.0029,6,6
and_or_diverse,16,24,300,720,4,16,120,40,0.80,0.0026,6,6
and_or_diverse,16,24,300,720,4,16,180,30,0.80,0.0024,6,6
and_or_diverse,16,24,300,720,4,16,180,40,0.80,0.0026,6,6
and_or_diverse,16,24,600,480,3,12,120,30,0.80,0.0031,6,6
and_or_diverse,16,24,600,480,3,12,120,40,0.80,0.0038,6,6
and_or_diverse,16,24,600,480,3,12,180,30,0.80,0.0025,6,6
and_or_diverse,16,24,600,480,3,12,180,40,0.80,0.0026,6,6
and_or_diverse,16,24,600,480,3,16,120,30,0.80,0.0030,6,6
and_or_diverse,16,24,600,480,3,16,120,40,0.80,0.0032,6,6
and_or_diverse,16,24,600,480,3,16,180,30,0.80,0.0030,6,6
and_or_diverse,16,24,600,480,3,16,180,40,0.80,0.0025,6,6
and_or_diverse,16,24,600,480,4,12,120,30,0.80,0.0036,6,6
and_or_diverse,16,24,600,480,4,12,120,40,0.80,0.0026,6,6
and_or_diverse,16,24,600,480,4,12,180,30,0.80,0.0025,6,6
and_or_diverse,16,24,600,480,4,12,180,40,0.80,0.0024,6,6
and_or_diverse,16,24,600,480,4,16,120,30,0.80,0.0025,6,6
and_or_diverse,16,24,600,480,4,16,120,40,0.80,0.0026,6,6
and_or_diverse,16,24,600,480,4,16,180,30,0.80,0.0026,6,6
and_or_diverse,16,24,600,480,4,16,180,40,0.80,0.0027,6,6
and_or_diverse,16,24,600,720,3,12,120,30,0.80,0.0026,6,6
and_or_diverse,16,24,600,720,3,12,120,40,0.80,0.0025,6,6
and_or_diverse,16,24,600,720,3,12,180,30,0.80,0.0026,6,6
and_or_diverse,16,24,600,720,3,12,180,40,0.80,0.0024,6,6
and_or_diverse,16,24,600,720,3,16,120,30,0.80,0.0025,6,6
and_or_diverse,16,24,600,720,3,16,120,40,0.80,0.0026,6,6
and_or_diverse,16,24,600,720,3,16,180,30,0.80,0.0026,6,6
and_or_diverse,16,24,600,720,3,16,180,40,0.80,0.0026,6,6
and_or_diverse,16,24,600,720,4,12,120,30,0.80,0.0025,6,6
and_or_diverse,16,24,600,720,4,12,120,40,0.80,0.0025,6,6
and_or_diverse,16,24,600,720,4,12,180,30,0.80,0.0025,6,6
and_or_diverse,16,24,600,720,4,12,180,40,0.80,0.0033,6,6
and_or_diverse,16,24,600,720,4,16,120,30,0.80,0.0027,6,6
and_or_diverse,16,24,600,720,4,16,120,40,0.80,0.0026,6,6
and_or_diverse,16,24,600,720,4,16,180,30,0.80,0.0027,6,6
and_or_diverse,16,24,600,720,4,16,180,40,0.80,0.0025,6,6
and_or_diverse,16,36,300,480,3,12,120,30,0.80,0.0025,6,6
and_or_diverse,16,36,300,480,3,12,120,40,0.80,0.0025,6,6
and_or_diverse,16,36,300,480,3,12,180,30,0.80,0.0025,6,6
and_or_diverse,16,36,300,480,3,12,180,40,0.80,0.0026,6,6
and_or_diverse,16,36,300,480,3,16,120,30,0.80,0.0026,6,6
and_or_diverse,16,36,300,480,3,16,120,40,0.80,0.0026,6,6
and_or_diverse,16,36,300,480,3,16,180,30,0.80,0.0024,6,6
and_or_diverse,16,36,300,480,3,16,180,40,0.80,0.0025,6,6
and_or_diverse,16,36,300,480,4,12,120,30,0.80,0.0026,6,6
and_or_diverse,16,36,300,480,4,12,120,40,0.80,0.0026,6,6
and_or_diverse,16,36,300,480,4,12,180,30,0.80,0.0028,6,6
and_or_diverse,16,36,300,480,4,12,180,40,0.80,0.0027,6,6
and_or_diverse,16,36,300,480,4,16,120,30,0.80,0.0025,6,6
and_or_diverse,16,36,300,480,4,16,120,40,0.80,0.0025,6,6
and_or_diverse,16,36,300,480,4,16,180,30,0.80,0.0025,6,6
and_or_diverse,16,36,300,480,4,16,180,40,0.80,0.0025,6,6
and_or_diverse,16,36,300,720,3,12,120,30,0.80,0.0026,6,6
and_or_diverse,16,36,300,720,3,12,120,40,0.80,0.0026,6,6
and_or_diverse,16,36,300,720,3,12,180,30,0.80,0.0025,6,6
and_or_diverse,16,36,300,720,3,12,180,40,0.80,0.0023,6,6
and_or_diverse,16,36,300,720,3,16,120,30,0.80,0.0025,6,6
and_or_diverse,16,36,300,720,3,16,120,40,0.80,0.0024,6,6
and_or_diverse,16,36,300,720,3,16,180,30,0.80,0.0024,6,6
and_or_diverse,16,36,300,720,3,16,180,40,0.80,0.0024,6,6
and_or_diverse,16,36,300,720,4,12,120,30,0.80,0.0024,6,6
and_or_diverse,16,36,300,720,4,12,120,40,0.80,0.0024,6,6
and_or_diverse,16,36,300,720,4,12,180,30,0.80,0.0024,6,6
and_or_diverse,16,36,300,720,4,12,180,40,0.80,0.0025,6,6
and_or_diverse,16,36,300,720,4,16,120,30,0.80,0.0024,6,6
and_or_diverse,16,36,300,720,4,16,120,40,0.80,0.0023,6,6
and_or_diverse,16,36,300,720,4,16,180,30,0.80,0.0024,6,6
and_or_diverse,16,36,300,720,4,16,180,40,0.80,0.0026,6,6
and_or_diverse,16,36,600,480,3,12,120,30,0.80,0.0025,6,6
and_or_diverse,16,36,600,480,3,12,120,40,0.80,0.0025,6,6
and_or_diverse,16,36,600,480,3,12,180,30,0.80,0.0024,6,6
and_or_diverse,16,36,600,480,3,12,180,40,0.80,0.0024,6,6
and_or_diverse,16,36,600,480,3,16,120,30,0.80,0.0029,6,6
and_or_diverse,16,36,600,480,3,16,120,40,0.80,0.0026,6,6
and_or_diverse,16,36,600,480,3,16,180,30,0.80,0.0031,6,6
and_or_diverse,16,36,600,480,3,16,180,40,0.80,0.0029,6,6
and_or_diverse,16,36,600,480,4,12,120,30,0.80,0.0027,6,6
and_or_diverse,16,36,600,480,4,12,120,40,0.80,0.0027,6,6
and_or_diverse,16,36,600,480,4,12,180,30,0.80,0.0027,6,6
and_or_diverse,16,36,600,480,4,12,180,40,0.80,0.0026,6,6
and_or_diverse,16,36,600,480,4,16,120,30,0.80,0.0028,6,6
and_or_diverse,16,36,600,480,4,16,120,40,0.80,0.0028,6,6
and_or_diverse,16,36,600,480,4,16,180,30,0.80,0.0025,6,6
and_or_diverse,16,36,600,480,4,16,180,40,0.80,0.0028,6,6
and_or_diverse,16,36,600,720,3,12,120,30,0.80,0.0026,6,6
and_or_diverse,16,36,600,720,3,12,120,40,0.80,0.0026,6,6
and_or_diverse,16,36,600,720,3,12,180,30,0.80,0.0026,6,6
and_or_diverse,16,36,600,720,3,12,180,40,0.80,0.0028,6,6
and_or_diverse,16,36,600,720,3,16,120,30,0.80,0.0026,6,6
and_or_diverse,16,36,600,720,3,16,120,40,0.80,0.0025,6,6
and_or_diverse,16,36,600,720,3,16,180,30,0.80,0.0025,6,6
and_or_diverse,16,36,600,720,3,16,180,40,0.80,0.0026,6,6
and_or_diverse,16,36,600,720,4,12,120,30,0.80,0.0028,6,6
and_or_diverse,16,36,600,720,4,12,120,40,0.80,0.0027,6,6
and_or_diverse,16,36,600,720,4,12,180,30,0.80,0.0025,6,6
and_or_diverse,16,36,600,720,4,12,180,40,0.80,0.0026,6,6
and_or_diverse,16,36,600,720,4,16,120,30,0.80,0.0027,6,6
and_or_diverse,16,36,600,720,4,16,120,40,0.80,0.0036,6,6
and_or_diverse,16,36,600,720,4,16,180,30,0.80,0.0031,6,6
and_or_diverse,16,36,600,720,4,16,180,40,0.80,0.0029,6,6
and_or_diverse,16,48,300,480,3,12,120,30,0.80,0.0031,6,6
and_or_diverse,16,48,300,480,3,12,120,40,0.80,0.0035,6,6
and_or_diverse,16,48,300,480,3,12,180,30,0.80,0.0028,6,6
and_or_diverse,16,48,300,480,3,12,180,40,0.80,0.0024,6,6
and_or_diverse,16,48,300,480,3,16,120,30,0.80,0.0025,6,6
and_or_diverse,16,48,300,480,3,16,120,40,0.80,0.0025,6,6
and_or_diverse,16,48,300,480,3,16,180,30,0.80,0.0035,6,6
and_or_diverse,16,48,300,480,3,16,180,40,0.80,0.0026,6,6
and_or_diverse,16,48,300,480,4,12,120,30,0.80,0.0027,6,6
and_or_diverse,16,48,300,480,4,12,120,40,0.80,0.0026,6,6
and_or_diverse,16,48,300,480,4,12,180,30,0.80,0.0026,6,6
and_or_diverse,16,48,300,480,4,12,180,40,0.80,0.0026,6,6
and_or_diverse,16,48,300,480,4,16,120,30,0.80,0.0023,6,6
and_or_diverse,16,48,300,480,4,16,120,40,0.80,0.0024,6,6
and_or_diverse,16,48,300,480,4,16,180,30,0.80,0.0026,6,6
and_or_diverse,16,48,300,480,4,16,180,40,0.80,0.0028,6,6
and_or_diverse,16,48,300,720,3,12,120,30,0.80,0.0027,6,6
and_or_diverse,16,48,300,720,3,12,120,40,0.80,0.0026,6,6
and_or_diverse,16,48,300,720,3,12,180,30,0.80,0.0026,6,6
and_or_diverse,16,48,300,720,3,12,180,40,0.80,0.0026,6,6
and_or_diverse,16,48,300,720,3,16,120,30,0.80,0.0027,6,6
and_or_diverse,16,48,300,720,3,16,120,40,0.80,0.0026,6,6
and_or_diverse,16,48,300,720,3,16,180,30,0.80,0.0023,6,6
and_or_diverse,16,48,300,720,3,16,180,40,0.80,0.0025,6,6
and_or_diverse,16,48,300,720,4,12,120,30,0.80,0.0025,6,6
and_or_diverse,16,48,300,720,4,12,120,40,0.80,0.0025,6,6
and_or_diverse,16,48,300,720,4,12,180,30,0.80,0.0024,6,6
and_or_diverse,16,48,300,720,4,12,180,40,0.80,0.0027,6,6
and_or_diverse,16,48,300,720,4,16,120,30,0.80,0.0026,6,6
and_or_diverse,16,48,300,720,4,16,120,40,0.80,0.0025,6,6
and_or_diverse,16,48,300,720,4,16,180,30,0.80,0.0023,6,6
and_or_diverse,16,48,300,720,4,16,180,40,0.80,0.0025,6,6
and_or_diverse,16,48,600,480,3,12,120,30,0.80,0.0025,6,6
and_or_diverse,16,48,600,480,3,12,120,40,0.80,0.0024,6,6
and_or_diverse,16,48,600,480,3,12,180,30,0.80,0.0025,6,6
and_or_diverse,16,48,600,480,3,12,180,40,0.80,0.0033,6,6
and_or_diverse,16,48,600,480,3,16,120,30,0.80,0.0029,6,6
and_or_diverse,16,48,600,480,3,16,120,40,0.80,0.0030,6,6
and_or_diverse,16,48,600,480,3,16,180,30,0.80,0.0029,6,6
and_or_diverse,16,48,600,480,3,16,180,40,0.80,0.0037,6,6
and_or_diverse,16,48,600,480,4,12,120,30,0.80,0.0034,6,6
and_or_diverse,16,48,600,480,4,12,120,40,0.80,0.0027,6,6
and_or_diverse,16,48,600,480,4,12,180,30,0.80,0.0028,6,6
and_or_diverse,16,48,600,480,4,12,180,40,0.80,0.0035,6,6
and_or_diverse,16,48,600,480,4,16,120,30,0.80,0.0035,6,6
and_or_diverse,16,48,600,480,4,16,120,40,0.80,0.0036,6,6
and_or_diverse,16,48,600,480,4,16,180,30,0.80,0.0035,6,6
and_or_diverse,16,48,600,480,4,16,180,40,0.80,0.0033,6,6
and_or_diverse,16,48,600,720,3,12,120,30,0.80,0.0025,6,6
and_or_diverse,16,48,600,720,3,12,120,40,0.80,0.0024,6,6
and_or_diverse,16,48,600,720,3,12,180,30,0.80,0.0026,6,6
and_or_diverse,16,48,600,720,3,12,180,40,0.80,0.0025,6,6
and_or_diverse,16,48,600,720,3,16,120,30,0.80,0.0029,6,6
and_or_diverse,16,48,600,720,3,16,120,40,0.80,0.0025,6,6
and_or_diverse,16,48,600,720,3,16,180,30,0.80,0.0025,6,6
and_or_diverse,16,48,600,720,3,16,180,40,0.80,0.0026,6,6
and_or_diverse,16,48,600,720,4,12,120,30,0.80,0.0024,6,6
and_or_diverse,16,48,600,720,4,12,120,40,0.80,0.0026,6,6
and_or_diverse,16,48,600,720,4,12,180,30,0.80,0.0025,6,6
and_or_diverse,16,48,600,720,4,12,180,40,0.80,0.0025,6,6
and_or_diverse,16,48,600,720,4,16,120,30,0.80,0.0024,6,6
and_or_diverse,16,48,600,720,4,16,120,40,0.80,0.0026,6,6
and_or_diverse,16,48,600,720,4,16,180,30,0.80,0.0025,6,6
and_or_diverse,16,48,600,720,4,16,180,40,0.80,0.0025,6,6
and_or_diverse,10,24,300,480,2,12,120,30,0.80,0.0026,5,5
and_or_diverse,10,24,300,480,2,12,120,40,0.80,0.0022,5,5
and_or_diverse,10,24,300,480,2,12,180,30,0.80,0.0024,5,5
and_or_diverse,10,24,300,480,2,12,180,40,0.80,0.0024,5,5
and_or_diverse,10,24,300,480,2,16,120,30,0.80,0.0024,5,5
and_or_diverse,10,24,300,480,2,16,120,40,0.80,0.0024,5,5
and_or_diverse,10,24,300,480,2,16,180,30,0.80,0.0023,5,5
and_or_diverse,10,24,300,480,2,16,180,40,0.80,0.0025,5,5
and_or_diverse,10,24,300,720,2,12,120,30,0.80,0.0023,5,5
and_or_diverse,10,24,300,720,2,12,120,40,0.80,0.0022,5,5
and_or_diverse,10,24,300,720,2,12,180,30,0.80,0.0023,5,5
and_or_diverse,10,24,300,720,2,12,180,40,0.80,0.0023,5,5
and_or_diverse,10,24,300,720,2,16,120,30,0.80,0.0026,5,5
and_or_diverse,10,24,300,720,2,16,120,40,0.80,0.0024,5,5
and_or_diverse,10,24,300,720,2,16,180,30,0.80,0.0024,5,5
and_or_diverse,10,24,300,720,2,16,180,40,0.80,0.0024,5,5
and_or_diverse,10,24,600,480,2,12,120,30,0.80,0.0023,5,5
and_or_diverse,10,24,600,480,2,12,120,40,0.80,0.0022,5,5
and_or_diverse,10,24,600,480,2,12,180,30,0.80,0.0022,5,5
and_or_diverse,10,24,600,480,2,12,180,40,0.80,0.0023,5,5
and_or_diverse,10,24,600,480,2,16,120,30,0.80,0.0031,5,5
and_or_diverse,10,24,600,480,2,16,120,40,0.80,0.0022,5,5
and_or_diverse,10,24,600,480,2,16,180,30,0.80,0.0022,5,5
and_or_diverse,10,24,600,480,2,16,180,40,0.80,0.0024,5,5
and_or_diverse,10,24,600,720,2,12,120,30,0.80,0.0024,5,5
and_or_diverse,10,24,600,720,2,12,120,40,0.80,0.0024,5,5
and_or_diverse,10,24,600,720,2,12,180,30,0.80,0.0023,5,5
and_or_diverse,10,24,600,720,2,12,180,40,0.80,0.0025,5,5
and_or_diverse,10,24,600,720,2,16,120,30,0.80,0.0025,5,5
and_or_diverse,10,24,600,720,2,16,120,40,0.80,0.0024,5,5
and_or_diverse,10,24,600,720,2,16,180,30,0.80,0.0024,5,5
and_or_diverse,10,24,600,720,2,16,180,40,0.80,0.0023,5,5
and_or_diverse,10,36,300,480,2,12,120,30,0.80,0.0028,5,5
and_or_diverse,10,36,300,480,2,12,120,40,0.80,0.0026,5,5
and_or_diverse,10,36,300,480,2,12,180,30,0.80,0.0026,5,5
and_or_diverse,10,36,300,480,2,12,180,40,0.80,0.0024,5,5
and_or_diverse,10,36,300,480,2,16,120,30,0.80,0.0023,5,5
and_or_diverse,10,36,300,480,2,16,120,40,0.80,0.0024,5,5
and_or_diverse,10,36,300,480,2,16,180,30,0.80,0.0025,5,5
and_or_diverse,10,36,300,480,2,16,180,40,0.80,0.0022,5,5
and_or_diverse,10,36,300,720,2,12,120,30,0.80,0.0025,5,5
and_or_diverse,10,36,300,720,2,12,120,40,0.80,0.0023,5,5
and_or_diverse,10,36,300,720,2,12,180,30,0.80,0.0023,5,5
and_or_diverse,10,36,300,720,2,12,180,40,0.80,0.0022,5,5
and_or_diverse,10,36,300,720,2,16,120,30,0.80,0.0024,5,5
and_or_diverse,10,36,300,720,2,16,120,40,0.80,0.0023,5,5
and_or_diverse,10,36,300,720,2,16,180,30,0.80,0.0023,5,5
and_or_diverse,10,36,300,720,2,16,180,40,0.80,0.0023,5,5
and_or_diverse,10,36,600,480,2,12,120,30,0.80,0.0026,5,5
and_or_diverse,10,36,600,480,2,12,120,40,0.80,0.0025,5,5
and_or_diverse,10,36,600,480,2,12,180,30,0.80,0.0025,5,5
and_or_diverse,10,36,600,480,2,12,180,40,0.80,0.0024,5,5
and_or_diverse,10,36,600,480,2,16,120,30,0.80,0.0022,5,5
and_or_diverse,10,36,600,480,2,16,120,40,0.80,0.0025,5,5
and_or_diverse,10,36,600,480,2,16,180,30,0.80,0.0024,5,5
and_or_diverse,10,36,600,480,2,16,180,40,0.80,0.0023,5,5
and_or_diverse,10,36,600,720,2,12,120,30,0.80,0.0022,5,5
and_or_diverse,10,36,600,720,2,12,120,40,0.80,0.0023,5,5
and_or_diverse,10,36,600,720,2,12,180,30,0.80,0.0023,5,5
and_or_diverse,10,36,600,720,2,12,180,40,0.80,0.0032,5,5
and_or_diverse,10,36,600,720,2,16,120,30,0.80,0.0032,5,5
and_or_diverse,10,36,600,720,2,16,120,40,0.80,0.0036,5,5
and_or_diverse,10,36,600,720,2,16,180,30,0.80,0.0025,5,5
and_or_diverse,10,36,600,720,2,16,180,40,0.80,0.0027,5,5
and_or_diverse,10,48,300,480,2,12,120,30,0.80,0.0023,5,5
and_or_diverse,10,48,300,480,2,12,120,40,0.80,0.0025,5,5
and_or_diverse,10,48,300,480,2,12,180,30,0.80,0.0024,5,5
and_or_diverse,10,48,300,480,2,12,180,40,0.80,0.0024,5,5
and_or_diverse,10,48,300,480,2,16,120,30,0.80,0.0024,5,5
and_or_diverse,10,48,300,480,2,16,120,40,0.80,0.0024,5,5
and_or_diverse,10,48,300,480,2,16,180,30,0.80,0.0024,5,5
and_or_diverse,10,48,300,480,2,16,180,40,0.80,0.0027,5,5
and_or_diverse,10,48,300,720,2,12,120,30,0.80,0.0022,5,5
and_or_diverse,10,48,300,720,2,12,120,40,0.80,0.0025,5,5
and_or_diverse,10,48,300,720,2,12,180,30,0.80,0.0024,5,5
and_or_diverse,10,48,300,720,2,12,180,40,0.80,0.0025,5,5
and_or_diverse,10,48,300,720,2,16,120,30,0.80,0.0023,5,5
and_or_diverse,10,48,300,720,2,16,120,40,0.80,0.0024,5,5
and_or_diverse,10,48,300,720,2,16,180,30,0.80,0.0023,5,5
and_or_diverse,10,48,300,720,2,16,180,40,0.80,0.0024,5,5
and_or_diverse,10,48,600,480,2,12,120,30,0.80,0.0025,5,5
and_or_diverse,10,48,600,480,2,12,120,40,0.80,0.0027,5,5
and_or_diverse,10,48,600,480,2,12,180,30,0.80,0.0027,5,5
and_or_diverse,10,48,600,480,2,12,180,40,0.80,0.0032,5,5
and_or_diverse,10,48,600,480,2,16,120,30,0.80,0.0034,5,5
and_or_diverse,10,48,600,480,2,16,120,40,0.80,0.0026,5,5
and_or_diverse,10,48,600,480,2,16,180,30,0.80,0.0025,5,5
and_or_diverse,10,48,600,480,2,16,180,40,0.80,0.0026,5,5
and_or_diverse,10,48,600,720,2,12,120,30,0.80,0.0024,5,5
and_or_diverse,10,48,600,720,2,12,120,40,0.80,0.0024,5,5
and_or_diverse,10,48,600,720,2,12,180,30,0.80,0.0024,5,5
and_or_diverse,10,48,600,720,2,12,180,40,0.80,0.0024,5,5
and_or_diverse,10,48,600,720,2,16,120,30,0.80,0.0024,5,5
and_or_diverse,10,48,600,720,2,16,120,40,0.80,0.0024,5,5
and_or_diverse,10,48,600,720,2,16,180,30,0.80,0.0023,5,5
and_or_diverse,10,48,600,720,2,16,180,40,0.80,0.0024,5,5
and_or_diverse,12,24,300,480,2,12,120,30,0.80,0.0023,5,5
and_or_diverse,12,24,300,480,2,12,120,40,0.80,0.0024,5,5
and_or_diverse,12,24,300,480,2,12,180,30,0.80,0.0025,5,5
and_or_diverse,12,24,300,480,2,12,180,40,0.80,0.0024,5,5
and_or_diverse,12,24,300,480,2,16,120,30,0.80,0.0022,5,5
and_or_diverse,12,24,300,480,2,16,120,40,0.80,0.0024,5,5
and_or_diverse,12,24,300,480,2,16,180,30,0.80,0.0024,5,5
and_or_diverse,12,24,300,480,2,16,180,40,0.80,0.0022,5,5
and_or_diverse,12,24,300,720,2,12,120,30,0.80,0.0024,5,5
and_or_diverse,12,24,300,720,2,12,120,40,0.80,0.0024,5,5
and_or_diverse,12,24,300,720,2,12,180,30,0.80,0.0025,5,5
and_or_diverse,12,24,300,720,2,12,180,40,0.80,0.0026,5,5
and_or_diverse,12,24,300,720,2,16,120,30,0.80,0.0025,5,5
and_or_diverse,12,24,300,720,2,16,120,40,0.80,0.0026,5,5
and_or_diverse,12,24,300,720,2,16,180,30,0.80,0.0026,5,5
and_or_diverse,12,24,300,720,2,16,180,40,0.80,0.0023,5,5
and_or_diverse,12,24,600,480,2,12,120,30,0.80,0.0024,5,5
and_or_diverse,12,24,600,480,2,12,120,40,0.80,0.0024,5,5
and_or_diverse,12,24,600,480,2,12,180,30,0.80,0.0031,5,5
and_or_diverse,12,24,600,480,2,12,180,40,0.80,0.0029,5,5
and_or_diverse,12,24,600,480,2,16,120,30,0.80,0.0028,5,5
and_or_diverse,12,24,600,480,2,16,120,40,0.80,0.0029,5,5
and_or_diverse,12,24,600,480,2,16,180,30,0.80,0.0027,5,5
and_or_diverse,12,24,600,480,2,16,180,40,0.80,0.0025,5,5
and_or_diverse,12,24,600,720,2,12,120,30,0.80,0.0025,5,5
and_or_diverse,12,24,600,720,2,12,120,40,0.80,0.0025,5,5
and_or_diverse,12,24,600,720,2,12,180,30,0.80,0.0025,5,5
and_or_diverse,12,24,600,720,2,12,180,40,0.80,0.0025,5,5
and_or_diverse,12,24,600,720,2,16,120,30,0.80,0.0023,5,5
and_or_diverse,12,24,600,720,2,16,120,40,0.80,0.0024,5,5
and_or_diverse,12,24,600,720,2,16,180,30,0.80,0.0026,5,5
and_or_diverse,12,24,600,720,2,16,180,40,0.80,0.0024,5,5
and_or_diverse,12,36,300,480,2,12,120,30,0.80,0.0023,5,5
and_or_diverse,12,36,300,480,2,12,120,40,0.80,0.0024,5,5
and_or_diverse,12,36,300,480,2,12,180,30,0.80,0.0023,5,5
and_or_diverse,12,36,300,480,2,12,180,40,0.80,0.0023,5,5
and_or_diverse,12,36,300,480,2,16,120,30,0.80,0.0024,5,5
and_or_diverse,12,36,300,480,2,16,120,40,0.80,0.0025,5,5
and_or_diverse,12,36,300,480,2,16,180,30,0.80,0.0024,5,5
and_or_diverse,12,36,300,480,2,16,180,40,0.80,0.0023,5,5
and_or_diverse,12,36,300,720,2,12,120,30,0.80,0.0033,5,5
and_or_diverse,12,36,300,720,2,12,120,40,0.80,0.0047,5,5
and_or_diverse,12,36,300,720,2,12,180,30,0.80,0.0043,5,5
and_or_diverse,12,36,300,720,2,12,180,40,0.80,0.0042,5,5
and_or_diverse,12,36,300,720,2,16,120,30,0.80,0.0042,5,5
and_or_diverse,12,36,300,720,2,16,120,40,0.80,0.0030,5,5
and_or_diverse,12,36,300,720,2,16,180,30,0.80,0.0037,5,5
and_or_diverse,12,36,300,720,2,16,180,40,0.80,0.0023,5,5
and_or_diverse,12,36,600,480,2,12,120,30,0.80,0.0026,5,5
and_or_diverse,12,36,600,480,2,12,120,40,0.80,0.0023,5,5
and_or_diverse,12,36,600,480,2,12,180,30,0.80,0.0023,5,5
and_or_diverse,12,36,600,480,2,12,180,40,0.80,0.0022,5,5
and_or_diverse,12,36,600,480,2,16,120,30,0.80,0.0030,5,5
and_or_diverse,12,36,600,480,2,16,120,40,0.80,0.0024,5,5
and_or_diverse,12,36,600,480,2,16,180,30,0.80,0.0025,5,5
and_or_diverse,12,36,600,480,2,16,180,40,0.80,0.0022,5,5
and_or_diverse,12,36,600,720,2,12,120,30,0.80,0.0023,5,5
and_or_diverse,12,36,600,720,2,12,120,40,0.80,0.0023,5,5
and_or_diverse,12,36,600,720,2,12,180,30,0.80,0.0023,5,5
and_or_diverse,12,36,600,720,2,12,180,40,0.80,0.0022,5,5
and_or_diverse,12,36,600,720,2,16,120,30,0.80,0.0025,5,5
and_or_diverse,12,36,600,720,2,16,120,40,0.80,0.0023,5,5
and_or_diverse,12,36,600,720,2,16,180,30,0.80,0.0029,5,5
and_or_diverse,12,36,600,720,2,16,180,40,0.80,0.0023,5,5
and_or_diverse,12,48,300,480,2,12,120,30,0.80,0.0025,5,5
and_or_diverse,12,48,300,480,2,12,120,40,0.80,0.0025,5,5
and_or_diverse,12,48,300,480,2,12,180,30,0.80,0.0026,5,5
and_or_diverse,12,48,300,480,2,12,180,40,0.80,0.0026,5,5
and_or_diverse,12,48,300,480,2,16,120,30,0.80,0.0024,5,5
and_or_diverse,12,48,300,480,2,16,120,40,0.80,0.0023,5,5
and_or_diverse,12,48,300,480,2,16,180,30,0.80,0.0031,5,5
and_or_diverse,12,48,300,480,2,16,180,40,0.80,0.0025,5,5
and_or_diverse,12,48,300,720,2,12,120,30,0.80,0.0025,5,5
and_or_diverse,12,48,300,720,2,12,120,40,0.80,0.0029,5,5
and_or_diverse,12,48,300,720,2,12,180,30,0.80,0.0025,5,5
and_or_diverse,12,48,300,720,2,12,180,40,0.80,0.0025,5,5
and_or_diverse,12,48,300,720,2,16,120,30,0.80,0.0024,5,5
and_or_diverse,12,48,300,720,2,16,120,40,0.80,0.0024,5,5
and_or_diverse,12,48,300,720,2,16,180,30,0.80,0.0024,5,5
and_or_diverse,12,48,300,720,2,16,180,40,0.80,0.0026,5,5
and_or_diverse,12,48,600,480,2,12,120,30,0.80,0.0032,5,5
and_or_diverse,12,48,600,480,2,12,120,40,0.80,0.0025,5,5
and_or_diverse,12,48,600,480,2,12,180,30,0.80,0.0027,5,5
and_or_diverse,12,48,600,480,2,12,180,40,0.80,0.0024,5,5
and_or_diverse,12,48,600,480,2,16,120,30,0.80,0.0026,5,5
and_or_diverse,12,48,600,480,2,16,120,40,0.80,0.0024,5,5
and_or_diverse,12,48,600,480,2,16,180,30,0.80,0.0024,5,5
and_or_diverse,12,48,600,480,2,16,180,40,0.80,0.0023,5,5
and_or_diverse,12,48,600,720,2,12,120,30,0.80,0.0035,5,5
and_or_diverse,12,48,600,720,2,12,120,40,0.80,0.0027,5,5
and_or_diverse,12,48,600,720,2,12,180,30,0.80,0.0027,5,5
and_or_diverse,12,48,600,720,2,12,180,40,0.80,0.0025,5,5
and_or_diverse,12,48,600,720,2,16,120,30,0.80,0.0025,5,5
and_or_diverse,12,48,600,720,2,16,120,40,0.80,0.0024,5,5
and_or_diverse,12,48,600,720,2,16,180,30,0.80,0.0024,5,5
and_or_diverse,12,48,600,720,2,16,180,40,0.80,0.0024,5,5
and_or_diverse,14,24,300,480,2,12,120,30,0.80,0.0023,5,5
and_or_diverse,14,24,300,480,2,12,120,40,0.80,0.0024,5,5
and_or_diverse,14,24,300,480,2,12,180,30,0.80,0.0023,5,5
and_or_diverse,14,24,300,480,2,12,180,40,0.80,0.0024,5,5
and_or_diverse,14,24,300,480,2,16,120,30,0.80,0.0024,5,5
and_or_diverse,14,24,300,480,2,16,120,40,0.80,0.0023,5,5
and_or_diverse,14,24,300,480,2,16,180,30,0.80,0.0023,5,5
and_or_diverse,14,24,300,480,2,16,180,40,0.80,0.0024,5,5
and_or_diverse,14,24,300,720,2,12,120,30,0.80,0.0025,5,5
and_or_diverse,14,24,300,720,2,12,120,40,0.80,0.0023,5,5
and_or_diverse,14,24,300,720,2,12,180,30,0.80,0.0023,5,5
and_or_diverse,14,24,300,720,2,12,180,40,0.80,0.0024,5,5
and_or_diverse,14,24,300,720,2,16,120,30,0.80,0.0024,5,5
and_or_diverse,14,24,300,720,2,16,120,40,0.80,0.0024,5,5
and_or_diverse,14,24,300,720,2,16,180,30,0.80,0.0025,5,5
and_or_diverse,14,24,300,720,2,16,180,40,0.80,0.0023,5,5
and_or_diverse,14,24,600,480,2,12,120,30,0.80,0.0025,5,5
and_or_diverse,14,24,600,480,2,12,120,40,0.80,0.0026,5,5
and_or_diverse,14,24,600,480,2,12,180,30,0.80,0.0024,5,5
and_or_diverse,14,24,600,480,2,12,180,40,0.80,0.0023,5,5
and_or_diverse,14,24,600,480,2,16,120,30,0.80,0.0024,5,5
and_or_diverse,14,24,600,480,2,16,120,40,0.80,0.0024,5,5
and_or_diverse,14,24,600,480,2,16,180,30,0.80,0.0023,5,5
and_or_diverse,14,24,600,480,2,16,180,40,0.80,0.0023,5,5
and_or_diverse,14,24,600,720,2,12,120,30,0.80,0.0024,5,5
and_or_diverse,14,24,600,720,2,12,120,40,0.80,0.0023,5,5
and_or_diverse,14,24,600,720,2,12,180,30,0.80,0.0041,5,5
and_or_diverse,14,24,600,720,2,12,180,40,0.80,0.0028,5,5
and_or_diverse,14,24,600,720,2,16,120,30,0.80,0.0030,5,5
and_or_diverse,14,24,600,720,2,16,120,40,0.80,0.0041,5,5
and_or_diverse,14,24,600,720,2,16,180,30,0.80,0.0037,5,5
and_or_diverse,14,24,600,720,2,16,180,40,0.80,0.0032,5,5
and_or_diverse,14,36,300,480,2,12,120,30,0.80,0.0022,5,5
and_or_diverse,14,36,300,480,2,12,120,40,0.80,0.0023,5,5
and_or_diverse,14,36,300,480,2,12,180,30,0.80,0.0024,5,5
and_or_diverse,14,36,300,480,2,12,180,40,0.80,0.0024,5,5
and_or_diverse,14,36,300,480,2,16,120,30,0.80,0.0023,5,5
and_or_diverse,14,36,300,480,2,16,120,40,0.80,0.0023,5,5
and_or_diverse,14,36,300,480,2,16,180,30,0.80,0.0023,5,5
and_or_diverse,14,36,300,480,2,16,180,40,0.80,0.0022,5,5
and_or_diverse,14,36,300,720,2,12,120,30,0.80,0.0025,5,5
and_or_diverse,14,36,300,720,2,12,120,40,0.80,0.0024,5,5
and_or_diverse,14,36,300,720,2,12,180,30,0.80,0.0022,5,5
and_or_diverse,14,36,300,720,2,12,180,40,0.80,0.0028,5,5
and_or_diverse,14,36,300,720,2,16,120,30,0.80,0.0026,5,5
and_or_diverse,14,36,300,720,2,16,120,40,0.80,0.0025,5,5
and_or_diverse,14,36,300,720,2,16,180,30,0.80,0.0026,5,5
and_or_diverse,14,36,300,720,2,16,180,40,0.80,0.0025,5,5
and_or_diverse,14,36,600,480,2,12,120,30,0.80,0.0030,5,5
and_or_diverse,14,36,600,480,2,12,120,40,0.80,0.0023,5,5
and_or_diverse,14,36,600,480,2,12,180,30,0.80,0.0023,5,5
and_or_diverse,14,36,600,480,2,12,180,40,0.80,0.0023,5,5
and_or_diverse,14,36,600,480,2,16,120,30,0.80,0.0026,5,5
and_or_diverse,14,36,600,480,2,16,120,40,0.80,0.0023,5,5
and_or_diverse,14,36,600,480,2,16,180,30,0.80,0.0022,5,5
and_or_diverse,14,36,600,480,2,16,180,40,0.80,0.0022,5,5
and_or_diverse,14,36,600,720,2,12,120,30,0.80,0.0029,5,5
and_or_diverse,14,36,600,720,2,12,120,40,0.80,0.0024,5,5
and_or_diverse,14,36,600,720,2,12,180,30,0.80,0.0027,5,5
and_or_diverse,14,36,600,720,2,12,180,40,0.80,0.0024,5,5
and_or_diverse,14,36,600,720,2,16,120,30,0.80,0.0028,5,5
and_or_diverse,14,36,600,720,2,16,120,40,0.80,0.0034,5,5
and_or_diverse,14,36,600,720,2,16,180,30,0.80,0.0029,5,5
and_or_diverse,14,36,600,720,2,16,180,40,0.80,0.0024,5,5
and_or_diverse,14,48,300,480,2,12,120,30,0.80,0.0026,5,5
and_or_diverse,14,48,300,480,2,12,120,40,0.80,0.0024,5,5
and_or_diverse,14,48,300,480,2,12,180,30,0.80,0.0023,5,5
and_or_diverse,14,48,300,480,2,12,180,40,0.80,0.0025,5,5
and_or_diverse,14,48,300,480,2,16,120,30,0.80,0.0025,5,5
and_or_diverse,14,48,300,480,2,16,120,40,0.80,0.0026,5,5
and_or_diverse,14,48,300,480,2,16,180,30,0.80,0.0026,5,5
and_or_diverse,14,48,300,480,2,16,180,40,0.80,0.0027,5,5
and_or_diverse,14,48,300,720,2,12,120,30,0.80,0.0027,5,5
and_or_diverse,14,48,300,720,2,12,120,40,0.80,0.0034,5,5
and_or_diverse,14,48,300,720,2,12,180,30,0.80,0.0029,5,5
and_or_diverse,14,48,300,720,2,12,180,40,0.80,0.0028,5,5
and_or_diverse,14,48,300,720,2,16,120,30,0.80,0.0028,5,5
and_or_diverse,14,48,300,720,2,16,120,40,0.80,0.0030,5,5
and_or_diverse,14,48,300,720,2,16,180,30,0.80,0.0026,5,5
and_or_diverse,14,48,300,720,2,16,180,40,0.80,0.0025,5,5
and_or_diverse,14,48,600,480,2,12,120,30,0.80,0.0024,5,5
and_or_diverse,14,48,600,480,2,12,120,40,0.80,0.0035,5,5
and_or_diverse,14,48,600,480,2,12,180,30,0.80,0.0031,5,5
and_or_diverse,14,48,600,480,2,12,180,40,0.80,0.0026,5,5
and_or_diverse,14,48,600,480,2,16,120,30,0.80,0.0026,5,5
and_or_diverse,14,48,600,480,2,16,120,40,0.80,0.0025,5,5
and_or_diverse,14,48,600,480,2,16,180,30,0.80,0.0023,5,5
and_or_diverse,14,48,600,480,2,16,180,40,0.80,0.0024,5,5
and_or_diverse,14,48,600,720,2,12,120,30,0.80,0.0030,5,5
and_or_diverse,14,48,600,720,2,12,120,40,0.80,0.0034,5,5
and_or_diverse,14,48,600,720,2,12,180,30,0.80,0.0027,5,5
and_or_diverse,14,48,600,720,2,12,180,40,0.80,0.0028,5,5
and_or_diverse,14,48,600,720,2,16,120,30,0.80,0.0027,5,5
and_or_diverse,14,48,600,720,2,16,120,40,0.80,0.0032,5,5
and_or_diverse,14,48,600,720,2,16,180,30,0.80,0.0031,5,5
and_or_diverse,14,48,600,720,2,16,180,40,0.80,0.0029,5,5
and_or_diverse,16,24,300,480,2,12,120,30,0.80,0.0027,5,5
and_or_diverse,16,24,300,480,2,12,120,40,0.80,0.0026,5,5
and_or_diverse,16,24,300,480,2,12,180,30,0.80,0.0025,5,5
and_or_diverse,16,24,300,480,2,12,180,40,0.80,0.0023,5,5
and_or_diverse,16,24,300,480,2,16,120,30,0.80,0.0024,5,5
and_or_diverse,16,24,300,480,2,16,120,40,0.80,0.0023,5,5
and_or_diverse,16,24,300,480,2,16,180,30,0.80,0.0025,5,5
and_or_diverse,16,24,300,480,2,16,180,40,0.80,0.0025,5,5
and_or_diverse,16,24,300,720,2,12,120,30,0.80,0.0028,5,5
and_or_diverse,16,24,300,720,2,12,120,40,0.80,0.0025,5,5
and_or_diverse,16,24,300,720,2,12,180,30,0.80,0.0027,5,5
and_or_diverse,16,24,300,720,2,12,180,40,0.80,0.0027,5,5
and_or_diverse,16,24,300,720,2,16,120,30,0.80,0.0038,5,5
and_or_diverse,16,24,300,720,2,16,120,40,0.80,0.0033,5,5
and_or_diverse,16,24,300,720,2,16,180,30,0.80,0.0023,5,5
and_or_diverse,16,24,300,720,2,16,180,40,0.80,0.0028,5,5
and_or_diverse,16,24,600,480,2,12,120,30,0.80,0.0025,5,5
and_or_diverse,16,24,600,480,2,12,120,40,0.80,0.0028,5,5
and_or_diverse,16,24,600,480,2,12,180,30,0.80,0.0027,5,5
and_or_diverse,16,24,600,480,2,12,180,40,0.80,0.0027,5,5
and_or_diverse,16,24,600,480,2,16,120,30,0.80,0.0028,5,5
and_or_diverse,16,24,600,480,2,16,120,40,0.80,0.0025,5,5
and_or_diverse,16,24,600,480,2,16,180,30,0.80,0.0025,5,5
and_or_diverse,16,24,600,480,2,16,180,40,0.80,0.0024,5,5
and_or_diverse,16,24,600,720,2,12,120,30,0.80,0.0028,5,5
and_or_diverse,16,24,600,720,2,12,120,40,0.80,0.0024,5,5
and_or_diverse,16,24,600,720,2,12,180,30,0.80,0.0023,5,5
and_or_diverse,16,24,600,720,2,12,180,40,0.80,0.0025,5,5
and_or_diverse,16,24,600,720,2,16,120,30,0.80,0.0024,5,5
and_or_diverse,16,24,600,720,2,16,120,40,0.80,0.0022,5,5
and_or_diverse,16,24,600,720,2,16,180,30,0.80,0.0024,5,5
and_or_diverse,16,24,600,720,2,16,180,40,0.80,0.0024,5,5
and_or_diverse,16,36,300,480,2,12,120,30,0.80,0.0023,5,5
and_or_diverse,16,36,300,480,2,12,120,40,0.80,0.0025,5,5
and_or_diverse,16,36,300,480,2,12,180,30,0.80,0.0025,5,5
and_or_diverse,16,36,300,480,2,12,180,40,0.80,0.0025,5,5
and_or_diverse,16,36,300,480,2,16,120,30,0.80,0.0023,5,5
and_or_diverse,16,36,300,480,2,16,120,40,0.80,0.0024,5,5
and_or_diverse,16,36,300,480,2,16,180,30,0.80,0.0024,5,5
and_or_diverse,16,36,300,480,2,16,180,40,0.80,0.0024,5,5
and_or_diverse,16,36,300,720,2,12,120,30,0.80,0.0023,5,5
and_or_diverse,16,36,300,720,2,12,120,40,0.80,0.0024,5,5
and_or_diverse,16,36,300,720,2,12,180,30,0.80,0.0024,5,5
and_or_diverse,16,36,300,720,2,12,180,40,0.80,0.0025,5,5
and_or_diverse,16,36,300,720,2,16,120,30,0.80,0.0024,5,5
and_or_diverse,16,36,300,720,2,16,120,40,0.80,0.0024,5,5
and_or_diverse,16,36,300,720,2,16,180,30,0.80,0.0026,5,5
and_or_diverse,16,36,300,720,2,16,180,40,0.80,0.0023,5,5
and_or_diverse,16,36,600,480,2,12,120,30,0.80,0.0024,5,5
and_or_diverse,16,36,600,480,2,12,120,40,0.80,0.0024,5,5
and_or_diverse,16,36,600,480,2,12,180,30,0.80,0.0023,5,5
and_or_diverse,16,36,600,480,2,12,180,40,0.80,0.0025,5,5
and_or_diverse,16,36,600,480,2,16,120,30,0.80,0.0024,5,5
and_or_diverse,16,36,600,480,2,16,120,40,0.80,0.0024,5,5
and_or_diverse,16,36,600,480,2,16,180,30,0.80,0.0023,5,5
and_or_diverse,16,36,600,480,2,16,180,40,0.80,0.0023,5,5
and_or_diverse,16,36,600,720,2,12,120,30,0.80,0.0027,5,5
and_or_diverse,16,36,600,720,2,12,120,40,0.80,0.0036,5,5
and_or_diverse,16,36,600,720,2,12,180,30,0.80,0.0027,5,5
and_or_diverse,16,36,600,720,2,12,180,40,0.80,0.0026,5,5
and_or_diverse,16,36,600,720,2,16,120,30,0.80,0.0026,5,5
and_or_diverse,16,36,600,720,2,16,120,40,0.80,0.0027,5,5
and_or_diverse,16,36,600,720,2,16,180,30,0.80,0.0025,5,5
and_or_diverse,16,36,600,720,2,16,180,40,0.80,0.0032,5,5
and_or_diverse,16,48,300,480,2,12,120,30,0.80,0.0026,5,5
and_or_diverse,16,48,300,480,2,12,120,40,0.80,0.0026,5,5
and_or_diverse,16,48,300,480,2,12,180,30,0.80,0.0028,5,5
and_or_diverse,16,48,300,480,2,12,180,40,0.80,0.0026,5,5
and_or_diverse,16,48,300,480,2,16,120,30,0.80,0.0026,5,5
and_or_diverse,16,48,300,480,2,16,120,40,0.80,0.0028,5,5
and_or_diverse,16,48,300,480,2,16,180,30,0.80,0.0025,5,5
and_or_diverse,16,48,300,480,2,16,180,40,0.80,0.0025,5,5
and_or_diverse,16,48,300,720,2,12,120,30,0.80,0.0024,5,5
and_or_diverse,16,48,300,720,2,12,120,40,0.80,0.0024,5,5
and_or_diverse,16,48,300,720,2,12,180,30,0.80,0.0024,5,5
and_or_diverse,16,48,300,720,2,12,180,40,0.80,0.0024,5,5
and_or_diverse,16,48,300,720,2,16,120,30,0.80,0.0027,5,5
and_or_diverse,16,48,300,720,2,16,120,40,0.80,0.0025,5,5
and_or_diverse,16,48,300,720,2,16,180,30,0.80,0.0026,5,5
and_or_diverse,16,48,300,720,2,16,180,40,0.80,0.0025,5,5
and_or_diverse,16,48,600,480,2,12,120,30,0.80,0.0024,5,5
and_or_diverse,16,48,600,480,2,12,120,40,0.80,0.0024,5,5
and_or_diverse,16,48,600,480,2,12,180,30,0.80,0.0022,5,5
and_or_diverse,16,48,600,480,2,12,180,40,0.80,0.0024,5,5
and_or_diverse,16,48,600,480,2,16,120,30,0.80,0.0024,5,5
and_or_diverse,16,48,600,480,2,16,120,40,0.80,0.0022,5,5
and_or_diverse,16,48,600,480,2,16,180,30,0.80,0.0024,5,5
and_or_diverse,16,48,600,480,2,16,180,40,0.80,0.0023,5,5
and_or_diverse,16,48,600,720,2,12,120,30,0.80,0.0028,5,5
and_or_diverse,16,48,600,720,2,12,120,40,0.80,0.0023,5,5
and_or_diverse,16,48,600,720,2,12,180,30,0.80,0.0022,5,5
and_or_diverse,16,48,600,720,2,12,180,40,0.80,0.0024,5,5
and_or_diverse,16,48,600,720,2,16,120,30,0.80,0.0026,5,5
and_or_diverse,16,48,600,720,2,16,120,40,0.80,0.0023,5,5
and_or_diverse,16,48,600,720,2,16,180,30,0.80,0.0023,5,5
and_or_diverse,16,48,600,720,2,16,180,40,0.80,0.0023,5,5
and_or_diverse,10,24,300,480,2,12,120,30,0.60,0.0022,3,3
and_or_diverse,10,24,300,480,2,12,120,30,0.70,0.0022,3,3
and_or_diverse,10,24,300,480,2,12,120,40,0.60,0.0022,3,3
and_or_diverse,10,24,300,480,2,12,120,40,0.70,0.0023,3,3
and_or_diverse,10,24,300,480,2,12,180,30,0.60,0.0021,3,3
and_or_diverse,10,24,300,480,2,12,180,30,0.70,0.0023,3,3
and_or_diverse,10,24,300,480,2,12,180,40,0.60,0.0023,3,3
and_or_diverse,10,24,300,480,2,12,180,40,0.70,0.0022,3,3
and_or_diverse,10,24,300,480,2,16,120,30,0.60,0.0023,3,3
and_or_diverse,10,24,300,480,2,16,120,30,0.70,0.0022,3,3
and_or_diverse,10,24,300,480,2,16,120,40,0.60,0.0022,3,3
and_or_diverse,10,24,300,480,2,16,120,40,0.70,0.0024,3,3
and_or_diverse,10,24,300,480,2,16,180,30,0.60,0.0023,3,3
and_or_diverse,10,24,300,480,2,16,180,30,0.70,0.0023,3,3
and_or_diverse,10,24,300,480,2,16,180,40,0.60,0.0024,3,3
and_or_diverse,10,24,300,480,2,16,180,40,0.70,0.0023,3,3
and_or_diverse,10,24,300,480,3,12,120,30,0.60,0.0024,3,3
and_or_diverse,10,24,300,480,3,12,120,30,0.70,0.0022,3,3
and_or_diverse,10,24,300,480,3,12,120,40,0.60,0.0022,3,3
and_or_diverse,10,24,300,480,3,12,120,40,0.70,0.0023,3,3
and_or_diverse,10,24,300,480,3,12,180,30,0.60,0.0022,3,3
and_or_diverse,10,24,300,480,3,12,180,30,0.70,0.0023,3,3
and_or_diverse,10,24,300,480,3,12,180,40,0.60,0.0023,3,3
and_or_diverse,10,24,300,480,3,12,180,40,0.70,0.0023,3,3
and_or_diverse,10,24,300,480,3,16,120,30,0.60,0.0023,3,3
and_or_diverse,10,24,300,480,3,16,120,30,0.70,0.0022,3,3
and_or_diverse,10,24,300,480,3,16,120,40,0.60,0.0022,3,3
and_or_diverse,10,24,300,480,3,16,120,40,0.70,0.0023,3,3
and_or_diverse,10,24,300,480,3,16,180,30,0.60,0.0022,3,3
and_or_diverse,10,24,300,480,3,16,180,30,0.70,0.0024,3,3
and_or_diverse,10,24,300,480,3,16,180,40,0.60,0.0023,3,3
and_or_diverse,10,24,300,480,3,16,180,40,0.70,0.0024,3,3
and_or_diverse,10,24,300,480,4,12,120,30,0.60,0.0025,3,3
and_or_diverse,10,24,300,480,4,12,120,30,0.70,0.0022,3,3
and_or_diverse,10,24,300,480,4,12,120,40,0.60,0.0022,3,3
and_or_diverse,10,24,300,480,4,12,120,40,0.70,0.0021,3,3
and_or_diverse,10,24,300,480,4,12,180,30,0.60,0.0021,3,3
and_or_diverse,10,24,300,480,4,12,180,30,0.70,0.0023,3,3
and_or_diverse,10,24,300,480,4,12,180,40,0.60,0.0021,3,3
and_or_diverse,10,24,300,480,4,12,180,40,0.70,0.0022,3,3
and_or_diverse,10,24,300,480,4,16,120,30,0.60,0.0022,3,3
and_or_diverse,10,24,300,480,4,16,120,30,0.70,0.0021,3,3
and_or_diverse,10,24,300,480,4,16,120,40,0.60,0.0021,3,3
and_or_diverse,10,24,300,480,4,16,120,40,0.70,0.0022,3,3
and_or_diverse,10,24,300,480,4,16,180,30,0.60,0.0021,3,3
and_or_diverse,10,24,300,480,4,16,180,30,0.70,0.0022,3,3
and_or_diverse,10,24,300,480,4,16,180,40,0.60,0.0022,3,3
and_or_diverse,10,24,300,480,4,16,180,40,0.70,0.0021,3,3
and_or_diverse,10,24,300,720,2,12,120,30,0.60,0.0021,3,3
and_or_diverse,10,24,300,720,2,12,120,30,0.70,0.0022,3,3
and_or_diverse,10,24,300,720,2,12,120,40,0.60,0.0022,3,3
and_or_diverse,10,24,300,720,2,12,120,40,0.70,0.0022,3,3
and_or_diverse,10,24,300,720,2,12,180,30,0.60,0.0025,3,3
and_or_diverse,10,24,300,720,2,12,180,30,0.70,0.0022,3,3
and_or_diverse,10,24,300,720,2,12,180,40,0.60,0.0021,3,3
and_or_diverse,10,24,300,720,2,12,180,40,0.70,0.0021,3,3
and_or_diverse,10,24,300,720,2,16,120,30,0.60,0.0021,3,3
and_or_diverse,10,24,300,720,2,16,120,30,0.70,0.0022,3,3
and_or_diverse,10,24,300,720,2,16,120,40,0.60,0.0022,3,3
and_or_diverse,10,24,300,720,2,16,120,40,0.70,0.0021,3,3
and_or_diverse,10,24,300,720,2,16,180,30,0.60,0.0025,3,3
and_or_diverse,10,24,300,720,2,16,180,30,0.70,0.0023,3,3
and_or_diverse,10,24,300,720,2,16,180,40,0.60,0.0022,3,3
and_or_diverse,10,24,300,720,2,16,180,40,0.70,0.0022,3,3
and_or_diverse,10,24,300,720,3,12,120,30,0.60,0.0021,3,3
and_or_diverse,10,24,300,720,3,12,120,30,0.70,0.0022,3,3
and_or_diverse,10,24,300,720,3,12,120,40,0.60,0.0023,3,3
and_or_diverse,10,24,300,720,3,12,120,40,0.70,0.0022,3,3
and_or_diverse,10,24,300,720,3,12,180,30,0.60,0.0023,3,3
and_or_diverse,10,24,300,720,3,12,180,30,0.70,0.0023,3,3
and_or_diverse,10,24,300,720,3,12,180,40,0.60,0.0023,3,3
and_or_diverse,10,24,300,720,3,12,180,40,0.70,0.0023,3,3
and_or_diverse,10,24,300,720,3,16,120,30,0.60,0.0022,3,3
and_or_diverse,10,24,300,720,3,16,120,30,0.70,0.0024,3,3
and_or_diverse,10,24,300,720,3,16,120,40,0.60,0.0022,3,3
and_or_diverse,10,24,300,720,3,16,120,40,0.70,0.0023,3,3
and_or_diverse,10,24,300,720,3,16,180,30,0.60,0.0023,3,3
and_or_diverse,10,24,300,720,3,16,180,30,0.70,0.0023,3,3
and_or_diverse,10,24,300,720,3,16,180,40,0.60,0.0024,3,3
and_or_diverse,10,24,300,720,3,16,180,40,0.70,0.0022,3,3
and_or_diverse,10,24,300,720,4,12,120,30,0.60,0.0023,3,3
and_or_diverse,10,24,300,720,4,12,120,30,0.70,0.0023,3,3
and_or_diverse,10,24,300,720,4,12,120,40,0.60,0.0022,3,3
and_or_diverse,10,24,300,720,4,12,120,40,0.70,0.0023,3,3
and_or_diverse,10,24,300,720,4,12,180,30,0.60,0.0023,3,3
and_or_diverse,10,24,300,720,4,12,180,30,0.70,0.0023,3,3
and_or_diverse,10,24,300,720,4,12,180,40,0.60,0.0023,3,3
and_or_diverse,10,24,300,720,4,12,180,40,0.70,0.0022,3,3
and_or_diverse,10,24,300,720,4,16,120,30,0.60,0.0023,3,3
and_or_diverse,10,24,300,720,4,16,120,30,0.70,0.0023,3,3
and_or_diverse,10,24,300,720,4,16,120,40,0.60,0.0022,3,3
and_or_diverse,10,24,300,720,4,16,120,40,0.70,0.0022,3,3
and_or_diverse,10,24,300,720,4,16,180,30,0.60,0.0022,3,3
and_or_diverse,10,24,300,720,4,16,180,30,0.70,0.0024,3,3
and_or_diverse,10,24,300,720,4,16,180,40,0.60,0.0023,3,3
and_or_diverse,10,24,300,720,4,16,180,40,0.70,0.0022,3,3
and_or_diverse,10,24,600,480,2,12,120,30,0.60,0.0022,3,3
and_or_diverse,10,24,600,480,2,12,120,30,0.70,0.0021,3,3
and_or_diverse,10,24,600,480,2,12,120,40,0.60,0.0021,3,3
and_or_diverse,10,24,600,480,2,12,120,40,0.70,0.0022,3,3
and_or_diverse,10,24,600,480,2,12,180,30,0.60,0.0021,3,3
and_or_diverse,10,24,600,480,2,12,180,30,0.70,0.0021,3,3
and_or_diverse,10,24,600,480,2,12,180,40,0.60,0.0022,3,3
and_or_diverse,10,24,600,480,2,12,180,40,0.70,0.0021,3,3
and_or_diverse,10,24,600,480,2,16,120,30,0.60,0.0021,3,3
and_or_diverse,10,24,600,480,2,16,120,30,0.70,0.0022,3,3
and_or_diverse,10,24,600,480,2,16,120,40,0.60,0.0028,3,3
and_or_diverse,10,24,600,480,2,16,120,40,0.70,0.0023,3,3
and_or_diverse,10,24,600,480,2,16,180,30,0.60,0.0022,3,3
and_or_diverse,10,24,600,480,2,16,180,30,0.70,0.0022,3,3
and_or_diverse,10,24,600,480,2,16,180,40,0.60,0.0022,3,3
and_or_diverse,10,24,600,480,2,16,180,40,0.70,0.0021,3,3
and_or_diverse,10,24,600,480,3,12,120,30,0.60,0.0028,3,3
and_or_diverse,10,24,600,480,3,12,120,30,0.70,0.0022,3,3
and_or_diverse,10,24,600,480,3,12,120,40,0.60,0.0022,3,3
and_or_diverse,10,24,600,480,3,12,120,40,0.70,0.0022,3,3
and_or_diverse,10,24,600,480,3,12,180,30,0.60,0.0024,3,3
and_or_diverse,10,24,600,480,3,12,180,30,0.70,0.0022,3,3
and_or_diverse,10,24,600,480,3,12,180,40,0.60,0.0022,3,3
and_or_diverse,10,24,600,480,3,12,180,40,0.70,0.0022,3,3
and_or_diverse,10,24,600,480,3,16,120,30,0.60,0.0023,3,3
and_or_diverse,10,24,600,480,3,16,120,30,0.70,0.0022,3,3
and_or_diverse,10,24,600,480,3,16,120,40,0.60,0.0022,3,3
and_or_diverse,10,24,600,480,3,16,120,40,0.70,0.0022,3,3
and_or_diverse,10,24,600,480,3,16,180,30,0.60,0.0022,3,3
and_or_diverse,10,24,600,480,3,16,180,30,0.70,0.0022,3,3
and_or_diverse,10,24,600,480,3,16,180,40,0.60,0.0022,3,3
and_or_diverse,10,24,600,480,3,16,180,40,0.70,0.0021,3,3
and_or_diverse,10,24,600,480,4,12,120,30,0.60,0.0022,3,3
and_or_diverse,10,24,600,480,4,12,120,30,0.70,0.0023,3,3
and_or_diverse,10,24,600,480,4,12,120,40,0.60,0.0022,3,3
and_or_diverse,10,24,600,480,4,12,120,40,0.70,0.0022,3,3
and_or_diverse,10,24,600,480,4,12,180,30,0.60,0.0022,3,3
and_or_diverse,10,24,600,480,4,12,180,30,0.70,0.0023,3,3
and_or_diverse,10,24,600,480,4,12,180,40,0.60,0.0023,3,3
and_or_diverse,10,24,600,480,4,12,180,40,0.70,0.0022,3,3
and_or_diverse,10,24,600,480,4,16,120,30,0.60,0.0023,3,3
and_or_diverse,10,24,600,480,4,16,120,30,0.70,0.0023,3,3
and_or_diverse,10,24,600,480,4,16,120,40,0.60,0.0023,3,3
and_or_diverse,10,24,600,480,4,16,120,40,0.70,0.0024,3,3
and_or_diverse,10,24,600,480,4,16,180,30,0.60,0.0023,3,3
and_or_diverse,10,24,600,480,4,16,180,30,0.70,0.0022,3,3
and_or_diverse,10,24,600,480,4,16,180,40,0.60,0.0023,3,3
and_or_diverse,10,24,600,480,4,16,180,40,0.70,0.0022,3,3
and_or_diverse,10,24,600,720,2,12,120,30,0.60,0.0023,3,3
and_or_diverse,10,24,600,720,2,12,120,30,0.70,0.0022,3,3
and_or_diverse,10,24,600,720,2,12,120,40,0.60,0.0023,3,3
and_or_diverse,10,24,600,720,2,12,120,40,0.70,0.0022,3,3
and_or_diverse,10,24,600,720,2,12,180,30,0.60,0.0022,3,3
and_or_diverse,10,24,600,720,2,12,180,30,0.70,0.0024,3,3
and_or_diverse,10,24,600,720,2,12,180,40,0.60,0.0024,3,3
and_or_diverse,10,24,600,720,2,12,180,40,0.70,0.0022,3,3
and_or_diverse,10,24,600,720,2,16,120,30,0.60,0.0023,3,3
and_or_diverse,10,24,600,720,2,16,120,30,0.70,0.0022,3,3
and_or_diverse,10,24,600,720,2,16,120,40,0.60,0.0022,3,3
and_or_diverse,10,24,600,720,2,16,120,40,0.70,0.0022,3,3
and_or_diverse,10,24,600,720,2,16,180,30,0.60,0.0022,3,3
and_or_diverse,10,24,600,720,2,16,180,30,0.70,0.0023,3,3
and_or_diverse,10,24,600,720,2,16,180,40,0.60,0.0024,3,3
and_or_diverse,10,24,600,720,2,16,180,40,0.70,0.0024,3,3
and_or_diverse,10,24,600,720,3,12,120,30,0.60,0.0024,3,3
and_or_diverse,10,24,600,720,3,12,120,30,0.70,0.0021,3,3
and_or_diverse,10,24,600,720,3,12,120,40,0.60,0.0022,3,3
and_or_diverse,10,24,600,720,3,12,120,40,0.70,0.0022,3,3
and_or_diverse,10,24,600,720,3,12,180,30,0.60,0.0022,3,3
and_or_diverse,10,24,600,720,3,12,180,30,0.70,0.0022,3,3
and_or_diverse,10,24,600,720,3,12,180,40,0.60,0.0022,3,3
and_or_diverse,10,24,600,720,3,12,180,40,0.70,0.0022,3,3
and_or_diverse,10,24,600,720,3,16,120,30,0.60,0.0022,3,3
and_or_diverse,10,24,600,720,3,16,120,30,0.70,0.0021,3,3
and_or_diverse,10,24,600,720,3,16,120,40,0.60,0.0021,3,3
and_or_diverse,10,24,600,720,3,16,120,40,0.70,0.0022,3,3
and_or_diverse,10,24,600,720,3,16,180,30,0.60,0.0022,3,3
and_or_diverse,10,24,600,720,3,16,180,30,0.70,0.0028,3,3
and_or_diverse,10,24,600,720,3,16,180,40,0.60,0.0023,3,3
and_or_diverse,10,24,600,720,3,16,180,40,0.70,0.0022,3,3
and_or_diverse,10,24,600,720,4,12,120,30,0.60,0.0023,3,3
and_or_diverse,10,24,600,720,4,12,120,30,0.70,0.0021,3,3
and_or_diverse,10,24,600,720,4,12,120,40,0.60,0.0024,3,3
and_or_diverse,10,24,600,720,4,12,120,40,0.70,0.0022,3,3
and_or_diverse,10,24,600,720,4,12,180,30,0.60,0.0023,3,3
and_or_diverse,10,24,600,720,4,12,180,30,0.70,0.0023,3,3
and_or_diverse,10,24,600,720,4,12,180,40,0.60,0.0022,3,3
and_or_diverse,10,24,600,720,4,12,180,40,0.70,0.0022,3,3
and_or_diverse,10,24,600,720,4,16,120,30,0.60,0.0022,3,3
and_or_diverse,10,24,600,720,4,16,120,30,0.70,0.0021,3,3
and_or_diverse,10,24,600,720,4,16,120,40,0.60,0.0026,3,3
and_or_diverse,10,24,600,720,4,16,120,40,0.70,0.0023,3,3
and_or_diverse,10,24,600,720,4,16,180,30,0.60,0.0026,3,3
and_or_diverse,10,24,600,720,4,16,180,30,0.70,0.0027,3,3
and_or_diverse,10,24,600,720,4,16,180,40,0.60,0.0027,3,3
and_or_diverse,10,24,600,720,4,16,180,40,0.70,0.0022,3,3
and_or_diverse,10,36,300,480,2,12,120,30,0.60,0.0023,3,3
and_or_diverse,10,36,300,480,2,12,120,30,0.70,0.0028,3,3
and_or_diverse,10,36,300,480,2,12,120,40,0.60,0.0026,3,3
and_or_diverse,10,36,300,480,2,12,120,40,0.70,0.0023,3,3
and_or_diverse,10,36,300,480,2,12,180,30,0.60,0.0024,3,3
and_or_diverse,10,36,300,480,2,12,180,30,0.70,0.0022,3,3
and_or_diverse,10,36,300,480,2,12,180,40,0.60,0.0022,3,3
and_or_diverse,10,36,300,480,2,12,180,40,0.70,0.0024,3,3
and_or_diverse,10,36,300,480,2,16,120,30,0.60,0.0022,3,3
and_or_diverse,10,36,300,480,2,16,120,30,0.70,0.0024,3,3
and_or_diverse,10,36,300,480,2,16,120,40,0.60,0.0023,3,3
and_or_diverse,10,36,300,480,2,16,120,40,0.70,0.0022,3,3
and_or_diverse,10,36,300,480,2,16,180,30,0.60,0.0023,3,3
and_or_diverse,10,36,300,480,2,16,180,30,0.70,0.0022,3,3
and_or_diverse,10,36,300,480,2,16,180,40,0.60,0.0021,3,3
and_or_diverse,10,36,300,480,2,16,180,40,0.70,0.0022,3,3
and_or_diverse,10,36,300,480,3,12,120,30,0.60,0.0024,3,3
and_or_diverse,10,36,300,480,3,12,120,30,0.70,0.0022,3,3
and_or_diverse,10,36,300,480,3,12,120,40,0.60,0.0023,3,3
and_or_diverse,10,36,300,480,3,12,120,40,0.70,0.0021,3,3
and_or_diverse,10,36,300,480,3,12,180,30,0.60,0.0021,3,3
and_or_diverse,10,36,300,480,3,12,180,30,0.70,0.0023,3,3
and_or_diverse,10,36,300,480,3,12,180,40,0.60,0.0022,3,3
and_or_diverse,10,36,300,480,3,12,180,40,0.70,0.0023,3,3
and_or_diverse,10,36,300,480,3,16,120,30,0.60,0.0022,3,3
and_or_diverse,10,36,300,480,3,16,120,30,0.70,0.0025,3,3
and_or_diverse,10,36,300,480,3,16,120,40,0.60,0.0023,3,3
and_or_diverse,10,36,300,480,3,16,120,40,0.70,0.0022,3,3
and_or_diverse,10,36,300,480,3,16,180,30,0.60,0.0022,3,3
and_or_diverse,10,36,300,480,3,16,180,30,0.70,0.0021,3,3
and_or_diverse,10,36,300,480,3,16,180,40,0.60,0.0021,3,3
and_or_diverse,10,36,300,480,3,16,180,40,0.70,0.0023,3,3
and_or_diverse,10,36,300,480,4,12,120,30,0.60,0.0021,3,3
and_or_diverse,10,36,300,480,4,12,120,30,0.70,0.0022,3,3
and_or_diverse,10,36,300,480,4,12,120,40,0.60,0.0022,3,3
and_or_diverse,10,36,300,480,4,12,120,40,0.70,0.0021,3,3
and_or_diverse,10,36,300,480,4,12,180,30,0.60,0.0021,3,3
and_or_diverse,10,36,300,480,4,12,180,30,0.70,0.0022,3,3
and_or_diverse,10,36,300,480,4,12,180,40,0.60,0.0021,3,3
and_or_diverse,10,36,300,480,4,12,180,40,0.70,0.0022,3,3
and_or_diverse,10,36,300,480,4,16,120,30,0.60,0.0022,3,3
and_or_diverse,10,36,300,480,4,16,120,30,0.70,0.0022,3,3
and_or_diverse,10,36,300,480,4,16,120,40,0.60,0.0022,3,3
and_or_diverse,10,36,300,480,4,16,120,40,0.70,0.0022,3,3
and_or_diverse,10,36,300,480,4,16,180,30,0.60,0.0021,3,3
and_or_diverse,10,36,300,480,4,16,180,30,0.70,0.0023,3,3
and_or_diverse,10,36,300,480,4,16,180,40,0.60,0.0022,3,3
and_or_diverse,10,36,300,480,4,16,180,40,0.70,0.0023,3,3
and_or_diverse,10,36,300,720,2,12,120,30,0.60,0.0024,3,3
and_or_diverse,10,36,300,720,2,12,120,30,0.70,0.0022,3,3
and_or_diverse,10,36,300,720,2,12,120,40,0.60,0.0027,3,3
and_or_diverse,10,36,300,720,2,12,120,40,0.70,0.0021,3,3
and_or_diverse,10,36,300,720,2,12,180,30,0.60,0.0021,3,3
and_or_diverse,10,36,300,720,2,12,180,30,0.70,0.0022,3,3
and_or_diverse,10,36,300,720,2,12,180,40,0.60,0.0022,3,3
and_or_diverse,10,36,300,720,2,12,180,40,0.70,0.0022,3,3
and_or_diverse,10,36,300,720,2,16,120,30,0.60,0.0022,3,3
and_or_diverse,10,36,300,720,2,16,120,30,0.70,0.0021,3,3
and_or_diverse,10,36,300,720,2,16,120,40,0.60,0.0021,3,3
and_or_diverse,10,36,300,720,2,16,120,40,0.70,0.0022,3,3
and_or_diverse,10,36,300,720,2,16,180,30,0.60,0.0021,3,3
and_or_diverse,10,36,300,720,2,16,180,30,0.70,0.0026,3,3
and_or_diverse,10,36,300,720,2,16,180,40,0.60,0.0021,3,3
and_or_diverse,10,36,300,720,2,16,180,40,0.70,0.0022,3,3
and_or_diverse,10,36,300,720,3,12,120,30,0.60,0.0021,3,3
and_or_diverse,10,36,300,720,3,12,120,30,0.70,0.0021,3,3
and_or_diverse,10,36,300,720,3,12,120,40,0.60,0.0021,3,3
and_or_diverse,10,36,300,720,3,12,120,40,0.70,0.0022,3,3
and_or_diverse,10,36,300,720,3,12,180,30,0.60,0.0022,3,3
and_or_diverse,10,36,300,720,3,12,180,30,0.70,0.0021,3,3
and_or_diverse,10,36,300,720,3,12,180,40,0.60,0.0022,3,3
and_or_diverse,10,36,300,720,3,12,180,40,0.70,0.0021,3,3
and_or_diverse,10,36,300,720,3,16,120,30,0.60,0.0021,3,3
and_or_diverse,10,36,300,720,3,16,120,30,0.70,0.0022,3,3
and_or_diverse,10,36,300,720,3,16,120,40,0.60,0.0022,3,3
and_or_diverse,10,36,300,720,3,16,120,40,0.70,0.0022,3,3
and_or_diverse,10,36,300,720,3,16,180,30,0.60,0.0023,3,3
and_or_diverse,10,36,300,720,3,16,180,30,0.70,0.0021,3,3
and_or_diverse,10,36,300,720,3,16,180,40,0.60,0.0021,3,3
and_or_diverse,10,36,300,720,3,16,180,40,0.70,0.0023,3,3
and_or_diverse,10,36,300,720,4,12,120,30,0.60,0.0021,3,3
and_or_diverse,10,36,300,720,4,12,120,30,0.70,0.0023,3,3
and_or_diverse,10,36,300,720,4,12,120,40,0.60,0.0022,3,3
and_or_diverse,10,36,300,720,4,12,120,40,0.70,0.0020,3,3
and_or_diverse,10,36,300,720,4,12,180,30,0.60,0.0021,3,3
and_or_diverse,10,36,300,720,4,12,180,30,0.70,0.0022,3,3
and_or_diverse,10,36,300,720,4,12,180,40,0.60,0.0021,3,3
and_or_diverse,10,36,300,720,4,12,180,40,0.70,0.0022,3,3
and_or_diverse,10,36,300,720,4,16,120,30,0.60,0.0022,3,3
and_or_diverse,10,36,300,720,4,16,120,30,0.70,0.0021,3,3
and_or_diverse,10,36,300,720,4,16,120,40,0.60,0.0022,3,3
and_or_diverse,10,36,300,720,4,16,120,40,0.70,0.0022,3,3
and_or_diverse,10,36,300,720,4,16,180,30,0.60,0.0026,3,3
and_or_diverse,10,36,300,720,4,16,180,30,0.70,0.0030,3,3
and_or_diverse,10,36,300,720,4,16,180,40,0.60,0.0031,3,3
and_or_diverse,10,36,300,720,4,16,180,40,0.70,0.0031,3,3
and_or_diverse,10,36,600,480,2,12,120,30,0.60,0.0024,3,3
and_or_diverse,10,36,600,480,2,12,120,30,0.70,0.0027,3,3
and_or_diverse,10,36,600,480,2,12,120,40,0.60,0.0023,3,3
and_or_diverse,10,36,600,480,2,12,120,40,0.70,0.0022,3,3
and_or_diverse,10,36,600,480,2,12,180,30,0.60,0.0024,3,3
and_or_diverse,10,36,600,480,2,12,180,30,0.70,0.0023,3,3
and_or_diverse,10,36,600,480,2,12,180,40,0.60,0.0024,3,3
and_or_diverse,10,36,600,480,2,12,180,40,0.70,0.0023,3,3
and_or_diverse,10,36,600,480,2,16,120,30,0.60,0.0021,3,3
and_or_diverse,10,36,600,480,2,16,120,30,0.70,0.0022,3,3
and_or_diverse,10,36,600,480,2,16,120,40,0.60,0.0023,3,3
and_or_diverse,10,36,600,480,2,16,120,40,0.70,0.0022,3,3
and_or_diverse,10,36,600,480,2,16,180,30,0.60,0.0024,3,3
and_or_diverse,10,36,600,480,2,16,180,30,0.70,0.0023,3,3
and_or_diverse,10,36,600,480,2,16,180,40,0.60,0.0024,3,3
and_or_diverse,10,36,600,480,2,16,180,40,0.70,0.0022,3,3
and_or_diverse,10,36,600,480,3,12,120,30,0.60,0.0021,3,3
and_or_diverse,10,36,600,480,3,12,120,30,0.70,0.0023,3,3
and_or_diverse,10,36,600,480,3,12,120,40,0.60,0.0024,3,3
and_or_diverse,10,36,600,480,3,12,120,40,0.70,0.0021,3,3
and_or_diverse,10,36,600,480,3,12,180,30,0.60,0.0021,3,3
and_or_diverse,10,36,600,480,3,12,180,30,0.70,0.0023,3,3
and_or_diverse,10,36,600,480,3,12,180,40,0.60,0.0023,3,3
and_or_diverse,10,36,600,480,3,12,180,40,0.70,0.0022,3,3
and_or_diverse,10,36,600,480,3,16,120,30,0.60,0.0022,3,3
and_or_diverse,10,36,600,480,3,16,120,30,0.70,0.0022,3,3
and_or_diverse,10,36,600,480,3,16,120,40,0.60,0.0025,3,3
and_or_diverse,10,36,600,480,3,16,120,40,0.70,0.0022,3,3
and_or_diverse,10,36,600,480,3,16,180,30,0.60,0.0023,3,3
and_or_diverse,10,36,600,480,3,16,180,30,0.70,0.0021,3,3
and_or_diverse,10,36,600,480,3,16,180,40,0.60,0.0021,3,3
and_or_diverse,10,36,600,480,3,16,180,40,0.70,0.0022,3,3
and_or_diverse,10,36,600,480,4,12,120,30,0.60,0.0027,3,3
and_or_diverse,10,36,600,480,4,12,120,30,0.70,0.0028,3,3
and_or_diverse,10,36,600,480,4,12,120,40,0.60,0.0026,3,3
and_or_diverse,10,36,600,480,4,12,120,40,0.70,0.0026,3,3
and_or_diverse,10,36,600,480,4,12,180,30,0.60,0.0022,3,3
and_or_diverse,10,36,600,480,4,12,180,30,0.70,0.0023,3,3
and_or_diverse,10,36,600,480,4,12,180,40,0.60,0.0022,3,3
and_or_diverse,10,36,600,480,4,12,180,40,0.70,0.0024,3,3
and_or_diverse,10,36,600,480,4,16,120,30,0.60,0.0023,3,3
and_or_diverse,10,36,600,480,4,16,120,30,0.70,0.0025,3,3
and_or_diverse,10,36,600,480,4,16,120,40,0.60,0.0028,3,3
and_or_diverse,10,36,600,480,4,16,120,40,0.70,0.0026,3,3
and_or_diverse,10,36,600,480,4,16,180,30,0.60,0.0025,3,3
and_or_diverse,10,36,600,480,4,16,180,30,0.70,0.0028,3,3
and_or_diverse,10,36,600,480,4,16,180,40,0.60,0.0031,3,3
and_or_diverse,10,36,600,480,4,16,180,40,0.70,0.0029,3,3
and_or_diverse,10,36,600,720,2,12,120,30,0.60,0.0024,3,3
and_or_diverse,10,36,600,720,2,12,120,30,0.70,0.0023,3,3
and_or_diverse,10,36,600,720,2,12,120,40,0.60,0.0027,3,3
and_or_diverse,10,36,600,720,2,12,120,40,0.70,0.0025,3,3
and_or_diverse,10,36,600,720,2,12,180,30,0.60,0.0029,3,3
and_or_diverse,10,36,600,720,2,12,180,30,0.70,0.0029,3,3
and_or_diverse,10,36,600,720,2,12,180,40,0.60,0.0031,3,3
and_or_diverse,10,36,600,720,2,12,180,40,0.70,0.0031,3,3
and_or_diverse,10,36,600,720,2,16,120,30,0.60,0.0024,3,3
and_or_diverse,10,36,600,720,2,16,120,30,0.70,0.0026,3,3
and_or_diverse,10,36,600,720,2,16,120,40,0.60,0.0026,3,3
and_or_diverse,10,36,600,720,2,16,120,40,0.70,0.0029,3,3
and_or_diverse,10,36,600,720,2,16,180,30,0.60,0.0024,3,3
and_or_diverse,10,36,600,720,2,16,180,30,0.70,0.0021,3,3
and_or_diverse,10,36,600,720,2,16,180,40,0.60,0.0022,3,3
and_or_diverse,10,36,600,720,2,16,180,40,0.70,0.0024,3,3
and_or_diverse,10,36,600,720,3,12,120,30,0.60,0.0025,3,3
and_or_diverse,10,36,600,720,3,12,120,30,0.70,0.0025,3,3
and_or_diverse,10,36,600,720,3,12,120,40,0.60,0.0024,3,3
and_or_diverse,10,36,600,720,3,12,120,40,0.70,0.0024,3,3
and_or_diverse,10,36,600,720,3,12,180,30,0.60,0.0025,3,3
and_or_diverse,10,36,600,720,3,12,180,30,0.70,0.0028,3,3
and_or_diverse,10,36,600,720,3,12,180,40,0.60,0.0023,3,3
and_or_diverse,10,36,600,720,3,12,180,40,0.70,0.0024,3,3
and_or_diverse,10,36,600,720,3,16,120,30,0.60,0.0023,3,3
and_or_diverse,10,36,600,720,3,16,120,30,0.70,0.0030,3,3
and_or_diverse,10,36,600,720,3,16,120,40,0.60,0.0028,3,3
and_or_diverse,10,36,600,720,3,16,120,40,0.70,0.0027,3,3
and_or_diverse,10,36,600,720,3,16,180,30,0.60,0.0023,3,3
and_or_diverse,10,36,600,720,3,16,180,30,0.70,0.0030,3,3
and_or_diverse,10,36,600,720,3,16,180,40,0.60,0.0023,3,3
and_or_diverse,10,36,600,720,3,16,180,40,0.70,0.0022,3,3
and_or_diverse,10,36,600,720,4,12,120,30,0.60,0.0022,3,3
and_or_diverse,10,36,600,720,4,12,120,30,0.70,0.0022,3,3
and_or_diverse,10,36,600,720,4,12,120,40,0.60,0.0024,3,3
and_or_diverse,10,36,600,720,4,12,120,40,0.70,0.0023,3,3
and_or_diverse,10,36,600,720,4,12,180,30,0.60,0.0021,3,3
and_or_diverse,10,36,600,720,4,12,180,30,0.70,0.0023,3,3
and_or_diverse,10,36,600,720,4,12,180,40,0.60,0.0022,3,3
and_or_diverse,10,36,600,720,4,12,180,40,0.70,0.0023,3,3
and_or_diverse,10,36,600,720,4,16,120,30,0.60,0.0024,3,3
and_or_diverse,10,36,600,720,4,16,120,30,0.70,0.0023,3,3
and_or_diverse,10,36,600,720,4,16,120,40,0.60,0.0023,3,3
and_or_diverse,10,36,600,720,4,16,120,40,0.70,0.0022,3,3
and_or_diverse,10,36,600,720,4,16,180,30,0.60,0.0024,3,3
and_or_diverse,10,36,600,720,4,16,180,30,0.70,0.0022,3,3
and_or_diverse,10,36,600,720,4,16,180,40,0.60,0.0022,3,3
and_or_diverse,10,36,600,720,4,16,180,40,0.70,0.0024,3,3
and_or_diverse,10,48,300,480,2,12,120,30,0.60,0.0022,3,3
and_or_diverse,10,48,300,480,2,12,120,30,0.70,0.0023,3,3
and_or_diverse,10,48,300,480,2,12,120,40,0.60,0.0023,3,3
and_or_diverse,10,48,300,480,2,12,120,40,0.70,0.0022,3,3
and_or_diverse,10,48,300,480,2,12,180,30,0.60,0.0023,3,3
and_or_diverse,10,48,300,480,2,12,180,30,0.70,0.0022,3,3
and_or_diverse,10,48,300,480,2,12,180,40,0.60,0.0022,3,3
and_or_diverse,10,48,300,480,2,12,180,40,0.70,0.0025,3,3
and_or_diverse,10,48,300,480,2,16,120,30,0.60,0.0022,3,3
and_or_diverse,10,48,300,480,2,16,120,30,0.70,0.0023,3,3
and_or_diverse,10,48,300,480,2,16,120,40,0.60,0.0023,3,3
and_or_diverse,10,48,300,480,2,16,120,40,0.70,0.0022,3,3
and_or_diverse,10,48,300,480,2,16,180,30,0.60,0.0025,3,3
and_or_diverse,10,48,300,480,2,16,180,30,0.70,0.0021,3,3
and_or_diverse,10,48,300,480,2,16,180,40,0.60,0.0022,3,3
and_or_diverse,10,48,300,480,2,16,180,40,0.70,0.0023,3,3
and_or_diverse,10,48,300,480,3,12,120,30,0.60,0.0022,3,3
and_or_diverse,10,48,300,480,3,12,120,30,0.70,0.0023,3,3
and_or_diverse,10,48,300,480,3,12,120,40,0.60,0.0025,3,3
and_or_diverse,10,48,300,480,3,12,120,40,0.70,0.0026,3,3
and_or_diverse,10,48,300,480,3,12,180,30,0.60,0.0025,3,3
and_or_diverse,10,48,300,480,3,12,180,30,0.70,0.0023,3,3
and_or_diverse,10,48,300,480,3,12,180,40,0.60,0.0023,3,3
and_or_diverse,10,48,300,480,3,12,180,40,0.70,0.0022,3,3
and_or_diverse,10,48,300,480,3,16,120,30,0.60,0.0024,3,3
and_or_diverse,10,48,300,480,3,16,120,30,0.70,0.0022,3,3
and_or_diverse,10,48,300,480,3,16,120,40,0.60,0.0022,3,3
and_or_diverse,10,48,300,480,3,16,120,40,0.70,0.0022,3,3
and_or_diverse,10,48,300,480,3,16,180,30,0.60,0.0024,3,3
and_or_diverse,10,48,300,480,3,16,180,30,0.70,0.0024,3,3
and_or_diverse,10,48,300,480,3,16,180,40,0.60,0.0023,3,3
and_or_diverse,10,48,300,480,3,16,180,40,0.70,0.0023,3,3
and_or_diverse,10,48,300,480,4,12,120,30,0.60,0.0023,3,3
and_or_diverse,10,48,300,480,4,12,120,30,0.70,0.0022,3,3
and_or_diverse,10,48,300,480,4,12,120,40,0.60,0.0022,3,3
and_or_diverse,10,48,300,480,4,12,120,40,0.70,0.0024,3,3
and_or_diverse,10,48,300,480,4,12,180,30,0.60,0.0022,3,3
and_or_diverse,10,48,300,480,4,12,180,30,0.70,0.0023,3,3
and_or_diverse,10,48,300,480,4,12,180,40,0.60,0.0022,3,3
and_or_diverse,10,48,300,480,4,12,180,40,0.70,0.0023,3,3
and_or_diverse,10,48,300,480,4,16,120,30,0.60,0.0023,3,3
and_or_diverse,10,48,300,480,4,16,120,30,0.70,0.0022,3,3
and_or_diverse,10,48,300,480,4,16,120,40,0.60,0.0023,3,3
and_or_diverse,10,48,300,480,4,16,120,40,0.70,0.0022,3,3
and_or_diverse,10,48,300,480,4,16,180,30,0.60,0.0024,3,3
and_or_diverse,10,48,300,480,4,16,180,30,0.70,0.0023,3,3
and_or_diverse,10,48,300,480,4,16,180,40,0.60,0.0023,3,3
and_or_diverse,10,48,300,480,4,16,180,40,0.70,0.0023,3,3
and_or_diverse,10,48,300,720,2,12,120,30,0.60,0.0021,3,3
and_or_diverse,10,48,300,720,2,12,120,30,0.70,0.0023,3,3
and_or_diverse,10,48,300,720,2,12,120,40,0.60,0.0023,3,3
and_or_diverse,10,48,300,720,2,12,120,40,0.70,0.0022,3,3
and_or_diverse,10,48,300,720,2,12,180,30,0.60,0.0023,3,3
and_or_diverse,10,48,300,720,2,12,180,30,0.70,0.0022,3,3
and_or_diverse,10,48,300,720,2,12,180,40,0.60,0.0022,3,3
and_or_diverse,10,48,300,720,2,12,180,40,0.70,0.0024,3,3
and_or_diverse,10,48,300,720,2,16,120,30,0.60,0.0022,3,3
and_or_diverse,10,48,300,720,2,16,120,30,0.70,0.0023,3,3
and_or_diverse,10,48,300,720,2,16,120,40,0.60,0.0023,3,3
and_or_diverse,10,48,300,720,2,16,120,40,0.70,0.0021,3,3
and_or_diverse,10,48,300,720,2,16,180,30,0.60,0.0022,3,3
and_or_diverse,10,48,300,720,2,16,180,30,0.70,0.0023,3,3
and_or_diverse,10,48,300,720,2,16,180,40,0.60,0.0021,3,3
and_or_diverse,10,48,300,720,2,16,180,40,0.70,0.0023,3,3
and_or_diverse,10,48,300,720,3,12,120,30,0.60,0.0024,3,3
and_or_diverse,10,48,300,720,3,12,120,30,0.70,0.0022,3,3
and_or_diverse,10,48,300,720,3,12,120,40,0.60,0.0023,3,3
and_or_diverse,10,48,300,720,3,12,120,40,0.70,0.0022,3,3
and_or_diverse,10,48,300,720,3,12,180,30,0.60,0.0022,3,3
and_or_diverse,10,48,300,720,3,12,180,30,0.70,0.0022,3,3
and_or_diverse,10,48,300,720,3,12,180,40,0.60,0.0021,3,3
and_or_diverse,10,48,300,720,3,12,180,40,0.70,0.0023,3,3
and_or_diverse,10,48,300,720,3,16,120,30,0.60,0.0022,3,3
and_or_diverse,10,48,300,720,3,16,120,30,0.70,0.0030,3,3
and_or_diverse,10,48,300,720,3,16,120,40,0.60,0.0024,3,3
and_or_diverse,10,48,300,720,3,16,120,40,0.70,0.0032,3,3
and_or_diverse,10,48,300,720,3,16,180,30,0.60,0.0028,3,3
and_or_diverse,10,48,300,720,3,16,180,30,0.70,0.0028,3,3
and_or_diverse,10,48,300,720,3,16,180,40,0.60,0.0027,3,3
and_or_diverse,10,48,300,720,3,16,180,40,0.70,0.0025,3,3
and_or_diverse,10,48,300,720,4,12,120,30,0.60,0.0030,3,3
and_or_diverse,10,48,300,720,4,12,120,30,0.70,0.0025,3,3
and_or_diverse,10,48,300,720,4,12,120,40,0.60,0.0028,3,3
and_or_diverse,10,48,300,720,4,12,120,40,0.70,0.0026,3,3
and_or_diverse,10,48,300,720,4,12,180,30,0.60,0.0025,3,3
and_or_diverse,10,48,300,720,4,12,180,30,0.70,0.0022,3,3
and_or_diverse,10,48,300,720,4,12,180,40,0.60,0.0025,3,3
and_or_diverse,10,48,300,720,4,12,180,40,0.70,0.0023,3,3
and_or_diverse,10,48,300,720,4,16,120,30,0.60,0.0022,3,3
and_or_diverse,10,48,300,720,4,16,120,30,0.70,0.0023,3,3
and_or_diverse,10,48,300,720,4,16,120,40,0.60,0.0023,3,3
and_or_diverse,10,48,300,720,4,16,120,40,0.70,0.0023,3,3
and_or_diverse,10,48,300,720,4,16,180,30,0.60,0.0024,3,3
and_or_diverse,10,48,300,720,4,16,180,30,0.70,0.0025,3,3
and_or_diverse,10,48,300,720,4,16,180,40,0.60,0.0024,3,3
and_or_diverse,10,48,300,720,4,16,180,40,0.70,0.0025,3,3
and_or_diverse,10,48,600,480,2,12,120,30,0.60,0.0026,3,3
and_or_diverse,10,48,600,480,2,12,120,30,0.70,0.0025,3,3
and_or_diverse,10,48,600,480,2,12,120,40,0.60,0.0025,3,3
and_or_diverse,10,48,600,480,2,12,120,40,0.70,0.0023,3,3
and_or_diverse,10,48,600,480,2,12,180,30,0.60,0.0025,3,3
and_or_diverse,10,48,600,480,2,12,180,30,0.70,0.0022,3,3
and_or_diverse,10,48,600,480,2,12,180,40,0.60,0.0024,3,3
and_or_diverse,10,48,600,480,2,12,180,40,0.70,0.0024,3,3
and_or_diverse,10,48,600,480,2,16,120,30,0.60,0.0025,3,3
and_or_diverse,10,48,600,480,2,16,120,30,0.70,0.0026,3,3
and_or_diverse,10,48,600,480,2,16,120,40,0.60,0.0024,3,3
and_or_diverse,10,48,600,480,2,16,120,40,0.70,0.0022,3,3
and_or_diverse,10,48,600,480,2,16,180,30,0.60,0.0024,3,3
and_or_diverse,10,48,600,480,2,16,180,30,0.70,0.0023,3,3
and_or_diverse,10,48,600,480,2,16,180,40,0.60,0.0022,3,3
and_or_diverse,10,48,600,480,2,16,180,40,0.70,0.0024,3,3
and_or_diverse,10,48,600,480,3,12,120,30,0.60,0.0023,3,3
and_or_diverse,10,48,600,480,3,12,120,30,0.70,0.0025,3,3
and_or_diverse,10,48,600,480,3,12,120,40,0.60,0.0025,3,3
and_or_diverse,10,48,600,480,3,12,120,40,0.70,0.0024,3,3
and_or_diverse,10,48,600,480,3,12,180,30,0.60,0.0025,3,3
and_or_diverse,10,48,600,480,3,12,180,30,0.70,0.0025,3,3
and_or_diverse,10,48,600,480,3,12,180,40,0.60,0.0022,3,3
and_or_diverse,10,48,600,480,3,12,180,40,0.70,0.0022,3,3
and_or_diverse,10,48,600,480,3,16,120,30,0.60,0.0023,3,3
and_or_diverse,10,48,600,480,3,16,120,30,0.70,0.0022,3,3
and_or_diverse,10,48,600,480,3,16,120,40,0.60,0.0022,3,3
and_or_diverse,10,48,600,480,3,16,120,40,0.70,0.0023,3,3
and_or_diverse,10,48,600,480,3,16,180,30,0.60,0.0022,3,3
and_or_diverse,10,48,600,480,3,16,180,30,0.70,0.0023,3,3
and_or_diverse,10,48,600,480,3,16,180,40,0.60,0.0023,3,3
and_or_diverse,10,48,600,480,3,16,180,40,0.70,0.0023,3,3
and_or_diverse,10,48,600,480,4,12,120,30,0.60,0.0024,3,3
and_or_diverse,10,48,600,480,4,12,120,30,0.70,0.0024,3,3
and_or_diverse,10,48,600,480,4,12,120,40,0.60,0.0023,3,3
and_or_diverse,10,48,600,480,4,12,120,40,0.70,0.0023,3,3
and_or_diverse,10,48,600,480,4,12,180,30,0.60,0.0025,3,3
and_or_diverse,10,48,600,480,4,12,180,30,0.70,0.0024,3,3
and_or_diverse,10,48,600,480,4,12,180,40,0.60,0.0021,3,3
and_or_diverse,10,48,600,480,4,12,180,40,0.70,0.0022,3,3
and_or_diverse,10,48,600,480,4,16,120,30,0.60,0.0024,3,3
and_or_diverse,10,48,600,480,4,16,120,30,0.70,0.0025,3,3
and_or_diverse,10,48,600,480,4,16,120,40,0.60,0.0023,3,3
and_or_diverse,10,48,600,480,4,16,120,40,0.70,0.0022,3,3
and_or_diverse,10,48,600,480,4,16,180,30,0.60,0.0023,3,3
and_or_diverse,10,48,600,480,4,16,180,30,0.70,0.0023,3,3
and_or_diverse,10,48,600,480,4,16,180,40,0.60,0.0024,3,3
and_or_diverse,10,48,600,480,4,16,180,40,0.70,0.0027,3,3
and_or_diverse,10,48,600,720,2,12,120,30,0.60,0.0024,3,3
and_or_diverse,10,48,600,720,2,12,120,30,0.70,0.0023,3,3
and_or_diverse,10,48,600,720,2,12,120,40,0.60,0.0022,3,3
and_or_diverse,10,48,600,720,2,12,120,40,0.70,0.0023,3,3
and_or_diverse,10,48,600,720,2,12,180,30,0.60,0.0024,3,3
and_or_diverse,10,48,600,720,2,12,180,30,0.70,0.0022,3,3
and_or_diverse,10,48,600,720,2,12,180,40,0.60,0.0023,3,3
and_or_diverse,10,48,600,720,2,12,180,40,0.70,0.0022,3,3
and_or_diverse,10,48,600,720,2,16,120,30,0.60,0.0022,3,3
and_or_diverse,10,48,600,720,2,16,120,30,0.70,0.0022,3,3
and_or_diverse,10,48,600,720,2,16,120,40,0.60,0.0021,3,3
and_or_diverse,10,48,600,720,2,16,120,40,0.70,0.0024,3,3
and_or_diverse,10,48,600,720,2,16,180,30,0.60,0.0023,3,3
and_or_diverse,10,48,600,720,2,16,180,30,0.70,0.0023,3,3
and_or_diverse,10,48,600,720,2,16,180,40,0.60,0.0022,3,3
and_or_diverse,10,48,600,720,2,16,180,40,0.70,0.0021,3,3
and_or_diverse,10,48,600,720,3,12,120,30,0.60,0.0025,3,3
and_or_diverse,10,48,600,720,3,12,120,30,0.70,0.0024,3,3
and_or_diverse,10,48,600,720,3,12,120,40,0.60,0.0024,3,3
and_or_diverse,10,48,600,720,3,12,120,40,0.70,0.0026,3,3
and_or_diverse,10,48,600,720,3,12,180,30,0.60,0.0023,3,3
and_or_diverse,10,48,600,720,3,12,180,30,0.70,0.0025,3,3
and_or_diverse,10,48,600,720,3,12,180,40,0.60,0.0026,3,3
and_or_diverse,10,48,600,720,3,12,180,40,0.70,0.0025,3,3
and_or_diverse,10,48,600,720,3,16,120,30,0.60,0.0022,3,3
and_or_diverse,10,48,600,720,3,16,120,30,0.70,0.0023,3,3
and_or_diverse,10,48,600,720,3,16,120,40,0.60,0.0024,3,3
and_or_diverse,10,48,600,720,3,16,120,40,0.70,0.0023,3,3
and_or_diverse,10,48,600,720,3,16,180,30,0.60,0.0024,3,3
and_or_diverse,10,48,600,720,3,16,180,30,0.70,0.0022,3,3
and_or_diverse,10,48,600,720,3,16,180,40,0.60,0.0023,3,3
and_or_diverse,10,48,600,720,3,16,180,40,0.70,0.0021,3,3
and_or_diverse,10,48,600,720,4,12,120,30,0.60,0.0022,3,3
and_or_diverse,10,48,600,720,4,12,120,30,0.70,0.0024,3,3
and_or_diverse,10,48,600,720,4,12,120,40,0.60,0.0022,3,3
and_or_diverse,10,48,600,720,4,12,120,40,0.70,0.0025,3,3
and_or_diverse,10,48,600,720,4,12,180,30,0.60,0.0021,3,3
and_or_diverse,10,48,600,720,4,12,180,30,0.70,0.0023,3,3
and_or_diverse,10,48,600,720,4,12,180,40,0.60,0.0024,3,3
and_or_diverse,10,48,600,720,4,12,180,40,0.70,0.0024,3,3
and_or_diverse,10,48,600,720,4,16,120,30,0.60,0.0023,3,3
and_or_diverse,10,48,600,720,4,16,120,30,0.70,0.0023,3,3
and_or_diverse,10,48,600,720,4,16,120,40,0.60,0.0027,3,3
and_or_diverse,10,48,600,720,4,16,120,40,0.70,0.0022,3,3
and_or_diverse,10,48,600,720,4,16,180,30,0.60,0.0023,3,3
and_or_diverse,10,48,600,720,4,16,180,30,0.70,0.0021,3,3
and_or_diverse,10,48,600,720,4,16,180,40,0.60,0.0022,3,3
and_or_diverse,10,48,600,720,4,16,180,40,0.70,0.0023,3,3
and_or_diverse,12,24,300,480,2,12,120,30,0.60,0.0022,3,3
and_or_diverse,12,24,300,480,2,12,120,30,0.70,0.0024,3,3
and_or_diverse,12,24,300,480,2,12,120,40,0.60,0.0025,3,3
and_or_diverse,12,24,300,480,2,12,120,40,0.70,0.0022,3,3
and_or_diverse,12,24,300,480,2,12,180,30,0.60,0.0022,3,3
and_or_diverse,12,24,300,480,2,12,180,30,0.70,0.0023,3,3
and_or_diverse,12,24,300,480,2,12,180,40,0.60,0.0022,3,3
and_or_diverse,12,24,300,480,2,12,180,40,0.70,0.0023,3,3
and_or_diverse,12,24,300,480,2,16,120,30,0.60,0.0021,3,3
and_or_diverse,12,24,300,480,2,16,120,30,0.70,0.0023,3,3
and_or_diverse,12,24,300,480,2,16,120,40,0.60,0.0023,3,3
and_or_diverse,12,24,300,480,2,16,120,40,0.70,0.0022,3,3
and_or_diverse,12,24,300,480,2,16,180,30,0.60,0.0024,3,3
and_or_diverse,12,24,300,480,2,16,180,30,0.70,0.0022,3,3
and_or_diverse,12,24,300,480,2,16,180,40,0.60,0.0021,3,3
and_or_diverse,12,24,300,480,2,16,180,40,0.70,0.0022,3,3
and_or_diverse,12,24,300,480,3,12,120,30,0.60,0.0022,3,3
and_or_diverse,12,24,300,480,3,12,120,30,0.70,0.0022,3,3
and_or_diverse,12,24,300,480,3,12,120,40,0.60,0.0023,3,3
and_or_diverse,12,24,300,480,3,12,120,40,0.70,0.0022,3,3
and_or_diverse,12,24,300,480,3,12,180,30,0.60,0.0025,3,3
and_or_diverse,12,24,300,480,3,12,180,30,0.70,0.0022,3,3
and_or_diverse,12,24,300,480,3,12,180,40,0.60,0.0022,3,3
and_or_diverse,12,24,300,480,3,12,180,40,0.70,0.0023,3,3
and_or_diverse,12,24,300,480,3,16,120,30,0.60,0.0022,3,3
and_or_diverse,12,24,300,480,3,16,120,30,0.70,0.0023,3,3
and_or_diverse,12,24,300,480,3,16,120,40,0.60,0.0023,3,3
and_or_diverse,12,24,300,480,3,16,120,40,0.70,0.0024,3,3
and_or_diverse,12,24,300,480,3,16,180,30,0.60,0.0027,3,3
and_or_diverse,12,24,300,480,3,16,180,30,0.70,0.0022,3,3
and_or_diverse,12,24,300,480,3,16,180,40,0.60,0.0023,3,3
and_or_diverse,12,24,300,480,3,16,180,40,0.70,0.0022,3,3
and_or_diverse,12,24,300,480,4,12,120,30,0.60,0.0022,3,3
and_or_diverse,12,24,300,480,4,12,120,30,0.70,0.0022,3,3
and_or_diverse,12,24,300,480,4,12,120,40,0.60,0.0022,3,3
and_or_diverse,12,24,300,480,4,12,120,40,0.70,0.0022,3,3
and_or_diverse,12,24,300,480,4,12,180,30,0.60,0.0024,3,3
and_or_diverse,12,24,300,480,4,12,180,30,0.70,0.0023,3,3
and_or_diverse,12,24,300,480,4,12,180,40,0.60,0.0023,3,3
and_or_diverse,12,24,300,480,4,12,180,40,0.70,0.0022,3,3
and_or_diverse,12,24,300,480,4,16,120,30,0.60,0.0023,3,3
and_or_diverse,12,24,300,480,4,16,120,30,0.70,0.0022,3,3
and_or_diverse,12,24,300,480,4,16,120,40,0.60,0.0022,3,3
and_or_diverse,12,24,300,480,4,16,120,40,0.70,0.0023,3,3
and_or_diverse,12,24,300,480,4,16,180,30,0.60,0.0025,3,3
and_or_diverse,12,24,300,480,4,16,180,30,0.70,0.0026,3,3
and_or_diverse,12,24,300,480,4,16,180,40,0.60,0.0024,3,3
and_or_diverse,12,24,300,480,4,16,180,40,0.70,0.0025,3,3
and_or_diverse,12,24,300,720,2,12,120,30,0.60,0.0023,3,3
and_or_diverse,12,24,300,720,2,12,120,30,0.70,0.0025,3,3
and_or_diverse,12,24,300,720,2,12,120,40,0.60,0.0024,3,3
and_or_diverse,12,24,300,720,2,12,120,40,0.70,0.0023,3,3
and_or_diverse,12,24,300,720,2,12,180,30,0.60,0.0024,3,3
and_or_diverse,12,24,300,720,2,12,180,30,0.70,0.0023,3,3
and_or_diverse,12,24,300,720,2,12,180,40,0.60,0.0028,3,3
and_or_diverse,12,24,300,720,2,12,180,40,0.70,0.0023,3,3
and_or_diverse,12,24,300,720,2,16,120,30,0.60,0.0023,3,3
and_or_diverse,12,24,300,720,2,16,120,30,0.70,0.0022,3,3
and_or_diverse,12,24,300,720,2,16,120,40,0.60,0.0023,3,3
and_or_diverse,12,24,300,720,2,16,120,40,0.70,0.0023,3,3
and_or_diverse,12,24,300,720,2,16,180,30,0.60,0.0022,3,3
and_or_diverse,12,24,300,720,2,16,180,30,0.70,0.0024,3,3
and_or_diverse,12,24,300,720,2,16,180,40,0.60,0.0026,3,3
and_or_diverse,12,24,300,720,2,16,180,40,0.70,0.0023,3,3
and_or_diverse,12,24,300,720,3,12,120,30,0.60,0.0023,3,3
and_or_diverse,12,24,300,720,3,12,120,30,0.70,0.0022,3,3
and_or_diverse,12,24,300,720,3,12,120,40,0.60,0.0024,3,3
and_or_diverse,12,24,300,720,3,12,120,40,0.70,0.0023,3,3
and_or_diverse,12,24,300,720,3,12,180,30,0.60,0.0025,3,3
and_or_diverse,12,24,300,720,3,12,180,30,0.70,0.0023,3,3
and_or_diverse,12,24,300,720,3,12,180,40,0.60,0.0023,3,3
and_or_diverse,12,24,300,720,3,12,180,40,0.70,0.0024,3,3
and_or_diverse,12,24,300,720,3,16,120,30,0.60,0.0027,3,3
and_or_diverse,12,24,300,720,3,16,120,30,0.70,0.0027,3,3
and_or_diverse,12,24,300,720,3,16,120,40,0.60,0.0023,3,3
and_or_diverse,12,24,300,720,3,16,120,40,0.70,0.0024,3,3
and_or_diverse,12,24,300,720,3,16,180,30,0.60,0.0023,3,3
and_or_diverse,12,24,300,720,3,16,180,30,0.70,0.0024,3,3
and_or_diverse,12,24,300,720,3,16,180,40,0.60,0.0024,3,3
and_or_diverse,12,24,300,720,3,16,180,40,0.70,0.0023,3,3
and_or_diverse,12,24,300,720,4,12,120,30,0.60,0.0025,3,3
and_or_diverse,12,24,300,720,4,12,120,30,0.70,0.0024,3,3
and_or_diverse,12,24,300,720,4,12,120,40,0.60,0.0025,3,3
and_or_diverse,12,24,300,720,4,12,120,40,0.70,0.0025,3,3
and_or_diverse,12,24,300,720,4,12,180,30,0.60,0.0026,3,3
and_or_diverse,12,24,300,720,4,12,180,30,0.70,0.0022,3,3
and_or_diverse,12,24,300,720,4,12,180,40,0.60,0.0025,3,3
and_or_diverse,12,24,300,720,4,12,180,40,0.70,0.0023,3,3
and_or_diverse,12,24,300,720,4,16,120,30,0.60,0.0023,3,3
and_or_diverse,12,24,300,720,4,16,120,30,0.70,0.0024,3,3
and_or_diverse,12,24,300,720,4,16,120,40,0.60,0.0028,3,3
and_or_diverse,12,24,300,720,4,16,120,40,0.70,0.0028,3,3
and_or_diverse,12,24,300,720,4,16,180,30,0.60,0.0021,3,3
and_or_diverse,12,24,300,720,4,16,180,30,0.70,0.0023,3,3
and_or_diverse,12,24,300,720,4,16,180,40,0.60,0.0024,3,3
and_or_diverse,12,24,300,720,4,16,180,40,0.70,0.0024,3,3
and_or_diverse,12,24,600,480,2,12,120,30,0.60,0.0024,3,3
and_or_diverse,12,24,600,480,2,12,120,30,0.70,0.0024,3,3
and_or_diverse,12,24,600,480,2,12,120,40,0.60,0.0022,3,3
and_or_diverse,12,24,600,480,2,12,120,40,0.70,0.0021,3,3
and_or_diverse,12,24,600,480,2,12,180,30,0.60,0.0024,3,3
and_or_diverse,12,24,600,480,2,12,180,30,0.70,0.0026,3,3
and_or_diverse,12,24,600,480,2,12,180,40,0.60,0.0029,3,3
and_or_diverse,12,24,600,480,2,12,180,40,0.70,0.0022,3,3
and_or_diverse,12,24,600,480,2,16,120,30,0.60,0.0033,3,3
and_or_diverse,12,24,600,480,2,16,120,30,0.70,0.0024,3,3
and_or_diverse,12,24,600,480,2,16,120,40,0.60,0.0026,3,3
and_or_diverse,12,24,600,480,2,16,120,40,0.70,0.0024,3,3
and_or_diverse,12,24,600,480,2,16,180,30,0.60,0.0025,3,3
and_or_diverse,12,24,600,480,2,16,180,30,0.70,0.0023,3,3
and_or_diverse,12,24,600,480,2,16,180,40,0.60,0.0023,3,3
and_or_diverse,12,24,600,480,2,16,180,40,0.70,0.0023,3,3
and_or_diverse,12,24,600,480,3,12,120,30,0.60,0.0023,3,3
and_or_diverse,12,24,600,480,3,12,120,30,0.70,0.0025,3,3
and_or_diverse,12,24,600,480,3,12,120,40,0.60,0.0024,3,3
and_or_diverse,12,24,600,480,3,12,120,40,0.70,0.0024,3,3
and_or_diverse,12,24,600,480,3,12,180,30,0.60,0.0025,3,3
and_or_diverse,12,24,600,480,3,12,180,30,0.70,0.0026,3,3
and_or_diverse,12,24,600,480,3,12,180,40,0.60,0.0025,3,3
and_or_diverse,12,24,600,480,3,12,180,40,0.70,0.0026,3,3
and_or_diverse,12,24,600,480,3,16,120,30,0.60,0.0024,3,3
and_or_diverse,12,24,600,480,3,16,120,30,0.70,0.0022,3,3
and_or_diverse,12,24,600,480,3,16,120,40,0.60,0.0023,3,3
and_or_diverse,12,24,600,480,3,16,120,40,0.70,0.0023,3,3
and_or_diverse,12,24,600,480,3,16,180,30,0.60,0.0023,3,3
and_or_diverse,12,24,600,480,3,16,180,30,0.70,0.0023,3,3
and_or_diverse,12,24,600,480,3,16,180,40,0.60,0.0024,3,3
and_or_diverse,12,24,600,480,3,16,180,40,0.70,0.0025,3,3
and_or_diverse,12,24,600,480,4,12,120,30,0.60,0.0024,3,3
and_or_diverse,12,24,600,480,4,12,120,30,0.70,0.0024,3,3
and_or_diverse,12,24,600,480,4,12,120,40,0.60,0.0025,3,3
and_or_diverse,12,24,600,480,4,12,120,40,0.70,0.0026,3,3
and_or_diverse,12,24,600,480,4,12,180,30,0.60,0.0023,3,3
and_or_diverse,12,24,600,480,4,12,180,30,0.70,0.0023,3,3
and_or_diverse,12,24,600,480,4,12,180,40,0.60,0.0024,3,3
and_or_diverse,12,24,600,480,4,12,180,40,0.70,0.0021,3,3
and_or_diverse,12,24,600,480,4,16,120,30,0.60,0.0023,3,3
and_or_diverse,12,24,600,480,4,16,120,30,0.70,0.0023,3,3
and_or_diverse,12,24,600,480,4,16,120,40,0.60,0.0023,3,3
and_or_diverse,12,24,600,480,4,16,120,40,0.70,0.0023,3,3
and_or_diverse,12,24,600,480,4,16,180,30,0.60,0.0022,3,3
and_or_diverse,12,24,600,480,4,16,180,30,0.70,0.0024,3,3
and_or_diverse,12,24,600,480,4,16,180,40,0.60,0.0024,3,3
and_or_diverse,12,24,600,480,4,16,180,40,0.70,0.0024,3,3
and_or_diverse,12,24,600,720,2,12,120,30,0.60,0.0024,3,3
and_or_diverse,12,24,600,720,2,12,120,30,0.70,0.0023,3,3
and_or_diverse,12,24,600,720,2,12,120,40,0.60,0.0024,3,3
and_or_diverse,12,24,600,720,2,12,120,40,0.70,0.0022,3,3
and_or_diverse,12,24,600,720,2,12,180,30,0.60,0.0023,3,3
and_or_diverse,12,24,600,720,2,12,180,30,0.70,0.0023,3,3
and_or_diverse,12,24,600,720,2,12,180,40,0.60,0.0023,3,3
and_or_diverse,12,24,600,720,2,12,180,40,0.70,0.0024,3,3
and_or_diverse,12,24,600,720,2,16,120,30,0.60,0.0023,3,3
and_or_diverse,12,24,600,720,2,16,120,30,0.70,0.0024,3,3
and_or_diverse,12,24,600,720,2,16,120,40,0.60,0.0023,3,3
and_or_diverse,12,24,600,720,2,16,120,40,0.70,0.0023,3,3
and_or_diverse,12,24,600,720,2,16,180,30,0.60,0.0025,3,3
and_or_diverse,12,24,600,720,2,16,180,30,0.70,0.0022,3,3
and_or_diverse,12,24,600,720,2,16,180,40,0.60,0.0024,3,3
and_or_diverse,12,24,600,720,2,16,180,40,0.70,0.0023,3,3
and_or_diverse,12,24,600,720,3,12,120,30,0.60,0.0022,3,3
and_or_diverse,12,24,600,720,3,12,120,30,0.70,0.0023,3,3
and_or_diverse,12,24,600,720,3,12,120,40,0.60,0.0023,3,3
and_or_diverse,12,24,600,720,3,12,120,40,0.70,0.0023,3,3
and_or_diverse,12,24,600,720,3,12,180,30,0.60,0.0024,3,3
and_or_diverse,12,24,600,720,3,12,180,30,0.70,0.0022,3,3
and_or_diverse,12,24,600,720,3,12,180,40,0.60,0.0024,3,3
and_or_diverse,12,24,600,720,3,12,180,40,0.70,0.0022,3,3
and_or_diverse,12,24,600,720,3,16,120,30,0.60,0.0021,3,3
and_or_diverse,12,24,600,720,3,16,120,30,0.70,0.0023,3,3
and_or_diverse,12,24,600,720,3,16,120,40,0.60,0.0022,3,3
and_or_diverse,12,24,600,720,3,16,120,40,0.70,0.0023,3,3
and_or_diverse,12,24,600,720,3,16,180,30,0.60,0.0023,3,3
and_or_diverse,12,24,600,720,3,16,180,30,0.70,0.0021,3,3
and_or_diverse,12,24,600,720,3,16,180,40,0.60,0.0022,3,3
and_or_diverse,12,24,600,720,3,16,180,40,0.70,0.0022,3,3
and_or_diverse,12,24,600,720,4,12,120,30,0.60,0.0022,3,3
and_or_diverse,12,24,600,720,4,12,120,30,0.70,0.0023,3,3
and_or_diverse,12,24,600,720,4,12,120,40,0.60,0.0022,3,3
and_or_diverse,12,24,600,720,4,12,120,40,0.70,0.0023,3,3
and_or_diverse,12,24,600,720,4,12,180,30,0.60,0.0024,3,3
and_or_diverse,12,24,600,720,4,12,180,30,0.70,0.0023,3,3
and_or_diverse,12,24,600,720,4,12,180,40,0.60,0.0023,3,3
and_or_diverse,12,24,600,720,4,12,180,40,0.70,0.0023,3,3
and_or_diverse,12,24,600,720,4,16,120,30,0.60,0.0023,3,3
and_or_diverse,12,24,600,720,4,16,120,30,0.70,0.0022,3,3
and_or_diverse,12,24,600,720,4,16,120,40,0.60,0.0021,3,3
and_or_diverse,12,24,600,720,4,16,120,40,0.70,0.0024,3,3
and_or_diverse,12,24,600,720,4,16,180,30,0.60,0.0022,3,3
and_or_diverse,12,24,600,720,4,16,180,30,0.70,0.0031,3,3
and_or_diverse,12,24,600,720,4,16,180,40,0.60,0.0024,3,3
and_or_diverse,12,24,600,720,4,16,180,40,0.70,0.0024,3,3
and_or_diverse,12,36,300,480,2,12,120,30,0.60,0.0023,3,3
and_or_diverse,12,36,300,480,2,12,120,30,0.70,0.0024,3,3
and_or_diverse,12,36,300,480,2,12,120,40,0.60,0.0022,3,3
and_or_diverse,12,36,300,480,2,12,120,40,0.70,0.0021,3,3
and_or_diverse,12,36,300,480,2,12,180,30,0.60,0.0022,3,3
and_or_diverse,12,36,300,480,2,12,180,30,0.70,0.0022,3,3
and_or_diverse,12,36,300,480,2,12,180,40,0.60,0.0022,3,3
and_or_diverse,12,36,300,480,2,12,180,40,0.70,0.0024,3,3
and_or_diverse,12,36,300,480,2,16,120,30,0.60,0.0023,3,3
and_or_diverse,12,36,300,480,2,16,120,30,0.70,0.0022,3,3
and_or_diverse,12,36,300,480,2,16,120,40,0.60,0.0024,3,3
and_or_diverse,12,36,300,480,2,16,120,40,0.70,0.0023,3,3
and_or_diverse,12,36,300,480,2,16,180,30,0.60,0.0022,3,3
and_or_diverse,12,36,300,480,2,16,180,30,0.70,0.0022,3,3
and_or_diverse,12,36,300,480,2,16,180,40,0.60,0.0022,3,3
and_or_diverse,12,36,300,480,2,16,180,40,0.70,0.0023,3,3
and_or_diverse,12,36,300,480,3,12,120,30,0.60,0.0023,3,3
and_or_diverse,12,36,300,480,3,12,120,30,0.70,0.0025,3,3
and_or_diverse,12,36,300,480,3,12,120,40,0.60,0.0023,3,3
and_or_diverse,12,36,300,480,3,12,120,40,0.70,0.0024,3,3
and_or_diverse,12,36,300,480,3,12,180,30,0.60,0.0023,3,3
and_or_diverse,12,36,300,480,3,12,180,30,0.70,0.0023,3,3
and_or_diverse,12,36,300,480,3,12,180,40,0.60,0.0023,3,3
and_or_diverse,12,36,300,480,3,12,180,40,0.70,0.0022,3,3
and_or_diverse,12,36,300,480,3,16,120,30,0.60,0.0022,3,3
and_or_diverse,12,36,300,480,3,16,120,30,0.70,0.0023,3,3
and_or_diverse,12,36,300,480,3,16,120,40,0.60,0.0023,3,3
and_or_diverse,12,36,300,480,3,16,120,40,0.70,0.0026,3,3
and_or_diverse,12,36,300,480,3,16,180,30,0.60,0.0023,3,3
and_or_diverse,12,36,300,480,3,16,180,30,0.70,0.0023,3,3
and_or_diverse,12,36,300,480,3,16,180,40,0.60,0.0024,3,3
and_or_diverse,12,36,300,480,3,16,180,40,0.70,0.0024,3,3
and_or_diverse,12,36,300,480,4,12,120,30,0.60,0.0023,3,3
and_or_diverse,12,36,300,480,4,12,120,30,0.70,0.0022,3,3
and_or_diverse,12,36,300,480,4,12,120,40,0.60,0.0021,3,3
and_or_diverse,12,36,300,480,4,12,120,40,0.70,0.0022,3,3
and_or_diverse,12,36,300,480,4,12,180,30,0.60,0.0023,3,3
and_or_diverse,12,36,300,480,4,12,180,30,0.70,0.0021,3,3
and_or_diverse,12,36,300,480,4,12,180,40,0.60,0.0022,3,3
and_or_diverse,12,36,300,480,4,12,180,40,0.70,0.0021,3,3
and_or_diverse,12,36,300,480,4,16,120,30,0.60,0.0022,3,3
and_or_diverse,12,36,300,480,4,16,120,30,0.70,0.0023,3,3
and_or_diverse,12,36,300,480,4,16,120,40,0.60,0.0023,3,3
and_or_diverse,12,36,300,480,4,16,120,40,0.70,0.0022,3,3
and_or_diverse,12,36,300,480,4,16,180,30,0.60,0.0022,3,3
and_or_diverse,12,36,300,480,4,16,180,30,0.70,0.0021,3,3
and_or_diverse,12,36,300,480,4,16,180,40,0.60,0.0027,3,3
and_or_diverse,12,36,300,480,4,16,180,40,0.70,0.0034,3,3
and_or_diverse,12,36,300,720,2,12,120,30,0.60,0.0029,3,3
and_or_diverse,12,36,300,720,2,12,120,30,0.70,0.0034,3,3
and_or_diverse,12,36,300,720,2,12,120,40,0.60,0.0029,3,3
and_or_diverse,12,36,300,720,2,12,120,40,0.70,0.0029,3,3
and_or_diverse,12,36,300,720,2,12,180,30,0.60,0.0039,3,3
and_or_diverse,12,36,300,720,2,12,180,30,0.70,0.0033,3,3
and_or_diverse,12,36,300,720,2,12,180,40,0.60,0.0032,3,3
and_or_diverse,12,36,300,720,2,12,180,40,0.70,0.0032,3,3
and_or_diverse,12,36,300,720,2,16,120,30,0.60,0.0028,3,3
and_or_diverse,12,36,300,720,2,16,120,30,0.70,0.0032,3,3
and_or_diverse,12,36,300,720,2,16,120,40,0.60,0.0028,3,3
and_or_diverse,12,36,300,720,2,16,120,40,0.70,0.0032,3,3
and_or_diverse,12,36,300,720,2,16,180,30,0.60,0.0033,3,3
and_or_diverse,12,36,300,720,2,16,180,30,0.70,0.0025,3,3
and_or_diverse,12,36,300,720,2,16,180,40,0.60,0.0038,3,3
and_or_diverse,12,36,300,720,2,16,180,40,0.70,0.0036,3,3
and_or_diverse,12,36,300,720,3,12,120,30,0.60,0.0022,3,3
and_or_diverse,12,36,300,720,3,12,120,30,0.70,0.0022,3,3
and_or_diverse,12,36,300,720,3,12,120,40,0.60,0.0022,3,3
and_or_diverse,12,36,300,720,3,12,120,40,0.70,0.0021,3,3
and_or_diverse,12,36,300,720,3,12,180,30,0.60,0.0024,3,3
and_or_diverse,12,36,300,720,3,12,180,30,0.70,0.0021,3,3
and_or_diverse,12,36,300,720,3,12,180,40,0.60,0.0021,3,3
and_or_diverse,12,36,300,720,3,12,180,40,0.70,0.0025,3,3
and_or_diverse,12,36,300,720,3,16,120,30,0.60,0.0021,3,3
and_or_diverse,12,36,300,720,3,16,120,30,0.70,0.0022,3,3
and_or_diverse,12,36,300,720,3,16,120,40,0.60,0.0022,3,3
and_or_diverse,12,36,300,720,3,16,120,40,0.70,0.0021,3,3
and_or_diverse,12,36,300,720,3,16,180,30,0.60,0.0022,3,3
and_or_diverse,12,36,300,720,3,16,180,30,0.70,0.0021,3,3
and_or_diverse,12,36,300,720,3,16,180,40,0.60,0.0021,3,3
and_or_diverse,12,36,300,720,3,16,180,40,0.70,0.0022,3,3
and_or_diverse,12,36,300,720,4,12,120,30,0.60,0.0022,3,3
and_or_diverse,12,36,300,720,4,12,120,30,0.70,0.0022,3,3
and_or_diverse,12,36,300,720,4,12,120,40,0.60,0.0022,3,3
and_or_diverse,12,36,300,720,4,12,120,40,0.70,0.0021,3,3
and_or_diverse,12,36,300,720,4,12,180,30,0.60,0.0021,3,3
and_or_diverse,12,36,300,720,4,12,180,30,0.70,0.0022,3,3
and_or_diverse,12,36,300,720,4,12,180,40,0.60,0.0022,3,3
and_or_diverse,12,36,300,720,4,12,180,40,0.70,0.0022,3,3
and_or_diverse,12,36,300,720,4,16,120,30,0.60,0.0022,3,3
and_or_diverse,12,36,300,720,4,16,120,30,0.70,0.0022,3,3
and_or_diverse,12,36,300,720,4,16,120,40,0.60,0.0023,3,3
and_or_diverse,12,36,300,720,4,16,120,40,0.70,0.0021,3,3
and_or_diverse,12,36,300,720,4,16,180,30,0.60,0.0021,3,3
and_or_diverse,12,36,300,720,4,16,180,30,0.70,0.0024,3,3
and_or_diverse,12,36,300,720,4,16,180,40,0.60,0.0021,3,3
and_or_diverse,12,36,300,720,4,16,180,40,0.70,0.0022,3,3
and_or_diverse,12,36,600,480,2,12,120,30,0.60,0.0023,3,3
and_or_diverse,12,36,600,480,2,12,120,30,0.70,0.0021,3,3
and_or_diverse,12,36,600,480,2,12,120,40,0.60,0.0024,3,3
and_or_diverse,12,36,600,480,2,12,120,40,0.70,0.0021,3,3
and_or_diverse,12,36,600,480,2,12,180,30,0.60,0.0022,3,3
and_or_diverse,12,36,600,480,2,12,180,30,0.70,0.0023,3,3
and_or_diverse,12,36,600,480,2,12,180,40,0.60,0.0023,3,3
and_or_diverse,12,36,600,480,2,12,180,40,0.70,0.0023,3,3
and_or_diverse,12,36,600,480,2,16,120,30,0.60,0.0023,3,3
and_or_diverse,12,36,600,480,2,16,120,30,0.70,0.0021,3,3
and_or_diverse,12,36,600,480,2,16,120,40,0.60,0.0023,3,3
and_or_diverse,12,36,600,480,2,16,120,40,0.70,0.0022,3,3
and_or_diverse,12,36,600,480,2,16,180,30,0.60,0.0022,3,3
and_or_diverse,12,36,600,480,2,16,180,30,0.70,0.0024,3,3
and_or_diverse,12,36,600,480,2,16,180,40,0.60,0.0025,3,3
and_or_diverse,12,36,600,480,2,16,180,40,0.70,0.0023,3,3
and_or_diverse,12,36,600,480,3,12,120,30,0.60,0.0023,3,3
and_or_diverse,12,36,600,480,3,12,120,30,0.70,0.0022,3,3
and_or_diverse,12,36,600,480,3,12,120,40,0.60,0.0023,3,3
and_or_diverse,12,36,600,480,3,12,120,40,0.70,0.0021,3,3
and_or_diverse,12,36,600,480,3,12,180,30,0.60,0.0025,3,3
and_or_diverse,12,36,600,480,3,12,180,30,0.70,0.0021,3,3
and_or_diverse,12,36,600,480,3,12,180,40,0.60,0.0022,3,3
and_or_diverse,12,36,600,480,3,12,180,40,0.70,0.0023,3,3
and_or_diverse,12,36,600,480,3,16,120,30,0.60,0.0023,3,3
and_or_diverse,12,36,600,480,3,16,120,30,0.70,0.0023,3,3
and_or_diverse,12,36,600,480,3,16,120,40,0.60,0.0025,3,3
and_or_diverse,12,36,600,480,3,16,120,40,0.70,0.0027,3,3
and_or_diverse,12,36,600,480,3,16,180,30,0.60,0.0023,3,3
and_or_diverse,12,36,600,480,3,16,180,30,0.70,0.0024,3,3
and_or_diverse,12,36,600,480,3,16,180,40,0.60,0.0024,3,3
and_or_diverse,12,36,600,480,3,16,180,40,0.70,0.0022,3,3
and_or_diverse,12,36,600,480,4,12,120,30,0.60,0.0033,3,3
and_or_diverse,12,36,600,480,4,12,120,30,0.70,0.0035,3,3
and_or_diverse,12,36,600,480,4,12,120,40,0.60,0.0023,3,3
and_or_diverse,12,36,600,480,4,12,120,40,0.70,0.0021,3,3
and_or_diverse,12,36,600,480,4,12,180,30,0.60,0.0022,3,3
and_or_diverse,12,36,600,480,4,12,180,30,0.70,0.0022,3,3
and_or_diverse,12,36,600,480,4,12,180,40,0.60,0.0021,3,3
and_or_diverse,12,36,600,480,4,12,180,40,0.70,0.0022,3,3
and_or_diverse,12,36,600,480,4,16,120,30,0.60,0.0023,3,3
and_or_diverse,12,36,600,480,4,16,120,30,0.70,0.0022,3,3
and_or_diverse,12,36,600,480,4,16,120,40,0.60,0.0022,3,3
and_or_diverse,12,36,600,480,4,16,120,40,0.70,0.0023,3,3
and_or_diverse,12,36,600,480,4,16,180,30,0.60,0.0021,3,3
and_or_diverse,12,36,600,480,4,16,180,30,0.70,0.0022,3,3
and_or_diverse,12,36,600,480,4,16,180,40,0.60,0.0021,3,3
and_or_diverse,12,36,600,480,4,16,180,40,0.70,0.0022,3,3
and_or_diverse,12,36,600,720,2,12,120,30,0.60,0.0022,3,3
and_or_diverse,12,36,600,720,2,12,120,30,0.70,0.0021,3,3
and_or_diverse,12,36,600,720,2,12,120,40,0.60,0.0022,3,3
and_or_diverse,12,36,600,720,2,12,120,40,0.70,0.0022,3,3
and_or_diverse,12,36,600,720,2,12,180,30,0.60,0.0021,3,3
and_or_diverse,12,36,600,720,2,12,180,30,0.70,0.0023,3,3
and_or_diverse,12,36,600,720,2,12,180,40,0.60,0.0024,3,3
and_or_diverse,12,36,600,720,2,12,180,40,0.70,0.0023,3,3
and_or_diverse,12,36,600,720,2,16,120,30,0.60,0.0023,3,3
and_or_diverse,12,36,600,720,2,16,120,30,0.70,0.0021,3,3
and_or_diverse,12,36,600,720,2,16,120,40,0.60,0.0021,3,3
and_or_diverse,12,36,600,720,2,16,120,40,0.70,0.0022,3,3
and_or_diverse,12,36,600,720,2,16,180,30,0.60,0.0023,3,3
and_or_diverse,12,36,600,720,2,16,180,30,0.70,0.0024,3,3
and_or_diverse,12,36,600,720,2,16,180,40,0.60,0.0023,3,3
and_or_diverse,12,36,600,720,2,16,180,40,0.70,0.0023,3,3
and_or_diverse,12,36,600,720,3,12,120,30,0.60,0.0023,3,3
and_or_diverse,12,36,600,720,3,12,120,30,0.70,0.0021,3,3
and_or_diverse,12,36,600,720,3,12,120,40,0.60,0.0021,3,3
and_or_diverse,12,36,600,720,3,12,120,40,0.70,0.0022,3,3
and_or_diverse,12,36,600,720,3,12,180,30,0.60,0.0021,3,3
and_or_diverse,12,36,600,720,3,12,180,30,0.70,0.0022,3,3
and_or_diverse,12,36,600,720,3,12,180,40,0.60,0.0022,3,3
and_or_diverse,12,36,600,720,3,12,180,40,0.70,0.0021,3,3
and_or_diverse,12,36,600,720,3,16,120,30,0.60,0.0024,3,3
and_or_diverse,12,36,600,720,3,16,120,30,0.70,0.0022,3,3
and_or_diverse,12,36,600,720,3,16,120,40,0.60,0.0022,3,3
and_or_diverse,12,36,600,720,3,16,120,40,0.70,0.0023,3,3
and_or_diverse,12,36,600,720,3,16,180,30,0.60,0.0026,3,3
and_or_diverse,12,36,600,720,3,16,180,30,0.70,0.0023,3,3
and_or_diverse,12,36,600,720,3,16,180,40,0.60,0.0023,3,3
and_or_diverse,12,36,600,720,3,16,180,40,0.70,0.0022,3,3
and_or_diverse,12,36,600,720,4,12,120,30,0.60,0.0024,3,3
and_or_diverse,12,36,600,720,4,12,120,30,0.70,0.0022,3,3
and_or_diverse,12,36,600,720,4,12,120,40,0.60,0.0022,3,3
and_or_diverse,12,36,600,720,4,12,120,40,0.70,0.0022,3,3
and_or_diverse,12,36,600,720,4,12,180,30,0.60,0.0022,3,3
and_or_diverse,12,36,600,720,4,12,180,30,0.70,0.0024,3,3
and_or_diverse,12,36,600,720,4,12,180,40,0.60,0.0023,3,3
and_or_diverse,12,36,600,720,4,12,180,40,0.70,0.0022,3,3
and_or_diverse,12,36,600,720,4,16,120,30,0.60,0.0023,3,3
and_or_diverse,12,36,600,720,4,16,120,30,0.70,0.0021,3,3
and_or_diverse,12,36,600,720,4,16,120,40,0.60,0.0021,3,3
and_or_diverse,12,36,600,720,4,16,120,40,0.70,0.0022,3,3
and_or_diverse,12,36,600,720,4,16,180,30,0.60,0.0022,3,3
and_or_diverse,12,36,600,720,4,16,180,30,0.70,0.0023,3,3
and_or_diverse,12,36,600,720,4,16,180,40,0.60,0.0023,3,3
and_or_diverse,12,36,600,720,4,16,180,40,0.70,0.0024,3,3
and_or_diverse,12,48,300,480,2,12,120,30,0.60,0.0023,3,3
and_or_diverse,12,48,300,480,2,12,120,30,0.70,0.0022,3,3
and_or_diverse,12,48,300,480,2,12,120,40,0.60,0.0023,3,3
and_or_diverse,12,48,300,480,2,12,120,40,0.70,0.0023,3,3
and_or_diverse,12,48,300,480,2,12,180,30,0.60,0.0026,3,3
and_or_diverse,12,48,300,480,2,12,180,30,0.70,0.0025,3,3
and_or_diverse,12,48,300,480,2,12,180,40,0.60,0.0022,3,3
and_or_diverse,12,48,300,480,2,12,180,40,0.70,0.0025,3,3
and_or_diverse,12,48,300,480,2,16,120,30,0.60,0.0023,3,3
and_or_diverse,12,48,300,480,2,16,120,30,0.70,0.0024,3,3
and_or_diverse,12,48,300,480,2,16,120,40,0.60,0.0022,3,3
and_or_diverse,12,48,300,480,2,16,120,40,0.70,0.0023,3,3
and_or_diverse,12,48,300,480,2,16,180,30,0.60,0.0023,3,3
and_or_diverse,12,48,300,480,2,16,180,30,0.70,0.0023,3,3
and_or_diverse,12,48,300,480,2,16,180,40,0.60,0.0028,3,3
and_or_diverse,12,48,300,480,2,16,180,40,0.70,0.0023,3,3
and_or_diverse,12,48,300,480,3,12,120,30,0.60,0.0023,3,3
and_or_diverse,12,48,300,480,3,12,120,30,0.70,0.0023,3,3
and_or_diverse,12,48,300,480,3,12,120,40,0.60,0.0023,3,3
and_or_diverse,12,48,300,480,3,12,120,40,0.70,0.0025,3,3
and_or_diverse,12,48,300,480,3,12,180,30,0.60,0.0024,3,3
and_or_diverse,12,48,300,480,3,12,180,30,0.70,0.0024,3,3
and_or_diverse,12,48,300,480,3,12,180,40,0.60,0.0023,3,3
and_or_diverse,12,48,300,480,3,12,180,40,0.70,0.0024,3,3
and_or_diverse,12,48,300,480,3,16,120,30,0.60,0.0024,3,3
and_or_diverse,12,48,300,480,3,16,120,30,0.70,0.0023,3,3
and_or_diverse,12,48,300,480,3,16,120,40,0.60,0.0026,3,3
and_or_diverse,12,48,300,480,3,16,120,40,0.70,0.0023,3,3
and_or_diverse,12,48,300,480,3,16,180,30,0.60,0.0025,3,3
and_or_diverse,12,48,300,480,3,16,180,30,0.70,0.0022,3,3
and_or_diverse,12,48,300,480,3,16,180,40,0.60,0.0024,3,3
and_or_diverse,12,48,300,480,3,16,180,40,0.70,0.0026,3,3
and_or_diverse,12,48,300,480,4,12,120,30,0.60,0.0023,3,3
and_or_diverse,12,48,300,480,4,12,120,30,0.70,0.0022,3,3
and_or_diverse,12,48,300,480,4,12,120,40,0.60,0.0023,3,3
and_or_diverse,12,48,300,480,4,12,120,40,0.70,0.0024,3,3
and_or_diverse,12,48,300,480,4,12,180,30,0.60,0.0022,3,3
and_or_diverse,12,48,300,480,4,12,180,30,0.70,0.0023,3,3
and_or_diverse,12,48,300,480,4,12,180,40,0.60,0.0023,3,3
and_or_diverse,12,48,300,480,4,12,180,40,0.70,0.0021,3,3
and_or_diverse,12,48,300,480,4,16,120,30,0.60,0.0023,3,3
and_or_diverse,12,48,300,480,4,16,120,30,0.70,0.0022,3,3
and_or_diverse,12,48,300,480,4,16,120,40,0.60,0.0021,3,3
and_or_diverse,12,48,300,480,4,16,120,40,0.70,0.0026,3,3
and_or_diverse,12,48,300,480,4,16,180,30,0.60,0.0021,3,3
and_or_diverse,12,48,300,480,4,16,180,30,0.70,0.0024,3,3
and_or_diverse,12,48,300,480,4,16,180,40,0.60,0.0024,3,3
and_or_diverse,12,48,300,480,4,16,180,40,0.70,0.0023,3,3
and_or_diverse,12,48,300,720,2,12,120,30,0.60,0.0024,3,3
and_or_diverse,12,48,300,720,2,12,120,30,0.70,0.0021,3,3
and_or_diverse,12,48,300,720,2,12,120,40,0.60,0.0023,3,3
and_or_diverse,12,48,300,720,2,12,120,40,0.70,0.0022,3,3
and_or_diverse,12,48,300,720,2,12,180,30,0.60,0.0026,3,3
and_or_diverse,12,48,300,720,2,12,180,30,0.70,0.0023,3,3
and_or_diverse,12,48,300,720,2,12,180,40,0.60,0.0023,3,3
and_or_diverse,12,48,300,720,2,12,180,40,0.70,0.0027,3,3
and_or_diverse,12,48,300,720,2,16,120,30,0.60,0.0023,3,3
and_or_diverse,12,48,300,720,2,16,120,30,0.70,0.0024,3,3
and_or_diverse,12,48,300,720,2,16,120,40,0.60,0.0023,3,3
and_or_diverse,12,48,300,720,2,16,120,40,0.70,0.0023,3,3
and_or_diverse,12,48,300,720,2,16,180,30,0.60,0.0023,3,3
and_or_diverse,12,48,300,720,2,16,180,30,0.70,0.0022,3,3
and_or_diverse,12,48,300,720,2,16,180,40,0.60,0.0024,3,3
and_or_diverse,12,48,300,720,2,16,180,40,0.70,0.0023,3,3
and_or_diverse,12,48,300,720,3,12,120,30,0.60,0.0022,3,3
and_or_diverse,12,48,300,720,3,12,120,30,0.70,0.0026,3,3
and_or_diverse,12,48,300,720,3,12,120,40,0.60,0.0023,3,3
and_or_diverse,12,48,300,720,3,12,120,40,0.70,0.0025,3,3
and_or_diverse,12,48,300,720,3,12,180,30,0.60,0.0023,3,3
and_or_diverse,12,48,300,720,3,12,180,30,0.70,0.0023,3,3
and_or_diverse,12,48,300,720,3,12,180,40,0.60,0.0025,3,3
and_or_diverse,12,48,300,720,3,12,180,40,0.70,0.0023,3,3
and_or_diverse,12,48,300,720,3,16,120,30,0.60,0.0023,3,3
and_or_diverse,12,48,300,720,3,16,120,30,0.70,0.0022,3,3
and_or_diverse,12,48,300,720,3,16,120,40,0.60,0.0026,3,3
and_or_diverse,12,48,300,720,3,16,120,40,0.70,0.0023,3,3
and_or_diverse,12,48,300,720,3,16,180,30,0.60,0.0023,3,3
and_or_diverse,12,48,300,720,3,16,180,30,0.70,0.0023,3,3
and_or_diverse,12,48,300,720,3,16,180,40,0.60,0.0023,3,3
and_or_diverse,12,48,300,720,3,16,180,40,0.70,0.0023,3,3
and_or_diverse,12,48,300,720,4,12,120,30,0.60,0.0033,3,3
and_or_diverse,12,48,300,720,4,12,120,30,0.70,0.0025,3,3
and_or_diverse,12,48,300,720,4,12,120,40,0.60,0.0023,3,3
and_or_diverse,12,48,300,720,4,12,120,40,0.70,0.0022,3,3
and_or_diverse,12,48,300,720,4,12,180,30,0.60,0.0023,3,3
and_or_diverse,12,48,300,720,4,12,180,30,0.70,0.0029,3,3
and_or_diverse,12,48,300,720,4,12,180,40,0.60,0.0026,3,3
and_or_diverse,12,48,300,720,4,12,180,40,0.70,0.0022,3,3
and_or_diverse,12,48,300,720,4,16,120,30,0.60,0.0021,3,3
and_or_diverse,12,48,300,720,4,16,120,30,0.70,0.0024,3,3
and_or_diverse,12,48,300,720,4,16,120,40,0.60,0.0024,3,3
and_or_diverse,12,48,300,720,4,16,120,40,0.70,0.0023,3,3
and_or_diverse,12,48,300,720,4,16,180,30,0.60,0.0023,3,3
and_or_diverse,12,48,300,720,4,16,180,30,0.70,0.0022,3,3
and_or_diverse,12,48,300,720,4,16,180,40,0.60,0.0023,3,3
and_or_diverse,12,48,300,720,4,16,180,40,0.70,0.0023,3,3
and_or_diverse,12,48,600,480,2,12,120,30,0.60,0.0032,3,3
and_or_diverse,12,48,600,480,2,12,120,30,0.70,0.0022,3,3
and_or_diverse,12,48,600,480,2,12,120,40,0.60,0.0027,3,3
and_or_diverse,12,48,600,480,2,12,120,40,0.70,0.0021,3,3
and_or_diverse,12,48,600,480,2,12,180,30,0.60,0.0024,3,3
and_or_diverse,12,48,600,480,2,12,180,30,0.70,0.0022,3,3
and_or_diverse,12,48,600,480,2,12,180,40,0.60,0.0034,3,3
and_or_diverse,12,48,600,480,2,12,180,40,0.70,0.0032,3,3
and_or_diverse,12,48,600,480,2,16,120,30,0.60,0.0023,3,3
and_or_diverse,12,48,600,480,2,16,120,30,0.70,0.0022,3,3
and_or_diverse,12,48,600,480,2,16,120,40,0.60,0.0022,3,3
and_or_diverse,12,48,600,480,2,16,120,40,0.70,0.0022,3,3
and_or_diverse,12,48,600,480,2,16,180,30,0.60,0.0022,3,3
and_or_diverse,12,48,600,480,2,16,180,30,0.70,0.0023,3,3
and_or_diverse,12,48,600,480,2,16,180,40,0.60,0.0023,3,3
and_or_diverse,12,48,600,480,2,16,180,40,0.70,0.0023,3,3
and_or_diverse,12,48,600,480,3,12,120,30,0.60,0.0022,3,3
and_or_diverse,12,48,600,480,3,12,120,30,0.70,0.0022,3,3
and_or_diverse,12,48,600,480,3,12,120,40,0.60,0.0034,3,3
and_or_diverse,12,48,600,480,3,12,120,40,0.70,0.0034,3,3
and_or_diverse,12,48,600,480,3,12,180,30,0.60,0.0029,3,3
and_or_diverse,12,48,600,480,3,12,180,30,0.70,0.0026,3,3
and_or_diverse,12,48,600,480,3,12,180,40,0.60,0.0025,3,3
and_or_diverse,12,48,600,480,3,12,180,40,0.70,0.0028,3,3
and_or_diverse,12,48,600,480,3,16,120,30,0.60,0.0025,3,3
and_or_diverse,12,48,600,480,3,16,120,30,0.70,0.0025,3,3
and_or_diverse,12,48,600,480,3,16,120,40,0.60,0.0025,3,3
and_or_diverse,12,48,600,480,3,16,120,40,0.70,0.0024,3,3
and_or_diverse,12,48,600,480,3,16,180,30,0.60,0.0025,3,3
and_or_diverse,12,48,600,480,3,16,180,30,0.70,0.0024,3,3
and_or_diverse,12,48,600,480,3,16,180,40,0.60,0.0031,3,3
and_or_diverse,12,48,600,480,3,16,180,40,0.70,0.0023,3,3
and_or_diverse,12,48,600,480,4,12,120,30,0.60,0.0026,3,3
and_or_diverse,12,48,600,480,4,12,120,30,0.70,0.0024,3,3
and_or_diverse,12,48,600,480,4,12,120,40,0.60,0.0024,3,3
and_or_diverse,12,48,600,480,4,12,120,40,0.70,0.0023,3,3
and_or_diverse,12,48,600,480,4,12,180,30,0.60,0.0026,3,3
and_or_diverse,12,48,600,480,4,12,180,30,0.70,0.0022,3,3
and_or_diverse,12,48,600,480,4,12,180,40,0.60,0.0024,3,3
and_or_diverse,12,48,600,480,4,12,180,40,0.70,0.0025,3,3
and_or_diverse,12,48,600,480,4,16,120,30,0.60,0.0024,3,3
and_or_diverse,12,48,600,480,4,16,120,30,0.70,0.0024,3,3
and_or_diverse,12,48,600,480,4,16,120,40,0.60,0.0024,3,3
and_or_diverse,12,48,600,480,4,16,120,40,0.70,0.0023,3,3
and_or_diverse,12,48,600,480,4,16,180,30,0.60,0.0023,3,3
and_or_diverse,12,48,600,480,4,16,180,30,0.70,0.0024,3,3
and_or_diverse,12,48,600,480,4,16,180,40,0.60,0.0024,3,3
and_or_diverse,12,48,600,480,4,16,180,40,0.70,0.0025,3,3
and_or_diverse,12,48,600,720,2,12,120,30,0.60,0.0023,3,3
and_or_diverse,12,48,600,720,2,12,120,30,0.70,0.0030,3,3
and_or_diverse,12,48,600,720,2,12,120,40,0.60,0.0036,3,3
and_or_diverse,12,48,600,720,2,12,120,40,0.70,0.0023,3,3
and_or_diverse,12,48,600,720,2,12,180,30,0.60,0.0023,3,3
and_or_diverse,12,48,600,720,2,12,180,30,0.70,0.0024,3,3
and_or_diverse,12,48,600,720,2,12,180,40,0.60,0.0023,3,3
and_or_diverse,12,48,600,720,2,12,180,40,0.70,0.0025,3,3
and_or_diverse,12,48,600,720,2,16,120,30,0.60,0.0024,3,3
and_or_diverse,12,48,600,720,2,16,120,30,0.70,0.0028,3,3
and_or_diverse,12,48,600,720,2,16,120,40,0.60,0.0023,3,3
and_or_diverse,12,48,600,720,2,16,120,40,0.70,0.0024,3,3
and_or_diverse,12,48,600,720,2,16,180,30,0.60,0.0024,3,3
and_or_diverse,12,48,600,720,2,16,180,30,0.70,0.0022,3,3
and_or_diverse,12,48,600,720,2,16,180,40,0.60,0.0024,3,3
and_or_diverse,12,48,600,720,2,16,180,40,0.70,0.0023,3,3
and_or_diverse,12,48,600,720,3,12,120,30,0.60,0.0022,3,3
and_or_diverse,12,48,600,720,3,12,120,30,0.70,0.0023,3,3
and_or_diverse,12,48,600,720,3,12,120,40,0.60,0.0023,3,3
and_or_diverse,12,48,600,720,3,12,120,40,0.70,0.0024,3,3
and_or_diverse,12,48,600,720,3,12,180,30,0.60,0.0025,3,3
and_or_diverse,12,48,600,720,3,12,180,30,0.70,0.0025,3,3
and_or_diverse,12,48,600,720,3,12,180,40,0.60,0.0025,3,3
and_or_diverse,12,48,600,720,3,12,180,40,0.70,0.0024,3,3
and_or_diverse,12,48,600,720,3,16,120,30,0.60,0.0023,3,3
and_or_diverse,12,48,600,720,3,16,120,30,0.70,0.0024,3,3
and_or_diverse,12,48,600,720,3,16,120,40,0.60,0.0024,3,3
and_or_diverse,12,48,600,720,3,16,120,40,0.70,0.0022,3,3
and_or_diverse,12,48,600,720,3,16,180,30,0.60,0.0023,3,3
and_or_diverse,12,48,600,720,3,16,180,30,0.70,0.0024,3,3
and_or_diverse,12,48,600,720,3,16,180,40,0.60,0.0023,3,3
and_or_diverse,12,48,600,720,3,16,180,40,0.70,0.0024,3,3
and_or_diverse,12,48,600,720,4,12,120,30,0.60,0.0021,3,3
and_or_diverse,12,48,600,720,4,12,120,30,0.70,0.0023,3,3
and_or_diverse,12,48,600,720,4,12,120,40,0.60,0.0024,3,3
and_or_diverse,12,48,600,720,4,12,120,40,0.70,0.0023,3,3
and_or_diverse,12,48,600,720,4,12,180,30,0.60,0.0023,3,3
and_or_diverse,12,48,600,720,4,12,180,30,0.70,0.0022,3,3
and_or_diverse,12,48,600,720,4,12,180,40,0.60,0.0024,3,3
and_or_diverse,12,48,600,720,4,12,180,40,0.70,0.0022,3,3
and_or_diverse,12,48,600,720,4,16,120,30,0.60,0.0021,3,3
and_or_diverse,12,48,600,720,4,16,120,30,0.70,0.0022,3,3
and_or_diverse,12,48,600,720,4,16,120,40,0.60,0.0021,3,3
and_or_diverse,12,48,600,720,4,16,120,40,0.70,0.0023,3,3
and_or_diverse,12,48,600,720,4,16,180,30,0.60,0.0024,3,3
and_or_diverse,12,48,600,720,4,16,180,30,0.70,0.0022,3,3
and_or_diverse,12,48,600,720,4,16,180,40,0.60,0.0023,3,3
and_or_diverse,12,48,600,720,4,16,180,40,0.70,0.0022,3,3
and_or_diverse,14,24,300,480,2,12,120,30,0.60,0.0022,3,3
and_or_diverse,14,24,300,480,2,12,120,30,0.70,0.0023,3,3
and_or_diverse,14,24,300,480,2,12,120,40,0.60,0.0023,3,3
and_or_diverse,14,24,300,480,2,12,120,40,0.70,0.0023,3,3
and_or_diverse,14,24,300,480,2,12,180,30,0.60,0.0022,3,3
and_or_diverse,14,24,300,480,2,12,180,30,0.70,0.0022,3,3
and_or_diverse,14,24,300,480,2,12,180,40,0.60,0.0023,3,3
and_or_diverse,14,24,300,480,2,12,180,40,0.70,0.0022,3,3
and_or_diverse,14,24,300,480,2,16,120,30,0.60,0.0021,3,3
and_or_diverse,14,24,300,480,2,16,120,30,0.70,0.0024,3,3
and_or_diverse,14,24,300,480,2,16,120,40,0.60,0.0024,3,3
and_or_diverse,14,24,300,480,2,16,120,40,0.70,0.0023,3,3
and_or_diverse,14,24,300,480,2,16,180,30,0.60,0.0025,3,3
and_or_diverse,14,24,300,480,2,16,180,30,0.70,0.0022,3,3
and_or_diverse,14,24,300,480,2,16,180,40,0.60,0.0023,3,3
and_or_diverse,14,24,300,480,2,16,180,40,0.70,0.0022,3,3
and_or_diverse,14,24,300,480,3,12,120,30,0.60,0.0023,3,3
and_or_diverse,14,24,300,480,3,12,120,30,0.70,0.0022,3,3
and_or_diverse,14,24,300,480,3,12,120,40,0.60,0.0022,3,3
and_or_diverse,14,24,300,480,3,12,120,40,0.70,0.0022,3,3
and_or_diverse,14,24,300,480,3,12,180,30,0.60,0.0022,3,3
and_or_diverse,14,24,300,480,3,12,180,30,0.70,0.0021,3,3
and_or_diverse,14,24,300,480,3,12,180,40,0.60,0.0021,3,3
and_or_diverse,14,24,300,480,3,12,180,40,0.70,0.0022,3,3
and_or_diverse,14,24,300,480,3,16,120,30,0.60,0.0022,3,3
and_or_diverse,14,24,300,480,3,16,120,30,0.70,0.0022,3,3
and_or_diverse,14,24,300,480,3,16,120,40,0.60,0.0022,3,3
and_or_diverse,14,24,300,480,3,16,120,40,0.70,0.0022,3,3
and_or_diverse,14,24,300,480,3,16,180,30,0.60,0.0022,3,3
and_or_diverse,14,24,300,480,3,16,180,30,0.70,0.0021,3,3
and_or_diverse,14,24,300,480,3,16,180,40,0.60,0.0022,3,3
and_or_diverse,14,24,300,480,3,16,180,40,0.70,0.0024,3,3
and_or_diverse,14,24,300,480,4,12,120,30,0.60,0.0022,3,3
and_or_diverse,14,24,300,480,4,12,120,30,0.70,0.0024,3,3
and_or_diverse,14,24,300,480,4,12,120,40,0.60,0.0023,3,3
and_or_diverse,14,24,300,480,4,12,120,40,0.70,0.0023,3,3
and_or_diverse,14,24,300,480,4,12,180,30,0.60,0.0023,3,3
and_or_diverse,14,24,300,480,4,12,180,30,0.70,0.0022,3,3
and_or_diverse,14,24,300,480,4,12,180,40,0.60,0.0024,3,3
and_or_diverse,14,24,300,480,4,12,180,40,0.70,0.0022,3,3
and_or_diverse,14,24,300,480,4,16,120,30,0.60,0.0023,3,3
and_or_diverse,14,24,300,480,4,16,120,30,0.70,0.0022,3,3
and_or_diverse,14,24,300,480,4,16,120,40,0.60,0.0021,3,3
and_or_diverse,14,24,300,480,4,16,120,40,0.70,0.0022,3,3
and_or_diverse,14,24,300,480,4,16,180,30,0.60,0.0023,3,3
and_or_diverse,14,24,300,480,4,16,180,30,0.70,0.0024,3,3
and_or_diverse,14,24,300,480,4,16,180,40,0.60,0.0024,3,3
and_or_diverse,14,24,300,480,4,16,180,40,0.70,0.0023,3,3
and_or_diverse,14,24,300,720,2,12,120,30,0.60,0.0022,3,3
and_or_diverse,14,24,300,720,2,12,120,30,0.70,0.0022,3,3
and_or_diverse,14,24,300,720,2,12,120,40,0.60,0.0021,3,3
and_or_diverse,14,24,300,720,2,12,120,40,0.70,0.0023,3,3
and_or_diverse,14,24,300,720,2,12,180,30,0.60,0.0023,3,3
and_or_diverse,14,24,300,720,2,12,180,30,0.70,0.0023,3,3
and_or_diverse,14,24,300,720,2,12,180,40,0.60,0.0024,3,3
and_or_diverse,14,24,300,720,2,12,180,40,0.70,0.0024,3,3
and_or_diverse,14,24,300,720,2,16,120,30,0.60,0.0023,3,3
and_or_diverse,14,24,300,720,2,16,120,30,0.70,0.0022,3,3
and_or_diverse,14,24,300,720,2,16,120,40,0.60,0.0022,3,3
and_or_diverse,14,24,300,720,2,16,120,40,0.70,0.0025,3,3
and_or_diverse,14,24,300,720,2,16,180,30,0.60,0.0023,3,3
and_or_diverse,14,24,300,720,2,16,180,30,0.70,0.0024,3,3
and_or_diverse,14,24,300,720,2,16,180,40,0.60,0.0024,3,3
and_or_diverse,14,24,300,720,2,16,180,40,0.70,0.0022,3,3
and_or_diverse,14,24,300,720,3,12,120,30,0.60,0.0023,3,3
and_or_diverse,14,24,300,720,3,12,120,30,0.70,0.0022,3,3
and_or_diverse,14,24,300,720,3,12,120,40,0.60,0.0022,3,3
and_or_diverse,14,24,300,720,3,12,120,40,0.70,0.0023,3,3
and_or_diverse,14,24,300,720,3,12,180,30,0.60,0.0023,3,3
and_or_diverse,14,24,300,720,3,12,180,30,0.70,0.0024,3,3
and_or_diverse,14,24,300,720,3,12,180,40,0.60,0.0022,3,3
and_or_diverse,14,24,300,720,3,12,180,40,0.70,0.0022,3,3
and_or_diverse,14,24,300,720,3,16,120,30,0.60,0.0023,3,3
and_or_diverse,14,24,300,720,3,16,120,30,0.70,0.0022,3,3
and_or_diverse,14,24,300,720,3,16,120,40,0.60,0.0022,3,3
and_or_diverse,14,24,300,720,3,16,120,40,0.70,0.0022,3,3
and_or_diverse,14,24,300,720,3,16,180,30,0.60,0.0021,3,3
and_or_diverse,14,24,300,720,3,16,180,30,0.70,0.0023,3,3
and_or_diverse,14,24,300,720,3,16,180,40,0.60,0.0024,3,3
and_or_diverse,14,24,300,720,3,16,180,40,0.70,0.0023,3,3
and_or_diverse,14,24,300,720,4,12,120,30,0.60,0.0023,3,3
and_or_diverse,14,24,300,720,4,12,120,30,0.70,0.0021,3,3
and_or_diverse,14,24,300,720,4,12,120,40,0.60,0.0022,3,3
and_or_diverse,14,24,300,720,4,12,120,40,0.70,0.0023,3,3
and_or_diverse,14,24,300,720,4,12,180,30,0.60,0.0022,3,3
and_or_diverse,14,24,300,720,4,12,180,30,0.70,0.0023,3,3
and_or_diverse,14,24,300,720,4,12,180,40,0.60,0.0022,3,3
and_or_diverse,14,24,300,720,4,12,180,40,0.70,0.0024,3,3
and_or_diverse,14,24,300,720,4,16,120,30,0.60,0.0024,3,3
and_or_diverse,14,24,300,720,4,16,120,30,0.70,0.0021,3,3
and_or_diverse,14,24,300,720,4,16,120,40,0.60,0.0023,3,3
and_or_diverse,14,24,300,720,4,16,120,40,0.70,0.0022,3,3
and_or_diverse,14,24,300,720,4,16,180,30,0.60,0.0021,3,3
and_or_diverse,14,24,300,720,4,16,180,30,0.70,0.0023,3,3
and_or_diverse,14,24,300,720,4,16,180,40,0.60,0.0022,3,3
and_or_diverse,14,24,300,720,4,16,180,40,0.70,0.0022,3,3
and_or_diverse,14,24,600,480,2,12,120,30,0.60,0.0024,3,3
and_or_diverse,14,24,600,480,2,12,120,30,0.70,0.0021,3,3
and_or_diverse,14,24,600,480,2,12,120,40,0.60,0.0024,3,3
and_or_diverse,14,24,600,480,2,12,120,40,0.70,0.0022,3,3
and_or_diverse,14,24,600,480,2,12,180,30,0.60,0.0022,3,3
and_or_diverse,14,24,600,480,2,12,180,30,0.70,0.0022,3,3
and_or_diverse,14,24,600,480,2,12,180,40,0.60,0.0023,3,3
and_or_diverse,14,24,600,480,2,12,180,40,0.70,0.0023,3,3
and_or_diverse,14,24,600,480,2,16,120,30,0.60,0.0023,3,3
and_or_diverse,14,24,600,480,2,16,120,30,0.70,0.0022,3,3
and_or_diverse,14,24,600,480,2,16,120,40,0.60,0.0021,3,3
and_or_diverse,14,24,600,480,2,16,120,40,0.70,0.0021,3,3
and_or_diverse,14,24,600,480,2,16,180,30,0.60,0.0024,3,3
and_or_diverse,14,24,600,480,2,16,180,30,0.70,0.0022,3,3
and_or_diverse,14,24,600,480,2,16,180,40,0.60,0.0022,3,3
and_or_diverse,14,24,600,480,2,16,180,40,0.70,0.0023,3,3
and_or_diverse,14,24,600,480,3,12,120,30,0.60,0.0024,3,3
and_or_diverse,14,24,600,480,3,12,120,30,0.70,0.0022,3,3
and_or_diverse,14,24,600,480,3,12,120,40,0.60,0.0021,3,3
and_or_diverse,14,24,600,480,3,12,120,40,0.70,0.0022,3,3
and_or_diverse,14,24,600,480,3,12,180,30,0.60,0.0022,3,3
and_or_diverse,14,24,600,480,3,12,180,30,0.70,0.0029,3,3
and_or_diverse,14,24,600,480,3,12,180,40,0.60,0.0022,3,3
and_or_diverse,14,24,600,480,3,12,180,40,0.70,0.0025,3,3
and_or_diverse,14,24,600,480,3,16,120,30,0.60,0.0026,3,3
and_or_diverse,14,24,600,480,3,16,120,30,0.70,0.0024,3,3
and_or_diverse,14,24,600,480,3,16,120,40,0.60,0.0024,3,3
and_or_diverse,14,24,600,480,3,16,120,40,0.70,0.0023,3,3
and_or_diverse,14,24,600,480,3,16,180,30,0.60,0.0025,3,3
and_or_diverse,14,24,600,480,3,16,180,30,0.70,0.0023,3,3
and_or_diverse,14,24,600,480,3,16,180,40,0.60,0.0027,3,3
and_or_diverse,14,24,600,480,3,16,180,40,0.70,0.0026,3,3
and_or_diverse,14,24,600,480,4,12,120,30,0.60,0.0023,3,3
and_or_diverse,14,24,600,480,4,12,120,30,0.70,0.0024,3,3
and_or_diverse,14,24,600,480,4,12,120,40,0.60,0.0021,3,3
and_or_diverse,14,24,600,480,4,12,120,40,0.70,0.0024,3,3
and_or_diverse,14,24,600,480,4,12,180,30,0.60,0.0023,3,3
and_or_diverse,14,24,600,480,4,12,180,30,0.70,0.0023,3,3
and_or_diverse,14,24,600,480,4,12,180,40,0.60,0.0024,3,3
and_or_diverse,14,24,600,480,4,12,180,40,0.70,0.0025,3,3
and_or_diverse,14,24,600,480,4,16,120,30,0.60,0.0022,3,3
and_or_diverse,14,24,600,480,4,16,120,30,0.70,0.0022,3,3
and_or_diverse,14,24,600,480,4,16,120,40,0.60,0.0022,3,3
and_or_diverse,14,24,600,480,4,16,120,40,0.70,0.0024,3,3
and_or_diverse,14,24,600,480,4,16,180,30,0.60,0.0022,3,3
and_or_diverse,14,24,600,480,4,16,180,30,0.70,0.0022,3,3
and_or_diverse,14,24,600,480,4,16,180,40,0.60,0.0021,3,3
and_or_diverse,14,24,600,480,4,16,180,40,0.70,0.0023,3,3
and_or_diverse,14,24,600,720,2,12,120,30,0.60,0.0022,3,3
and_or_diverse,14,24,600,720,2,12,120,30,0.70,0.0022,3,3
and_or_diverse,14,24,600,720,2,12,120,40,0.60,0.0028,3,3
and_or_diverse,14,24,600,720,2,12,120,40,0.70,0.0025,3,3
and_or_diverse,14,24,600,720,2,12,180,30,0.60,0.0030,3,3
and_or_diverse,14,24,600,720,2,12,180,30,0.70,0.0032,3,3
and_or_diverse,14,24,600,720,2,12,180,40,0.60,0.0032,3,3
and_or_diverse,14,24,600,720,2,12,180,40,0.70,0.0024,3,3
and_or_diverse,14,24,600,720,2,16,120,30,0.60,0.0025,3,3
and_or_diverse,14,24,600,720,2,16,120,30,0.70,0.0023,3,3
and_or_diverse,14,24,600,720,2,16,120,40,0.60,0.0038,3,3
and_or_diverse,14,24,600,720,2,16,120,40,0.70,0.0037,3,3
and_or_diverse,14,24,600,720,2,16,180,30,0.60,0.0038,3,3
and_or_diverse,14,24,600,720,2,16,180,30,0.70,0.0033,3,3
and_or_diverse,14,24,600,720,2,16,180,40,0.60,0.0037,3,3
and_or_diverse,14,24,600,720,2,16,180,40,0.70,0.0029,3,3
and_or_diverse,14,24,600,720,3,12,120,30,0.60,0.0023,3,3
and_or_diverse,14,24,600,720,3,12,120,30,0.70,0.0026,3,3
and_or_diverse,14,24,600,720,3,12,120,40,0.60,0.0022,3,3
and_or_diverse,14,24,600,720,3,12,120,40,0.70,0.0026,3,3
and_or_diverse,14,24,600,720,3,12,180,30,0.60,0.0038,3,3
and_or_diverse,14,24,600,720,3,12,180,30,0.70,0.0039,3,3
and_or_diverse,14,24,600,720,3,12,180,40,0.60,0.0032,3,3
and_or_diverse,14,24,600,720,3,12,180,40,0.70,0.0035,3,3
and_or_diverse,14,24,600,720,3,16,120,30,0.60,0.0022,3,3
and_or_diverse,14,24,600,720,3,16,120,30,0.70,0.0022,3,3
and_or_diverse,14,24,600,720,3,16,120,40,0.60,0.0025,3,3
and_or_diverse,14,24,600,720,3,16,120,40,0.70,0.0023,3,3
and_or_diverse,14,24,600,720,3,16,180,30,0.60,0.0024,3,3
and_or_diverse,14,24,600,720,3,16,180,30,0.70,0.0024,3,3
and_or_diverse,14,24,600,720,3,16,180,40,0.60,0.0029,3,3
and_or_diverse,14,24,600,720,3,16,180,40,0.70,0.0023,3,3
and_or_diverse,14,24,600,720,4,12,120,30,0.60,0.0035,3,3
and_or_diverse,14,24,600,720,4,12,120,30,0.70,0.0037,3,3
and_or_diverse,14,24,600,720,4,12,120,40,0.60,0.0021,3,3
and_or_diverse,14,24,600,720,4,12,120,40,0.70,0.0024,3,3
and_or_diverse,14,24,600,720,4,12,180,30,0.60,0.0024,3,3
and_or_diverse,14,24,600,720,4,12,180,30,0.70,0.0025,3,3
and_or_diverse,14,24,600,720,4,12,180,40,0.60,0.0023,3,3
and_or_diverse,14,24,600,720,4,12,180,40,0.70,0.0026,3,3
and_or_diverse,14,24,600,720,4,16,120,30,0.60,0.0022,3,3
and_or_diverse,14,24,600,720,4,16,120,30,0.70,0.0023,3,3
and_or_diverse,14,24,600,720,4,16,120,40,0.60,0.0024,3,3
and_or_diverse,14,24,600,720,4,16,120,40,0.70,0.0021,3,3
and_or_diverse,14,24,600,720,4,16,180,30,0.60,0.0022,3,3
and_or_diverse,14,24,600,720,4,16,180,30,0.70,0.0021,3,3
and_or_diverse,14,24,600,720,4,16,180,40,0.60,0.0025,3,3
and_or_diverse,14,24,600,720,4,16,180,40,0.70,0.0022,3,3
and_or_diverse,14,36,300,480,2,12,120,30,0.60,0.0021,3,3
and_or_diverse,14,36,300,480,2,12,120,30,0.70,0.0024,3,3
and_or_diverse,14,36,300,480,2,12,120,40,0.60,0.0022,3,3
and_or_diverse,14,36,300,480,2,12,120,40,0.70,0.0022,3,3
and_or_diverse,14,36,300,480,2,12,180,30,0.60,0.0022,3,3
and_or_diverse,14,36,300,480,2,12,180,30,0.70,0.0021,3,3
and_or_diverse,14,36,300,480,2,12,180,40,0.60,0.0021,3,3
and_or_diverse,14,36,300,480,2,12,180,40,0.70,0.0022,3,3
and_or_diverse,14,36,300,480,2,16,120,30,0.60,0.0022,3,3
and_or_diverse,14,36,300,480,2,16,120,30,0.70,0.0022,3,3
and_or_diverse,14,36,300,480,2,16,120,40,0.60,0.0024,3,3
and_or_diverse,14,36,300,480,2,16,120,40,0.70,0.0021,3,3
and_or_diverse,14,36,300,480,2,16,180,30,0.60,0.0021,3,3
and_or_diverse,14,36,300,480,2,16,180,30,0.70,0.0022,3,3
and_or_diverse,14,36,300,480,2,16,180,40,0.60,0.0021,3,3
and_or_diverse,14,36,300,480,2,16,180,40,0.70,0.0023,3,3
and_or_diverse,14,36,300,480,3,12,120,30,0.60,0.0023,3,3
and_or_diverse,14,36,300,480,3,12,120,30,0.70,0.0022,3,3
and_or_diverse,14,36,300,480,3,12,120,40,0.60,0.0024,3,3
and_or_diverse,14,36,300,480,3,12,120,40,0.70,0.0022,3,3
and_or_diverse,14,36,300,480,3,12,180,30,0.60,0.0024,3,3
and_or_diverse,14,36,300,480,3,12,180,30,0.70,0.0022,3,3
and_or_diverse,14,36,300,480,3,12,180,40,0.60,0.0021,3,3
and_or_diverse,14,36,300,480,3,12,180,40,0.70,0.0023,3,3
and_or_diverse,14,36,300,480,3,16,120,30,0.60,0.0022,3,3
and_or_diverse,14,36,300,480,3,16,120,30,0.70,0.0025,3,3
and_or_diverse,14,36,300,480,3,16,120,40,0.60,0.0022,3,3
and_or_diverse,14,36,300,480,3,16,120,40,0.70,0.0021,3,3
and_or_diverse,14,36,300,480,3,16,180,30,0.60,0.0023,3,3
and_or_diverse,14,36,300,480,3,16,180,30,0.70,0.0021,3,3
and_or_diverse,14,36,300,480,3,16,180,40,0.60,0.0022,3,3
and_or_diverse,14,36,300,480,3,16,180,40,0.70,0.0023,3,3
and_or_diverse,14,36,300,480,4,12,120,30,0.60,0.0024,3,3
and_or_diverse,14,36,300,480,4,12,120,30,0.70,0.0022,3,3
and_or_diverse,14,36,300,480,4,12,120,40,0.60,0.0022,3,3
and_or_diverse,14,36,300,480,4,12,120,40,0.70,0.0024,3,3
and_or_diverse,14,36,300,480,4,12,180,30,0.60,0.0025,3,3
and_or_diverse,14,36,300,480,4,12,180,30,0.70,0.0024,3,3
and_or_diverse,14,36,300,480,4,12,180,40,0.60,0.0024,3,3
and_or_diverse,14,36,300,480,4,12,180,40,0.70,0.0022,3,3
and_or_diverse,14,36,300,480,4,16,120,30,0.60,0.0026,3,3
and_or_diverse,14,36,300,480,4,16,120,30,0.70,0.0022,3,3
and_or_diverse,14,36,300,480,4,16,120,40,0.60,0.0023,3,3
and_or_diverse,14,36,300,480,4,16,120,40,0.70,0.0024,3,3
and_or_diverse,14,36,300,480,4,16,180,30,0.60,0.0021,3,3
and_or_diverse,14,36,300,480,4,16,180,30,0.70,0.0022,3,3
and_or_diverse,14,36,300,480,4,16,180,40,0.60,0.0023,3,3
and_or_diverse,14,36,300,480,4,16,180,40,0.70,0.0021,3,3
and_or_diverse,14,36,300,720,2,12,120,30,0.60,0.0024,3,3
and_or_diverse,14,36,300,720,2,12,120,30,0.70,0.0024,3,3
and_or_diverse,14,36,300,720,2,12,120,40,0.60,0.0022,3,3
and_or_diverse,14,36,300,720,2,12,120,40,0.70,0.0026,3,3
and_or_diverse,14,36,300,720,2,12,180,30,0.60,0.0021,3,3
and_or_diverse,14,36,300,720,2,12,180,30,0.70,0.0022,3,3
and_or_diverse,14,36,300,720,2,12,180,40,0.60,0.0022,3,3
and_or_diverse,14,36,300,720,2,12,180,40,0.70,0.0022,3,3
and_or_diverse,14,36,300,720,2,16,120,30,0.60,0.0025,3,3
and_or_diverse,14,36,300,720,2,16,120,30,0.70,0.0024,3,3
and_or_diverse,14,36,300,720,2,16,120,40,0.60,0.0023,3,3
and_or_diverse,14,36,300,720,2,16,120,40,0.70,0.0024,3,3
and_or_diverse,14,36,300,720,2,16,180,30,0.60,0.0023,3,3
and_or_diverse,14,36,300,720,2,16,180,30,0.70,0.0024,3,3
and_or_diverse,14,36,300,720,2,16,180,40,0.60,0.0025,3,3
and_or_diverse,14,36,300,720,2,16,180,40,0.70,0.0025,3,3
and_or_diverse,14,36,300,720,3,12,120,30,0.60,0.0025,3,3
and_or_diverse,14,36,300,720,3,12,120,30,0.70,0.0025,3,3
and_or_diverse,14,36,300,720,3,12,120,40,0.60,0.0027,3,3
and_or_diverse,14,36,300,720,3,12,120,40,0.70,0.0024,3,3
and_or_diverse,14,36,300,720,3,12,180,30,0.60,0.0024,3,3
and_or_diverse,14,36,300,720,3,12,180,30,0.70,0.0027,3,3
and_or_diverse,14,36,300,720,3,12,180,40,0.60,0.0027,3,3
and_or_diverse,14,36,300,720,3,12,180,40,0.70,0.0024,3,3
and_or_diverse,14,36,300,720,3,16,120,30,0.60,0.0024,3,3
and_or_diverse,14,36,300,720,3,16,120,30,0.70,0.0026,3,3
and_or_diverse,14,36,300,720,3,16,120,40,0.60,0.0024,3,3
and_or_diverse,14,36,300,720,3,16,120,40,0.70,0.0024,3,3
and_or_diverse,14,36,300,720,3,16,180,30,0.60,0.0025,3,3
and_or_diverse,14,36,300,720,3,16,180,30,0.70,0.0023,3,3
and_or_diverse,14,36,300,720,3,16,180,40,0.60,0.0025,3,3
and_or_diverse,14,36,300,720,3,16,180,40,0.70,0.0023,3,3
and_or_diverse,14,36,300,720,4,12,120,30,0.60,0.0023,3,3
and_or_diverse,14,36,300,720,4,12,120,30,0.70,0.0023,3,3
and_or_diverse,14,36,300,720,4,12,120,40,0.60,0.0023,3,3
and_or_diverse,14,36,300,720,4,12,120,40,0.70,0.0024,3,3
and_or_diverse,14,36,300,720,4,12,180,30,0.60,0.0023,3,3
and_or_diverse,14,36,300,720,4,12,180,30,0.70,0.0024,3,3
and_or_diverse,14,36,300,720,4,12,180,40,0.60,0.0025,3,3
and_or_diverse,14,36,300,720,4,12,180,40,0.70,0.0025,3,3
and_or_diverse,14,36,300,720,4,16,120,30,0.60,0.0025,3,3
and_or_diverse,14,36,300,720,4,16,120,30,0.70,0.0024,3,3
and_or_diverse,14,36,300,720,4,16,120,40,0.60,0.0027,3,3
and_or_diverse,14,36,300,720,4,16,120,40,0.70,0.0025,3,3
and_or_diverse,14,36,300,720,4,16,180,30,0.60,0.0023,3,3
and_or_diverse,14,36,300,720,4,16,180,30,0.70,0.0022,3,3
and_or_diverse,14,36,300,720,4,16,180,40,0.60,0.0022,3,3
and_or_diverse,14,36,300,720,4,16,180,40,0.70,0.0024,3,3
and_or_diverse,14,36,600,480,2,12,120,30,0.60,0.0023,3,3
and_or_diverse,14,36,600,480,2,12,120,30,0.70,0.0038,3,3
and_or_diverse,14,36,600,480,2,12,120,40,0.60,0.0022,3,3
and_or_diverse,14,36,600,480,2,12,120,40,0.70,0.0021,3,3
and_or_diverse,14,36,600,480,2,12,180,30,0.60,0.0021,3,3
and_or_diverse,14,36,600,480,2,12,180,30,0.70,0.0022,3,3
and_or_diverse,14,36,600,480,2,12,180,40,0.60,0.0023,3,3
and_or_diverse,14,36,600,480,2,12,180,40,0.70,0.0023,3,3
and_or_diverse,14,36,600,480,2,16,120,30,0.60,0.0023,3,3
and_or_diverse,14,36,600,480,2,16,120,30,0.70,0.0024,3,3
and_or_diverse,14,36,600,480,2,16,120,40,0.60,0.0023,3,3
and_or_diverse,14,36,600,480,2,16,120,40,0.70,0.0022,3,3
and_or_diverse,14,36,600,480,2,16,180,30,0.60,0.0022,3,3
and_or_diverse,14,36,600,480,2,16,180,30,0.70,0.0023,3,3
and_or_diverse,14,36,600,480,2,16,180,40,0.60,0.0027,3,3
and_or_diverse,14,36,600,480,2,16,180,40,0.70,0.0023,3,3
and_or_diverse,14,36,600,480,3,12,120,30,0.60,0.0024,3,3
and_or_diverse,14,36,600,480,3,12,120,30,0.70,0.0025,3,3
and_or_diverse,14,36,600,480,3,12,120,40,0.60,0.0023,3,3
and_or_diverse,14,36,600,480,3,12,120,40,0.70,0.0026,3,3
and_or_diverse,14,36,600,480,3,12,180,30,0.60,0.0021,3,3
and_or_diverse,14,36,600,480,3,12,180,30,0.70,0.0023,3,3
and_or_diverse,14,36,600,480,3,12,180,40,0.60,0.0028,3,3
and_or_diverse,14,36,600,480,3,12,180,40,0.70,0.0024,3,3
and_or_diverse,14,36,600,480,3,16,120,30,0.60,0.0021,3,3
and_or_diverse,14,36,600,480,3,16,120,30,0.70,0.0022,3,3
and_or_diverse,14,36,600,480,3,16,120,40,0.60,0.0023,3,3
and_or_diverse,14,36,600,480,3,16,120,40,0.70,0.0026,3,3
and_or_diverse,14,36,600,480,3,16,180,30,0.60,0.0025,3,3
and_or_diverse,14,36,600,480,3,16,180,30,0.70,0.0022,3,3
and_or_diverse,14,36,600,480,3,16,180,40,0.60,0.0027,3,3
and_or_diverse,14,36,600,480,3,16,180,40,0.70,0.0024,3,3
and_or_diverse,14,36,600,480,4,12,120,30,0.60,0.0023,3,3
and_or_diverse,14,36,600,480,4,12,120,30,0.70,0.0022,3,3
and_or_diverse,14,36,600,480,4,12,120,40,0.60,0.0026,3,3
and_or_diverse,14,36,600,480,4,12,120,40,0.70,0.0032,3,3
and_or_diverse,14,36,600,480,4,12,180,30,0.60,0.0026,3,3
and_or_diverse,14,36,600,480,4,12,180,30,0.70,0.0028,3,3
and_or_diverse,14,36,600,480,4,12,180,40,0.60,0.0032,3,3
and_or_diverse,14,36,600,480,4,12,180,40,0.70,0.0030,3,3
and_or_diverse,14,36,600,480,4,16,120,30,0.60,0.0028,3,3
and_or_diverse,14,36,600,480,4,16,120,30,0.70,0.0029,3,3
and_or_diverse,14,36,600,480,4,16,120,40,0.60,0.0029,3,3
and_or_diverse,14,36,600,480,4,16,120,40,0.70,0.0028,3,3
and_or_diverse,14,36,600,480,4,16,180,30,0.60,0.0028,3,3
and_or_diverse,14,36,600,480,4,16,180,30,0.70,0.0029,3,3
and_or_diverse,14,36,600,480,4,16,180,40,0.60,0.0030,3,3
and_or_diverse,14,36,600,480,4,16,180,40,0.70,0.0030,3,3
and_or_diverse,14,36,600,720,2,12,120,30,0.60,0.0027,3,3
and_or_diverse,14,36,600,720,2,12,120,30,0.70,0.0035,3,3
and_or_diverse,14,36,600,720,2,12,120,40,0.60,0.0023,3,3
and_or_diverse,14,36,600,720,2,12,120,40,0.70,0.0022,3,3
and_or_diverse,14,36,600,720,2,12,180,30,0.60,0.0024,3,3
and_or_diverse,14,36,600,720,2,12,180,30,0.70,0.0025,3,3
and_or_diverse,14,36,600,720,2,12,180,40,0.60,0.0024,3,3
and_or_diverse,14,36,600,720,2,12,180,40,0.70,0.0024,3,3
and_or_diverse,14,36,600,720,2,16,120,30,0.60,0.0023,3,3
and_or_diverse,14,36,600,720,2,16,120,30,0.70,0.0025,3,3
and_or_diverse,14,36,600,720,2,16,120,40,0.60,0.0027,3,3
and_or_diverse,14,36,600,720,2,16,120,40,0.70,0.0026,3,3
and_or_diverse,14,36,600,720,2,16,180,30,0.60,0.0028,3,3
and_or_diverse,14,36,600,720,2,16,180,30,0.70,0.0029,3,3
and_or_diverse,14,36,600,720,2,16,180,40,0.60,0.0024,3,3
and_or_diverse,14,36,600,720,2,16,180,40,0.70,0.0025,3,3
and_or_diverse,14,36,600,720,3,12,120,30,0.60,0.0024,3,3
and_or_diverse,14,36,600,720,3,12,120,30,0.70,0.0024,3,3
and_or_diverse,14,36,600,720,3,12,120,40,0.60,0.0025,3,3
and_or_diverse,14,36,600,720,3,12,120,40,0.70,0.0025,3,3
and_or_diverse,14,36,600,720,3,12,180,30,0.60,0.0029,3,3
and_or_diverse,14,36,600,720,3,12,180,30,0.70,0.0026,3,3
and_or_diverse,14,36,600,720,3,12,180,40,0.60,0.0026,3,3
and_or_diverse,14,36,600,720,3,12,180,40,0.70,0.0027,3,3
and_or_diverse,14,36,600,720,3,16,120,30,0.60,0.0024,3,3
and_or_diverse,14,36,600,720,3,16,120,30,0.70,0.0026,3,3
and_or_diverse,14,36,600,720,3,16,120,40,0.60,0.0041,3,3
and_or_diverse,14,36,600,720,3,16,120,40,0.70,0.0029,3,3
and_or_diverse,14,36,600,720,3,16,180,30,0.60,0.0024,3,3
and_or_diverse,14,36,600,720,3,16,180,30,0.70,0.0024,3,3
and_or_diverse,14,36,600,720,3,16,180,40,0.60,0.0024,3,3
and_or_diverse,14,36,600,720,3,16,180,40,0.70,0.0023,3,3
and_or_diverse,14,36,600,720,4,12,120,30,0.60,0.0024,3,3
and_or_diverse,14,36,600,720,4,12,120,30,0.70,0.0023,3,3
and_or_diverse,14,36,600,720,4,12,120,40,0.60,0.0026,3,3
and_or_diverse,14,36,600,720,4,12,120,40,0.70,0.0025,3,3
and_or_diverse,14,36,600,720,4,12,180,30,0.60,0.0032,3,3
and_or_diverse,14,36,600,720,4,12,180,30,0.70,0.0023,3,3
and_or_diverse,14,36,600,720,4,12,180,40,0.60,0.0024,3,3
and_or_diverse,14,36,600,720,4,12,180,40,0.70,0.0023,3,3
and_or_diverse,14,36,600,720,4,16,120,30,0.60,0.0029,3,3
and_or_diverse,14,36,600,720,4,16,120,30,0.70,0.0031,3,3
and_or_diverse,14,36,600,720,4,16,120,40,0.60,0.0026,3,3
and_or_diverse,14,36,600,720,4,16,120,40,0.70,0.0026,3,3
and_or_diverse,14,36,600,720,4,16,180,30,0.60,0.0028,3,3
and_or_diverse,14,36,600,720,4,16,180,30,0.70,0.0029,3,3
and_or_diverse,14,36,600,720,4,16,180,40,0.60,0.0033,3,3
and_or_diverse,14,36,600,720,4,16,180,40,0.70,0.0029,3,3
and_or_diverse,14,48,300,480,2,12,120,30,0.60,0.0025,3,3
and_or_diverse,14,48,300,480,2,12,120,30,0.70,0.0022,3,3
and_or_diverse,14,48,300,480,2,12,120,40,0.60,0.0022,3,3
and_or_diverse,14,48,300,480,2,12,120,40,0.70,0.0022,3,3
and_or_diverse,14,48,300,480,2,12,180,30,0.60,0.0022,3,3
and_or_diverse,14,48,300,480,2,12,180,30,0.70,0.0025,3,3
and_or_diverse,14,48,300,480,2,12,180,40,0.60,0.0026,3,3
and_or_diverse,14,48,300,480,2,12,180,40,0.70,0.0025,3,3
and_or_diverse,14,48,300,480,2,16,120,30,0.60,0.0027,3,3
and_or_diverse,14,48,300,480,2,16,120,30,0.70,0.0028,3,3
and_or_diverse,14,48,300,480,2,16,120,40,0.60,0.0024,3,3
and_or_diverse,14,48,300,480,2,16,120,40,0.70,0.0023,3,3
and_or_diverse,14,48,300,480,2,16,180,30,0.60,0.0025,3,3
and_or_diverse,14,48,300,480,2,16,180,30,0.70,0.0023,3,3
and_or_diverse,14,48,300,480,2,16,180,40,0.60,0.0023,3,3
and_or_diverse,14,48,300,480,2,16,180,40,0.70,0.0022,3,3
and_or_diverse,14,48,300,480,3,12,120,30,0.60,0.0022,3,3
and_or_diverse,14,48,300,480,3,12,120,30,0.70,0.0025,3,3
and_or_diverse,14,48,300,480,3,12,120,40,0.60,0.0023,3,3
and_or_diverse,14,48,300,480,3,12,120,40,0.70,0.0024,3,3
and_or_diverse,14,48,300,480,3,12,180,30,0.60,0.0024,3,3
and_or_diverse,14,48,300,480,3,12,180,30,0.70,0.0025,3,3
and_or_diverse,14,48,300,480,3,12,180,40,0.60,0.0025,3,3
and_or_diverse,14,48,300,480,3,12,180,40,0.70,0.0025,3,3
and_or_diverse,14,48,300,480,3,16,120,30,0.60,0.0028,3,3
and_or_diverse,14,48,300,480,3,16,120,30,0.70,0.0029,3,3
and_or_diverse,14,48,300,480,3,16,120,40,0.60,0.0025,3,3
and_or_diverse,14,48,300,480,3,16,120,40,0.70,0.0043,3,3
and_or_diverse,14,48,300,480,3,16,180,30,0.60,0.0025,3,3
and_or_diverse,14,48,300,480,3,16,180,30,0.70,0.0028,3,3
and_or_diverse,14,48,300,480,3,16,180,40,0.60,0.0044,3,3
and_or_diverse,14,48,300,480,3,16,180,40,0.70,0.0037,3,3
and_or_diverse,14,48,300,480,4,12,120,30,0.60,0.0031,3,3
and_or_diverse,14,48,300,480,4,12,120,30,0.70,0.0029,3,3
and_or_diverse,14,48,300,480,4,12,120,40,0.60,0.0023,3,3
and_or_diverse,14,48,300,480,4,12,120,40,0.70,0.0034,3,3
and_or_diverse,14,48,300,480,4,12,180,30,0.60,0.0026,3,3
and_or_diverse,14,48,300,480,4,12,180,30,0.70,0.0027,3,3
and_or_diverse,14,48,300,480,4,12,180,40,0.60,0.0038,3,3
and_or_diverse,14,48,300,480,4,12,180,40,0.70,0.0039,3,3
and_or_diverse,14,48,300,480,4,16,120,30,0.60,0.0026,3,3
and_or_diverse,14,48,300,480,4,16,120,30,0.70,0.0025,3,3
and_or_diverse,14,48,300,480,4,16,120,40,0.60,0.0023,3,3
and_or_diverse,14,48,300,480,4,16,120,40,0.70,0.0025,3,3
and_or_diverse,14,48,300,480,4,16,180,30,0.60,0.0024,3,3
and_or_diverse,14,48,300,480,4,16,180,30,0.70,0.0025,3,3
and_or_diverse,14,48,300,480,4,16,180,40,0.60,0.0025,3,3
and_or_diverse,14,48,300,480,4,16,180,40,0.70,0.0025,3,3
and_or_diverse,14,48,300,720,2,12,120,30,0.60,0.0029,3,3
and_or_diverse,14,48,300,720,2,12,120,30,0.70,0.0028,3,3
and_or_diverse,14,48,300,720,2,12,120,40,0.60,0.0026,3,3
and_or_diverse,14,48,300,720,2,12,120,40,0.70,0.0030,3,3
and_or_diverse,14,48,300,720,2,12,180,30,0.60,0.0030,3,3
and_or_diverse,14,48,300,720,2,12,180,30,0.70,0.0028,3,3
and_or_diverse,14,48,300,720,2,12,180,40,0.60,0.0027,3,3
and_or_diverse,14,48,300,720,2,12,180,40,0.70,0.0026,3,3
and_or_diverse,14,48,300,720,2,16,120,30,0.60,0.0027,3,3
and_or_diverse,14,48,300,720,2,16,120,30,0.70,0.0027,3,3
and_or_diverse,14,48,300,720,2,16,120,40,0.60,0.0026,3,3
and_or_diverse,14,48,300,720,2,16,120,40,0.70,0.0028,3,3
and_or_diverse,14,48,300,720,2,16,180,30,0.60,0.0023,3,3
and_or_diverse,14,48,300,720,2,16,180,30,0.70,0.0022,3,3
and_or_diverse,14,48,300,720,2,16,180,40,0.60,0.0024,3,3
and_or_diverse,14,48,300,720,2,16,180,40,0.70,0.0024,3,3
and_or_diverse,14,48,300,720,3,12,120,30,0.60,0.0022,3,3
and_or_diverse,14,48,300,720,3,12,120,30,0.70,0.0024,3,3
and_or_diverse,14,48,300,720,3,12,120,40,0.60,0.0024,3,3
and_or_diverse,14,48,300,720,3,12,120,40,0.70,0.0024,3,3
and_or_diverse,14,48,300,720,3,12,180,30,0.60,0.0024,3,3
and_or_diverse,14,48,300,720,3,12,180,30,0.70,0.0025,3,3
and_or_diverse,14,48,300,720,3,12,180,40,0.60,0.0025,3,3
and_or_diverse,14,48,300,720,3,12,180,40,0.70,0.0026,3,3
and_or_diverse,14,48,300,720,3,16,120,30,0.60,0.0024,3,3
and_or_diverse,14,48,300,720,3,16,120,30,0.70,0.0023,3,3
and_or_diverse,14,48,300,720,3,16,120,40,0.60,0.0026,3,3
and_or_diverse,14,48,300,720,3,16,120,40,0.70,0.0023,3,3
and_or_diverse,14,48,300,720,3,16,180,30,0.60,0.0025,3,3
and_or_diverse,14,48,300,720,3,16,180,30,0.70,0.0024,3,3
and_or_diverse,14,48,300,720,3,16,180,40,0.60,0.0024,3,3
and_or_diverse,14,48,300,720,3,16,180,40,0.70,0.0024,3,3
and_or_diverse,14,48,300,720,4,12,120,30,0.60,0.0024,3,3
and_or_diverse,14,48,300,720,4,12,120,30,0.70,0.0024,3,3
and_or_diverse,14,48,300,720,4,12,120,40,0.60,0.0023,3,3
and_or_diverse,14,48,300,720,4,12,120,40,0.70,0.0025,3,3
and_or_diverse,14,48,300,720,4,12,180,30,0.60,0.0026,3,3
and_or_diverse,14,48,300,720,4,12,180,30,0.70,0.0026,3,3
and_or_diverse,14,48,300,720,4,12,180,40,0.60,0.0023,3,3
and_or_diverse,14,48,300,720,4,12,180,40,0.70,0.0023,3,3
and_or_diverse,14,48,300,720,4,16,120,30,0.60,0.0025,3,3
and_or_diverse,14,48,300,720,4,16,120,30,0.70,0.0024,3,3
and_or_diverse,14,48,300,720,4,16,120,40,0.60,0.0024,3,3
and_or_diverse,14,48,300,720,4,16,120,40,0.70,0.0022,3,3
and_or_diverse,14,48,300,720,4,16,180,30,0.60,0.0025,3,3
and_or_diverse,14,48,300,720,4,16,180,30,0.70,0.0025,3,3
and_or_diverse,14,48,300,720,4,16,180,40,0.60,0.0029,3,3
and_or_diverse,14,48,300,720,4,16,180,40,0.70,0.0022,3,3
and_or_diverse,14,48,600,480,2,12,120,30,0.60,0.0022,3,3
and_or_diverse,14,48,600,480,2,12,120,30,0.70,0.0022,3,3
and_or_diverse,14,48,600,480,2,12,120,40,0.60,0.0021,3,3
and_or_diverse,14,48,600,480,2,12,120,40,0.70,0.0026,3,3
and_or_diverse,14,48,600,480,2,12,180,30,0.60,0.0023,3,3
and_or_diverse,14,48,600,480,2,12,180,30,0.70,0.0028,3,3
and_or_diverse,14,48,600,480,2,12,180,40,0.60,0.0028,3,3
and_or_diverse,14,48,600,480,2,12,180,40,0.70,0.0027,3,3
and_or_diverse,14,48,600,480,2,16,120,30,0.60,0.0025,3,3
and_or_diverse,14,48,600,480,2,16,120,30,0.70,0.0024,3,3
and_or_diverse,14,48,600,480,2,16,120,40,0.60,0.0021,3,3
and_or_diverse,14,48,600,480,2,16,120,40,0.70,0.0023,3,3
and_or_diverse,14,48,600,480,2,16,180,30,0.60,0.0022,3,3
and_or_diverse,14,48,600,480,2,16,180,30,0.70,0.0023,3,3
and_or_diverse,14,48,600,480,2,16,180,40,0.60,0.0024,3,3
and_or_diverse,14,48,600,480,2,16,180,40,0.70,0.0024,3,3
and_or_diverse,14,48,600,480,3,12,120,30,0.60,0.0023,3,3
and_or_diverse,14,48,600,480,3,12,120,30,0.70,0.0023,3,3
and_or_diverse,14,48,600,480,3,12,120,40,0.60,0.0029,3,3
and_or_diverse,14,48,600,480,3,12,120,40,0.70,0.0031,3,3
and_or_diverse,14,48,600,480,3,12,180,30,0.60,0.0026,3,3
and_or_diverse,14,48,600,480,3,12,180,30,0.70,0.0028,3,3
and_or_diverse,14,48,600,480,3,12,180,40,0.60,0.0026,3,3
and_or_diverse,14,48,600,480,3,12,180,40,0.70,0.0028,3,3
and_or_diverse,14,48,600,480,3,16,120,30,0.60,0.0025,3,3
and_or_diverse,14,48,600,480,3,16,120,30,0.70,0.0026,3,3
and_or_diverse,14,48,600,480,3,16,120,40,0.60,0.0027,3,3
and_or_diverse,14,48,600,480,3,16,120,40,0.70,0.0025,3,3
and_or_diverse,14,48,600,480,3,16,180,30,0.60,0.0027,3,3
and_or_diverse,14,48,600,480,3,16,180,30,0.70,0.0030,3,3
and_or_diverse,14,48,600,480,3,16,180,40,0.60,0.0027,3,3
and_or_diverse,14,48,600,480,3,16,180,40,0.70,0.0027,3,3
and_or_diverse,14,48,600,480,4,12,120,30,0.60,0.0025,3,3
and_or_diverse,14,48,600,480,4,12,120,30,0.70,0.0024,3,3
and_or_diverse,14,48,600,480,4,12,120,40,0.60,0.0027,3,3
and_or_diverse,14,48,600,480,4,12,120,40,0.70,0.0031,3,3
and_or_diverse,14,48,600,480,4,12,180,30,0.60,0.0025,3,3
and_or_diverse,14,48,600,480,4,12,180,30,0.70,0.0027,3,3
and_or_diverse,14,48,600,480,4,12,180,40,0.60,0.0024,3,3
and_or_diverse,14,48,600,480,4,12,180,40,0.70,0.0025,3,3
and_or_diverse,14,48,600,480,4,16,120,30,0.60,0.0023,3,3
and_or_diverse,14,48,600,480,4,16,120,30,0.70,0.0024,3,3
and_or_diverse,14,48,600,480,4,16,120,40,0.60,0.0023,3,3
and_or_diverse,14,48,600,480,4,16,120,40,0.70,0.0026,3,3
and_or_diverse,14,48,600,480,4,16,180,30,0.60,0.0023,3,3
and_or_diverse,14,48,600,480,4,16,180,30,0.70,0.0025,3,3
and_or_diverse,14,48,600,480,4,16,180,40,0.60,0.0034,3,3
and_or_diverse,14,48,600,480,4,16,180,40,0.70,0.0030,3,3
and_or_diverse,14,48,600,720,2,12,120,30,0.60,0.0025,3,3
and_or_diverse,14,48,600,720,2,12,120,30,0.70,0.0029,3,3
and_or_diverse,14,48,600,720,2,12,120,40,0.60,0.0028,3,3
and_or_diverse,14,48,600,720,2,12,120,40,0.70,0.0029,3,3
and_or_diverse,14,48,600,720,2,12,180,30,0.60,0.0030,3,3
and_or_diverse,14,48,600,720,2,12,180,30,0.70,0.0025,3,3
and_or_diverse,14,48,600,720,2,12,180,40,0.60,0.0024,3,3
and_or_diverse,14,48,600,720,2,12,180,40,0.70,0.0025,3,3
and_or_diverse,14,48,600,720,2,16,120,30,0.60,0.0024,3,3
and_or_diverse,14,48,600,720,2,16,120,30,0.70,0.0026,3,3
and_or_diverse,14,48,600,720,2,16,120,40,0.60,0.0024,3,3
and_or_diverse,14,48,600,720,2,16,120,40,0.70,0.0029,3,3
and_or_diverse,14,48,600,720,2,16,180,30,0.60,0.0024,3,3
and_or_diverse,14,48,600,720,2,16,180,30,0.70,0.0029,3,3
and_or_diverse,14,48,600,720,2,16,180,40,0.60,0.0030,3,3
and_or_diverse,14,48,600,720,2,16,180,40,0.70,0.0028,3,3
and_or_diverse,14,48,600,720,3,12,120,30,0.60,0.0025,3,3
and_or_diverse,14,48,600,720,3,12,120,30,0.70,0.0022,3,3
and_or_diverse,14,48,600,720,3,12,120,40,0.60,0.0035,3,3
and_or_diverse,14,48,600,720,3,12,120,40,0.70,0.0026,3,3
and_or_diverse,14,48,600,720,3,12,180,30,0.60,0.0025,3,3
and_or_diverse,14,48,600,720,3,12,180,30,0.70,0.0025,3,3
and_or_diverse,14,48,600,720,3,12,180,40,0.60,0.0027,3,3
and_or_diverse,14,48,600,720,3,12,180,40,0.70,0.0031,3,3
and_or_diverse,14,48,600,720,3,16,120,30,0.60,0.0024,3,3
and_or_diverse,14,48,600,720,3,16,120,30,0.70,0.0026,3,3
and_or_diverse,14,48,600,720,3,16,120,40,0.60,0.0026,3,3
and_or_diverse,14,48,600,720,3,16,120,40,0.70,0.0025,3,3
and_or_diverse,14,48,600,720,3,16,180,30,0.60,0.0030,3,3
and_or_diverse,14,48,600,720,3,16,180,30,0.70,0.0033,3,3
and_or_diverse,14,48,600,720,3,16,180,40,0.60,0.0031,3,3
and_or_diverse,14,48,600,720,3,16,180,40,0.70,0.0023,3,3
and_or_diverse,14,48,600,720,4,12,120,30,0.60,0.0024,3,3
and_or_diverse,14,48,600,720,4,12,120,30,0.70,0.0024,3,3
and_or_diverse,14,48,600,720,4,12,120,40,0.60,0.0024,3,3
and_or_diverse,14,48,600,720,4,12,120,40,0.70,0.0027,3,3
and_or_diverse,14,48,600,720,4,12,180,30,0.60,0.0023,3,3
and_or_diverse,14,48,600,720,4,12,180,30,0.70,0.0027,3,3
and_or_diverse,14,48,600,720,4,12,180,40,0.60,0.0023,3,3
and_or_diverse,14,48,600,720,4,12,180,40,0.70,0.0023,3,3
and_or_diverse,14,48,600,720,4,16,120,30,0.60,0.0024,3,3
and_or_diverse,14,48,600,720,4,16,120,30,0.70,0.0025,3,3
and_or_diverse,14,48,600,720,4,16,120,40,0.60,0.0024,3,3
and_or_diverse,14,48,600,720,4,16,120,40,0.70,0.0023,3,3
and_or_diverse,14,48,600,720,4,16,180,30,0.60,0.0025,3,3
and_or_diverse,14,48,600,720,4,16,180,30,0.70,0.0023,3,3
and_or_diverse,14,48,600,720,4,16,180,40,0.60,0.0024,3,3
and_or_diverse,14,48,600,720,4,16,180,40,0.70,0.0022,3,3
and_or_diverse,16,24,300,480,2,12,120,30,0.60,0.0027,3,3
and_or_diverse,16,24,300,480,2,12,120,30,0.70,0.0025,3,3
and_or_diverse,16,24,300,480,2,12,120,40,0.60,0.0024,3,3
and_or_diverse,16,24,300,480,2,12,120,40,0.70,0.0026,3,3
and_or_diverse,16,24,300,480,2,12,180,30,0.60,0.0022,3,3
and_or_diverse,16,24,300,480,2,12,180,30,0.70,0.0023,3,3
and_or_diverse,16,24,300,480,2,12,180,40,0.60,0.0022,3,3
and_or_diverse,16,24,300,480,2,12,180,40,0.70,0.0026,3,3
and_or_diverse,16,24,300,480,2,16,120,30,0.60,0.0024,3,3
and_or_diverse,16,24,300,480,2,16,120,30,0.70,0.0025,3,3
and_or_diverse,16,24,300,480,2,16,120,40,0.60,0.0032,3,3
and_or_diverse,16,24,300,480,2,16,120,40,0.70,0.0026,3,3
and_or_diverse,16,24,300,480,2,16,180,30,0.60,0.0024,3,3
and_or_diverse,16,24,300,480,2,16,180,30,0.70,0.0023,3,3
and_or_diverse,16,24,300,480,2,16,180,40,0.60,0.0023,3,3
and_or_diverse,16,24,300,480,2,16,180,40,0.70,0.0024,3,3
and_or_diverse,16,24,300,480,3,12,120,30,0.60,0.0021,3,3
and_or_diverse,16,24,300,480,3,12,120,30,0.70,0.0024,3,3
and_or_diverse,16,24,300,480,3,12,120,40,0.60,0.0025,3,3
and_or_diverse,16,24,300,480,3,12,120,40,0.70,0.0031,3,3
and_or_diverse,16,24,300,480,3,12,180,30,0.60,0.0028,3,3
and_or_diverse,16,24,300,480,3,12,180,30,0.70,0.0028,3,3
and_or_diverse,16,24,300,480,3,12,180,40,0.60,0.0028,3,3
and_or_diverse,16,24,300,480,3,12,180,40,0.70,0.0026,3,3
and_or_diverse,16,24,300,480,3,16,120,30,0.60,0.0028,3,3
and_or_diverse,16,24,300,480,3,16,120,30,0.70,0.0027,3,3
and_or_diverse,16,24,300,480,3,16,120,40,0.60,0.0026,3,3
and_or_diverse,16,24,300,480,3,16,120,40,0.70,0.0027,3,3
and_or_diverse,16,24,300,480,3,16,180,30,0.60,0.0027,3,3
and_or_diverse,16,24,300,480,3,16,180,30,0.70,0.0042,3,3
and_or_diverse,16,24,300,480,3,16,180,40,0.60,0.0029,3,3
and_or_diverse,16,24,300,480,3,16,180,40,0.70,0.0027,3,3
and_or_diverse,16,24,300,480,4,12,120,30,0.60,0.0028,3,3
and_or_diverse,16,24,300,480,4,12,120,30,0.70,0.0027,3,3
and_or_diverse,16,24,300,480,4,12,120,40,0.60,0.0028,3,3
and_or_diverse,16,24,300,480,4,12,120,40,0.70,0.0033,3,3
and_or_diverse,16,24,300,480,4,12,180,30,0.60,0.0024,3,3
and_or_diverse,16,24,300,480,4,12,180,30,0.70,0.0026,3,3
and_or_diverse,16,24,300,480,4,12,180,40,0.60,0.0023,3,3
and_or_diverse,16,24,300,480,4,12,180,40,0.70,0.0025,3,3
and_or_diverse,16,24,300,480,4,16,120,30,0.60,0.0025,3,3
and_or_diverse,16,24,300,480,4,16,120,30,0.70,0.0026,3,3
and_or_diverse,16,24,300,480,4,16,120,40,0.60,0.0026,3,3
and_or_diverse,16,24,300,480,4,16,120,40,0.70,0.0032,3,3
and_or_diverse,16,24,300,480,4,16,180,30,0.60,0.0024,3,3
and_or_diverse,16,24,300,480,4,16,180,30,0.70,0.0023,3,3
and_or_diverse,16,24,300,480,4,16,180,40,0.60,0.0024,3,3
and_or_diverse,16,24,300,480,4,16,180,40,0.70,0.0024,3,3
and_or_diverse,16,24,300,720,2,12,120,30,0.60,0.0024,3,3
and_or_diverse,16,24,300,720,2,12,120,30,0.70,0.0023,3,3
and_or_diverse,16,24,300,720,2,12,120,40,0.60,0.0023,3,3
and_or_diverse,16,24,300,720,2,12,120,40,0.70,0.0030,3,3
and_or_diverse,16,24,300,720,2,12,180,30,0.60,0.0022,3,3
and_or_diverse,16,24,300,720,2,12,180,30,0.70,0.0025,3,3
and_or_diverse,16,24,300,720,2,12,180,40,0.60,0.0023,3,3
and_or_diverse,16,24,300,720,2,12,180,40,0.70,0.0027,3,3
and_or_diverse,16,24,300,720,2,16,120,30,0.60,0.0024,3,3
and_or_diverse,16,24,300,720,2,16,120,30,0.70,0.0038,3,3
and_or_diverse,16,24,300,720,2,16,120,40,0.60,0.0034,3,3
and_or_diverse,16,24,300,720,2,16,120,40,0.70,0.0028,3,3
and_or_diverse,16,24,300,720,2,16,180,30,0.60,0.0022,3,3
and_or_diverse,16,24,300,720,2,16,180,30,0.70,0.0022,3,3
and_or_diverse,16,24,300,720,2,16,180,40,0.60,0.0023,3,3
and_or_diverse,16,24,300,720,2,16,180,40,0.70,0.0021,3,3
and_or_diverse,16,24,300,720,3,12,120,30,0.60,0.0022,3,3
and_or_diverse,16,24,300,720,3,12,120,30,0.70,0.0022,3,3
and_or_diverse,16,24,300,720,3,12,120,40,0.60,0.0023,3,3
and_or_diverse,16,24,300,720,3,12,120,40,0.70,0.0024,3,3
and_or_diverse,16,24,300,720,3,12,180,30,0.60,0.0022,3,3
and_or_diverse,16,24,300,720,3,12,180,30,0.70,0.0024,3,3
and_or_diverse,16,24,300,720,3,12,180,40,0.60,0.0023,3,3
and_or_diverse,16,24,300,720,3,12,180,40,0.70,0.0025,3,3
and_or_diverse,16,24,300,720,3,16,120,30,0.60,0.0028,3,3
and_or_diverse,16,24,300,720,3,16,120,30,0.70,0.0030,3,3
and_or_diverse,16,24,300,720,3,16,120,40,0.60,0.0029,3,3
and_or_diverse,16,24,300,720,3,16,120,40,0.70,0.0024,3,3
and_or_diverse,16,24,300,720,3,16,180,30,0.60,0.0023,3,3
and_or_diverse,16,24,300,720,3,16,180,30,0.70,0.0024,3,3
and_or_diverse,16,24,300,720,3,16,180,40,0.60,0.0023,3,3
and_or_diverse,16,24,300,720,3,16,180,40,0.70,0.0024,3,3
and_or_diverse,16,24,300,720,4,12,120,30,0.60,0.0024,3,3
and_or_diverse,16,24,300,720,4,12,120,30,0.70,0.0028,3,3
and_or_diverse,16,24,300,720,4,12,120,40,0.60,0.0023,3,3
and_or_diverse,16,24,300,720,4,12,120,40,0.70,0.0025,3,3
and_or_diverse,16,24,300,720,4,12,180,30,0.60,0.0023,3,3
and_or_diverse,16,24,300,720,4,12,180,30,0.70,0.0027,3,3
and_or_diverse,16,24,300,720,4,12,180,40,0.60,0.0029,3,3
and_or_diverse,16,24,300,720,4,12,180,40,0.70,0.0026,3,3
and_or_diverse,16,24,300,720,4,16,120,30,0.60,0.0024,3,3
and_or_diverse,16,24,300,720,4,16,120,30,0.70,0.0025,3,3
and_or_diverse,16,24,300,720,4,16,120,40,0.60,0.0022,3,3
and_or_diverse,16,24,300,720,4,16,120,40,0.70,0.0023,3,3
and_or_diverse,16,24,300,720,4,16,180,30,0.60,0.0023,3,3
and_or_diverse,16,24,300,720,4,16,180,30,0.70,0.0024,3,3
and_or_diverse,16,24,300,720,4,16,180,40,0.60,0.0033,3,3
and_or_diverse,16,24,300,720,4,16,180,40,0.70,0.0024,3,3
and_or_diverse,16,24,600,480,2,12,120,30,0.60,0.0026,3,3
and_or_diverse,16,24,600,480,2,12,120,30,0.70,0.0024,3,3
and_or_diverse,16,24,600,480,2,12,120,40,0.60,0.0026,3,3
and_or_diverse,16,24,600,480,2,12,120,40,0.70,0.0030,3,3
and_or_diverse,16,24,600,480,2,12,180,30,0.60,0.0026,3,3
and_or_diverse,16,24,600,480,2,12,180,30,0.70,0.0026,3,3
and_or_diverse,16,24,600,480,2,12,180,40,0.60,0.0026,3,3
and_or_diverse,16,24,600,480,2,12,180,40,0.70,0.0026,3,3
and_or_diverse,16,24,600,480,2,16,120,30,0.60,0.0029,3,3
and_or_diverse,16,24,600,480,2,16,120,30,0.70,0.0026,3,3
and_or_diverse,16,24,600,480,2,16,120,40,0.60,0.0025,3,3
and_or_diverse,16,24,600,480,2,16,120,40,0.70,0.0025,3,3
and_or_diverse,16,24,600,480,2,16,180,30,0.60,0.0027,3,3
and_or_diverse,16,24,600,480,2,16,180,30,0.70,0.0027,3,3
and_or_diverse,16,24,600,480,2,16,180,40,0.60,0.0024,3,3
and_or_diverse,16,24,600,480,2,16,180,40,0.70,0.0026,3,3
and_or_diverse,16,24,600,480,3,12,120,30,0.60,0.0023,3,3
and_or_diverse,16,24,600,480,3,12,120,30,0.70,0.0024,3,3
and_or_diverse,16,24,600,480,3,12,120,40,0.60,0.0038,3,3
and_or_diverse,16,24,600,480,3,12,120,40,0.70,0.0035,3,3
and_or_diverse,16,24,600,480,3,12,180,30,0.60,0.0031,3,3
and_or_diverse,16,24,600,480,3,12,180,30,0.70,0.0027,3,3
and_or_diverse,16,24,600,480,3,12,180,40,0.60,0.0024,3,3
and_or_diverse,16,24,600,480,3,12,180,40,0.70,0.0022,3,3
and_or_diverse,16,24,600,480,3,16,120,30,0.60,0.0025,3,3
and_or_diverse,16,24,600,480,3,16,120,30,0.70,0.0025,3,3
and_or_diverse,16,24,600,480,3,16,120,40,0.60,0.0025,3,3
and_or_diverse,16,24,600,480,3,16,120,40,0.70,0.0025,3,3
and_or_diverse,16,24,600,480,3,16,180,30,0.60,0.0032,3,3
and_or_diverse,16,24,600,480,3,16,180,30,0.70,0.0030,3,3
and_or_diverse,16,24,600,480,3,16,180,40,0.60,0.0031,3,3
and_or_diverse,16,24,600,480,3,16,180,40,0.70,0.0034,3,3
and_or_diverse,16,24,600,480,4,12,120,30,0.60,0.0021,3,3
and_or_diverse,16,24,600,480,4,12,120,30,0.70,0.0032,3,3
and_or_diverse,16,24,600,480,4,12,120,40,0.60,0.0025,3,3
and_or_diverse,16,24,600,480,4,12,120,40,0.70,0.0025,3,3
and_or_diverse,16,24,600,480,4,12,180,30,0.60,0.0022,3,3
and_or_diverse,16,24,600,480,4,12,180,30,0.70,0.0025,3,3
and_or_diverse,16,24,600,480,4,12,180,40,0.60,0.0021,3,3
and_or_diverse,16,24,600,480,4,12,180,40,0.70,0.0025,3,3
and_or_diverse,16,24,600,480,4,16,120,30,0.60,0.0023,3,3
and_or_diverse,16,24,600,480,4,16,120,30,0.70,0.0023,3,3
and_or_diverse,16,24,600,480,4,16,120,40,0.60,0.0024,3,3
and_or_diverse,16,24,600,480,4,16,120,40,0.70,0.0022,3,3
and_or_diverse,16,24,600,480,4,16,180,30,0.60,0.0023,3,3
and_or_diverse,16,24,600,480,4,16,180,30,0.70,0.0022,3,3
and_or_diverse,16,24,600,480,4,16,180,40,0.60,0.0023,3,3
and_or_diverse,16,24,600,480,4,16,180,40,0.70,0.0024,3,3
and_or_diverse,16,24,600,720,2,12,120,30,0.60,0.0024,3,3
and_or_diverse,16,24,600,720,2,12,120,30,0.70,0.0026,3,3
and_or_diverse,16,24,600,720,2,12,120,40,0.60,0.0023,3,3
and_or_diverse,16,24,600,720,2,12,120,40,0.70,0.0025,3,3
and_or_diverse,16,24,600,720,2,12,180,30,0.60,0.0024,3,3
and_or_diverse,16,24,600,720,2,12,180,30,0.70,0.0023,3,3
and_or_diverse,16,24,600,720,2,12,180,40,0.60,0.0023,3,3
and_or_diverse,16,24,600,720,2,12,180,40,0.70,0.0021,3,3
and_or_diverse,16,24,600,720,2,16,120,30,0.60,0.0022,3,3
and_or_diverse,16,24,600,720,2,16,120,30,0.70,0.0022,3,3
and_or_diverse,16,24,600,720,2,16,120,40,0.60,0.0022,3,3
and_or_diverse,16,24,600,720,2,16,120,40,0.70,0.0023,3,3
and_or_diverse,16,24,600,720,2,16,180,30,0.60,0.0026,3,3
and_or_diverse,16,24,600,720,2,16,180,30,0.70,0.0032,3,3
and_or_diverse,16,24,600,720,2,16,180,40,0.60,0.0024,3,3
and_or_diverse,16,24,600,720,2,16,180,40,0.70,0.0023,3,3
and_or_diverse,16,24,600,720,3,12,120,30,0.60,0.0023,3,3
and_or_diverse,16,24,600,720,3,12,120,30,0.70,0.0022,3,3
and_or_diverse,16,24,600,720,3,12,120,40,0.60,0.0023,3,3
and_or_diverse,16,24,600,720,3,12,120,40,0.70,0.0022,3,3
and_or_diverse,16,24,600,720,3,12,180,30,0.60,0.0022,3,3
and_or_diverse,16,24,600,720,3,12,180,30,0.70,0.0023,3,3
and_or_diverse,16,24,600,720,3,12,180,40,0.60,0.0023,3,3
and_or_diverse,16,24,600,720,3,12,180,40,0.70,0.0024,3,3
and_or_diverse,16,24,600,720,3,16,120,30,0.60,0.0023,3,3
and_or_diverse,16,24,600,720,3,16,120,30,0.70,0.0022,3,3
and_or_diverse,16,24,600,720,3,16,120,40,0.60,0.0023,3,3
and_or_diverse,16,24,600,720,3,16,120,40,0.70,0.0023,3,3
and_or_diverse,16,24,600,720,3,16,180,30,0.60,0.0027,3,3
and_or_diverse,16,24,600,720,3,16,180,30,0.70,0.0024,3,3
and_or_diverse,16,24,600,720,3,16,180,40,0.60,0.0022,3,3
and_or_diverse,16,24,600,720,3,16,180,40,0.70,0.0025,3,3
and_or_diverse,16,24,600,720,4,12,120,30,0.60,0.0022,3,3
and_or_diverse,16,24,600,720,4,12,120,30,0.70,0.0023,3,3
and_or_diverse,16,24,600,720,4,12,120,40,0.60,0.0025,3,3
and_or_diverse,16,24,600,720,4,12,120,40,0.70,0.0023,3,3
and_or_diverse,16,24,600,720,4,12,180,30,0.60,0.0024,3,3
and_or_diverse,16,24,600,720,4,12,180,30,0.70,0.0023,3,3
and_or_diverse,16,24,600,720,4,12,180,40,0.60,0.0023,3,3
and_or_diverse,16,24,600,720,4,12,180,40,0.70,0.0022,3,3
and_or_diverse,16,24,600,720,4,16,120,30,0.60,0.0024,3,3
and_or_diverse,16,24,600,720,4,16,120,30,0.70,0.0022,3,3
and_or_diverse,16,24,600,720,4,16,120,40,0.60,0.0024,3,3
and_or_diverse,16,24,600,720,4,16,120,40,0.70,0.0023,3,3
and_or_diverse,16,24,600,720,4,16,180,30,0.60,0.0023,3,3
and_or_diverse,16,24,600,720,4,16,180,30,0.70,0.0024,3,3
and_or_diverse,16,24,600,720,4,16,180,40,0.60,0.0023,3,3
and_or_diverse,16,24,600,720,4,16,180,40,0.70,0.0024,3,3
and_or_diverse,16,36,300,480,2,12,120,30,0.60,0.0024,3,3
and_or_diverse,16,36,300,480,2,12,120,30,0.70,0.0023,3,3
and_or_diverse,16,36,300,480,2,12,120,40,0.60,0.0023,3,3
and_or_diverse,16,36,300,480,2,12,120,40,0.70,0.0023,3,3
and_or_diverse,16,36,300,480,2,12,180,30,0.60,0.0023,3,3
and_or_diverse,16,36,300,480,2,12,180,30,0.70,0.0023,3,3
and_or_diverse,16,36,300,480,2,12,180,40,0.60,0.0023,3,3
and_or_diverse,16,36,300,480,2,12,180,40,0.70,0.0024,3,3
and_or_diverse,16,36,300,480,2,16,120,30,0.60,0.0022,3,3
and_or_diverse,16,36,300,480,2,16,120,30,0.70,0.0024,3,3
and_or_diverse,16,36,300,480,2,16,120,40,0.60,0.0023,3,3
and_or_diverse,16,36,300,480,2,16,120,40,0.70,0.0023,3,3
and_or_diverse,16,36,300,480,2,16,180,30,0.60,0.0027,3,3
and_or_diverse,16,36,300,480,2,16,180,30,0.70,0.0025,3,3
and_or_diverse,16,36,300,480,2,16,180,40,0.60,0.0024,3,3
and_or_diverse,16,36,300,480,2,16,180,40,0.70,0.0022,3,3
and_or_diverse,16,36,300,480,3,12,120,30,0.60,0.0022,3,3
and_or_diverse,16,36,300,480,3,12,120,30,0.70,0.0028,3,3
and_or_diverse,16,36,300,480,3,12,120,40,0.60,0.0022,3,3
and_or_diverse,16,36,300,480,3,12,120,40,0.70,0.0023,3,3
and_or_diverse,16,36,300,480,3,12,180,30,0.60,0.0024,3,3
and_or_diverse,16,36,300,480,3,12,180,30,0.70,0.0024,3,3
and_or_diverse,16,36,300,480,3,12,180,40,0.60,0.0024,3,3
and_or_diverse,16,36,300,480,3,12,180,40,0.70,0.0022,3,3
and_or_diverse,16,36,300,480,3,16,120,30,0.60,0.0024,3,3
and_or_diverse,16,36,300,480,3,16,120,30,0.70,0.0022,3,3
and_or_diverse,16,36,300,480,3,16,120,40,0.60,0.0022,3,3
and_or_diverse,16,36,300,480,3,16,120,40,0.70,0.0023,3,3
and_or_diverse,16,36,300,480,3,16,180,30,0.60,0.0022,3,3
and_or_diverse,16,36,300,480,3,16,180,30,0.70,0.0024,3,3
and_or_diverse,16,36,300,480,3,16,180,40,0.60,0.0023,3,3
and_or_diverse,16,36,300,480,3,16,180,40,0.70,0.0024,3,3
and_or_diverse,16,36,300,480,4,12,120,30,0.60,0.0025,3,3
and_or_diverse,16,36,300,480,4,12,120,30,0.70,0.0025,3,3
and_or_diverse,16,36,300,480,4,12,120,40,0.60,0.0024,3,3
and_or_diverse,16,36,300,480,4,12,120,40,0.70,0.0024,3,3
and_or_diverse,16,36,300,480,4,12,180,30,0.60,0.0024,3,3
and_or_diverse,16,36,300,480,4,12,180,30,0.70,0.0022,3,3
and_or_diverse,16,36,300,480,4,12,180,40,0.60,0.0025,3,3
and_or_diverse,16,36,300,480,4,12,180,40,0.70,0.0022,3,3
and_or_diverse,16,36,300,480,4,16,120,30,0.60,0.0024,3,3
and_or_diverse,16,36,300,480,4,16,120,30,0.70,0.0023,3,3
and_or_diverse,16,36,300,480,4,16,120,40,0.60,0.0022,3,3
and_or_diverse,16,36,300,480,4,16,120,40,0.70,0.0027,3,3
and_or_diverse,16,36,300,480,4,16,180,30,0.60,0.0024,3,3
and_or_diverse,16,36,300,480,4,16,180,30,0.70,0.0025,3,3
and_or_diverse,16,36,300,480,4,16,180,40,0.60,0.0024,3,3
and_or_diverse,16,36,300,480,4,16,180,40,0.70,0.0022,3,3
and_or_diverse,16,36,300,720,2,12,120,30,0.60,0.0025,3,3
and_or_diverse,16,36,300,720,2,12,120,30,0.70,0.0021,3,3
and_or_diverse,16,36,300,720,2,12,120,40,0.60,0.0022,3,3
and_or_diverse,16,36,300,720,2,12,120,40,0.70,0.0023,3,3
and_or_diverse,16,36,300,720,2,12,180,30,0.60,0.0022,3,3
and_or_diverse,16,36,300,720,2,12,180,30,0.70,0.0024,3,3
and_or_diverse,16,36,300,720,2,12,180,40,0.60,0.0023,3,3
and_or_diverse,16,36,300,720,2,12,180,40,0.70,0.0022,3,3
and_or_diverse,16,36,300,720,2,16,120,30,0.60,0.0023,3,3
and_or_diverse,16,36,300,720,2,16,120,30,0.70,0.0022,3,3
and_or_diverse,16,36,300,720,2,16,120,40,0.60,0.0021,3,3
and_or_diverse,16,36,300,720,2,16,120,40,0.70,0.0027,3,3
and_or_diverse,16,36,300,720,2,16,180,30,0.60,0.0022,3,3
and_or_diverse,16,36,300,720,2,16,180,30,0.70,0.0024,3,3
and_or_diverse,16,36,300,720,2,16,180,40,0.60,0.0023,3,3
and_or_diverse,16,36,300,720,2,16,180,40,0.70,0.0023,3,3
and_or_diverse,16,36,300,720,3,12,120,30,0.60,0.0023,3,3
and_or_diverse,16,36,300,720,3,12,120,30,0.70,0.0022,3,3
and_or_diverse,16,36,300,720,3,12,120,40,0.60,0.0024,3,3
and_or_diverse,16,36,300,720,3,12,120,40,0.70,0.0024,3,3
and_or_diverse,16,36,300,720,3,12,180,30,0.60,0.0022,3,3
and_or_diverse,16,36,300,720,3,12,180,30,0.70,0.0023,3,3
and_or_diverse,16,36,300,720,3,12,180,40,0.60,0.0021,3,3
and_or_diverse,16,36,300,720,3,12,180,40,0.70,0.0022,3,3
and_or_diverse,16,36,300,720,3,16,120,30,0.60,0.0022,3,3
and_or_diverse,16,36,300,720,3,16,120,30,0.70,0.0022,3,3
and_or_diverse,16,36,300,720,3,16,120,40,0.60,0.0021,3,3
and_or_diverse,16,36,300,720,3,16,120,40,0.70,0.0021,3,3
and_or_diverse,16,36,300,720,3,16,180,30,0.60,0.0022,3,3
and_or_diverse,16,36,300,720,3,16,180,30,0.70,0.0022,3,3
and_or_diverse,16,36,300,720,3,16,180,40,0.60,0.0022,3,3
and_or_diverse,16,36,300,720,3,16,180,40,0.70,0.0023,3,3
and_or_diverse,16,36,300,720,4,12,120,30,0.60,0.0022,3,3
and_or_diverse,16,36,300,720,4,12,120,30,0.70,0.0021,3,3
and_or_diverse,16,36,300,720,4,12,120,40,0.60,0.0022,3,3
and_or_diverse,16,36,300,720,4,12,120,40,0.70,0.0022,3,3
and_or_diverse,16,36,300,720,4,12,180,30,0.60,0.0022,3,3
and_or_diverse,16,36,300,720,4,12,180,30,0.70,0.0025,3,3
and_or_diverse,16,36,300,720,4,12,180,40,0.60,0.0022,3,3
and_or_diverse,16,36,300,720,4,12,180,40,0.70,0.0021,3,3
and_or_diverse,16,36,300,720,4,16,120,30,0.60,0.0021,3,3
and_or_diverse,16,36,300,720,4,16,120,30,0.70,0.0023,3,3
and_or_diverse,16,36,300,720,4,16,120,40,0.60,0.0021,3,3
and_or_diverse,16,36,300,720,4,16,120,40,0.70,0.0022,3,3
and_or_diverse,16,36,300,720,4,16,180,30,0.60,0.0022,3,3
and_or_diverse,16,36,300,720,4,16,180,30,0.70,0.0022,3,3
and_or_diverse,16,36,300,720,4,16,180,40,0.60,0.0024,3,3
and_or_diverse,16,36,300,720,4,16,180,40,0.70,0.0021,3,3
and_or_diverse,16,36,600,480,2,12,120,30,0.60,0.0023,3,3
and_or_diverse,16,36,600,480,2,12,120,30,0.70,0.0024,3,3
and_or_diverse,16,36,600,480,2,12,120,40,0.60,0.0022,3,3
and_or_diverse,16,36,600,480,2,12,120,40,0.70,0.0023,3,3
and_or_diverse,16,36,600,480,2,12,180,30,0.60,0.0024,3,3
and_or_diverse,16,36,600,480,2,12,180,30,0.70,0.0023,3,3
and_or_diverse,16,36,600,480,2,12,180,40,0.60,0.0024,3,3
and_or_diverse,16,36,600,480,2,12,180,40,0.70,0.0022,3,3
and_or_diverse,16,36,600,480,2,16,120,30,0.60,0.0024,3,3
and_or_diverse,16,36,600,480,2,16,120,30,0.70,0.0028,3,3
and_or_diverse,16,36,600,480,2,16,120,40,0.60,0.0022,3,3
and_or_diverse,16,36,600,480,2,16,120,40,0.70,0.0022,3,3
and_or_diverse,16,36,600,480,2,16,180,30,0.60,0.0025,3,3
and_or_diverse,16,36,600,480,2,16,180,30,0.70,0.0023,3,3
and_or_diverse,16,36,600,480,2,16,180,40,0.60,0.0022,3,3
and_or_diverse,16,36,600,480,2,16,180,40,0.70,0.0025,3,3
and_or_diverse,16,36,600,480,3,12,120,30,0.60,0.0022,3,3
and_or_diverse,16,36,600,480,3,12,120,30,0.70,0.0021,3,3
and_or_diverse,16,36,600,480,3,12,120,40,0.60,0.0024,3,3
and_or_diverse,16,36,600,480,3,12,120,40,0.70,0.0022,3,3
and_or_diverse,16,36,600,480,3,12,180,30,0.60,0.0022,3,3
and_or_diverse,16,36,600,480,3,12,180,30,0.70,0.0022,3,3
and_or_diverse,16,36,600,480,3,12,180,40,0.60,0.0023,3,3
and_or_diverse,16,36,600,480,3,12,180,40,0.70,0.0022,3,3
and_or_diverse,16,36,600,480,3,16,120,30,0.60,0.0023,3,3
and_or_diverse,16,36,600,480,3,16,120,30,0.70,0.0022,3,3
and_or_diverse,16,36,600,480,3,16,120,40,0.60,0.0021,3,3
and_or_diverse,16,36,600,480,3,16,120,40,0.70,0.0022,3,3
and_or_diverse,16,36,600,480,3,16,180,30,0.60,0.0024,3,3
and_or_diverse,16,36,600,480,3,16,180,30,0.70,0.0024,3,3
and_or_diverse,16,36,600,480,3,16,180,40,0.60,0.0032,3,3
and_or_diverse,16,36,600,480,3,16,180,40,0.70,0.0032,3,3
and_or_diverse,16,36,600,480,4,12,120,30,0.60,0.0025,3,3
and_or_diverse,16,36,600,480,4,12,120,30,0.70,0.0024,3,3
and_or_diverse,16,36,600,480,4,12,120,40,0.60,0.0025,3,3
and_or_diverse,16,36,600,480,4,12,120,40,0.70,0.0025,3,3
and_or_diverse,16,36,600,480,4,12,180,30,0.60,0.0024,3,3
and_or_diverse,16,36,600,480,4,12,180,30,0.70,0.0025,3,3
and_or_diverse,16,36,600,480,4,12,180,40,0.60,0.0024,3,3
and_or_diverse,16,36,600,480,4,12,180,40,0.70,0.0025,3,3
and_or_diverse,16,36,600,480,4,16,120,30,0.60,0.0023,3,3
and_or_diverse,16,36,600,480,4,16,120,30,0.70,0.0025,3,3
and_or_diverse,16,36,600,480,4,16,120,40,0.60,0.0024,3,3
and_or_diverse,16,36,600,480,4,16,120,40,0.70,0.0025,3,3
and_or_diverse,16,36,600,480,4,16,180,30,0.60,0.0024,3,3
and_or_diverse,16,36,600,480,4,16,180,30,0.70,0.0023,3,3
and_or_diverse,16,36,600,480,4,16,180,40,0.60,0.0023,3,3
and_or_diverse,16,36,600,480,4,16,180,40,0.70,0.0027,3,3
and_or_diverse,16,36,600,720,2,12,120,30,0.60,0.0024,3,3
and_or_diverse,16,36,600,720,2,12,120,30,0.70,0.0023,3,3
and_or_diverse,16,36,600,720,2,12,120,40,0.60,0.0025,3,3
and_or_diverse,16,36,600,720,2,12,120,40,0.70,0.0025,3,3
and_or_diverse,16,36,600,720,2,12,180,30,0.60,0.0025,3,3
and_or_diverse,16,36,600,720,2,12,180,30,0.70,0.0025,3,3
and_or_diverse,16,36,600,720,2,12,180,40,0.60,0.0024,3,3
and_or_diverse,16,36,600,720,2,12,180,40,0.70,0.0025,3,3
and_or_diverse,16,36,600,720,2,16,120,30,0.60,0.0027,3,3
and_or_diverse,16,36,600,720,2,16,120,30,0.70,0.0025,3,3
and_or_diverse,16,36,600,720,2,16,120,40,0.60,0.0025,3,3
and_or_diverse,16,36,600,720,2,16,120,40,0.70,0.0023,3,3
and_or_diverse,16,36,600,720,2,16,180,30,0.60,0.0024,3,3
and_or_diverse,16,36,600,720,2,16,180,30,0.70,0.0023,3,3
and_or_diverse,16,36,600,720,2,16,180,40,0.60,0.0024,3,3
and_or_diverse,16,36,600,720,2,16,180,40,0.70,0.0025,3,3
and_or_diverse,16,36,600,720,3,12,120,30,0.60,0.0030,3,3
and_or_diverse,16,36,600,720,3,12,120,30,0.70,0.0023,3,3
and_or_diverse,16,36,600,720,3,12,120,40,0.60,0.0023,3,3
and_or_diverse,16,36,600,720,3,12,120,40,0.70,0.0023,3,3
and_or_diverse,16,36,600,720,3,12,180,30,0.60,0.0022,3,3
and_or_diverse,16,36,600,720,3,12,180,30,0.70,0.0031,3,3
and_or_diverse,16,36,600,720,3,12,180,40,0.60,0.0022,3,3
and_or_diverse,16,36,600,720,3,12,180,40,0.70,0.0025,3,3
and_or_diverse,16,36,600,720,3,16,120,30,0.60,0.0026,3,3
and_or_diverse,16,36,600,720,3,16,120,30,0.70,0.0026,3,3
and_or_diverse,16,36,600,720,3,16,120,40,0.60,0.0024,3,3
and_or_diverse,16,36,600,720,3,16,120,40,0.70,0.0024,3,3
and_or_diverse,16,36,600,720,3,16,180,30,0.60,0.0024,3,3
and_or_diverse,16,36,600,720,3,16,180,30,0.70,0.0031,3,3
and_or_diverse,16,36,600,720,3,16,180,40,0.60,0.0026,3,3
and_or_diverse,16,36,600,720,3,16,180,40,0.70,0.0024,3,3
and_or_diverse,16,36,600,720,4,12,120,30,0.60,0.0025,3,3
and_or_diverse,16,36,600,720,4,12,120,30,0.70,0.0023,3,3
and_or_diverse,16,36,600,720,4,12,120,40,0.60,0.0026,3,3
and_or_diverse,16,36,600,720,4,12,120,40,0.70,0.0023,3,3
and_or_diverse,16,36,600,720,4,12,180,30,0.60,0.0024,3,3
and_or_diverse,16,36,600,720,4,12,180,30,0.70,0.0022,3,3
and_or_diverse,16,36,600,720,4,12,180,40,0.60,0.0025,3,3
and_or_diverse,16,36,600,720,4,12,180,40,0.70,0.0024,3,3
and_or_diverse,16,36,600,720,4,16,120,30,0.60,0.0023,3,3
and_or_diverse,16,36,600,720,4,16,120,30,0.70,0.0025,3,3
and_or_diverse,16,36,600,720,4,16,120,40,0.60,0.0025,3,3
and_or_diverse,16,36,600,720,4,16,120,40,0.70,0.0032,3,3
and_or_diverse,16,36,600,720,4,16,180,30,0.60,0.0028,3,3
and_or_diverse,16,36,600,720,4,16,180,30,0.70,0.0025,3,3
and_or_diverse,16,36,600,720,4,16,180,40,0.60,0.0027,3,3
and_or_diverse,16,36,600,720,4,16,180,40,0.70,0.0026,3,3
and_or_diverse,16,48,300,480,2,12,120,30,0.60,0.0027,3,3
and_or_diverse,16,48,300,480,2,12,120,30,0.70,0.0028,3,3
and_or_diverse,16,48,300,480,2,12,120,40,0.60,0.0026,3,3
and_or_diverse,16,48,300,480,2,12,120,40,0.70,0.0024,3,3
and_or_diverse,16,48,300,480,2,12,180,30,0.60,0.0025,3,3
and_or_diverse,16,48,300,480,2,12,180,30,0.70,0.0024,3,3
and_or_diverse,16,48,300,480,2,12,180,40,0.60,0.0025,3,3
and_or_diverse,16,48,300,480,2,12,180,40,0.70,0.0024,3,3
and_or_diverse,16,48,300,480,2,16,120,30,0.60,0.0024,3,3
and_or_diverse,16,48,300,480,2,16,120,30,0.70,0.0024,3,3
and_or_diverse,16,48,300,480,2,16,120,40,0.60,0.0022,3,3
and_or_diverse,16,48,300,480,2,16,120,40,0.70,0.0024,3,3
and_or_diverse,16,48,300,480,2,16,180,30,0.60,0.0024,3,3
and_or_diverse,16,48,300,480,2,16,180,30,0.70,0.0024,3,3
and_or_diverse,16,48,300,480,2,16,180,40,0.60,0.0024,3,3
and_or_diverse,16,48,300,480,2,16,180,40,0.70,0.0024,3,3
and_or_diverse,16,48,300,480,3,12,120,30,0.60,0.0024,3,3
and_or_diverse,16,48,300,480,3,12,120,30,0.70,0.0024,3,3
and_or_diverse,16,48,300,480,3,12,120,40,0.60,0.0031,3,3
and_or_diverse,16,48,300,480,3,12,120,40,0.70,0.0032,3,3
and_or_diverse,16,48,300,480,3,12,180,30,0.60,0.0024,3,3
and_or_diverse,16,48,300,480,3,12,180,30,0.70,0.0027,3,3
and_or_diverse,16,48,300,480,3,12,180,40,0.60,0.0022,3,3
and_or_diverse,16,48,300,480,3,12,180,40,0.70,0.0023,3,3
and_or_diverse,16,48,300,480,3,16,120,30,0.60,0.0023,3,3
and_or_diverse,16,48,300,480,3,16,120,30,0.70,0.0026,3,3
and_or_diverse,16,48,300,480,3,16,120,40,0.60,0.0025,3,3
and_or_diverse,16,48,300,480,3,16,120,40,0.70,0.0024,3,3
and_or_diverse,16,48,300,480,3,16,180,30,0.60,0.0023,3,3
and_or_diverse,16,48,300,480,3,16,180,30,0.70,0.0022,3,3
and_or_diverse,16,48,300,480,3,16,180,40,0.60,0.0024,3,3
and_or_diverse,16,48,300,480,3,16,180,40,0.70,0.0023,3,3
and_or_diverse,16,48,300,480,4,12,120,30,0.60,0.0023,3,3
and_or_diverse,16,48,300,480,4,12,120,30,0.70,0.0022,3,3
and_or_diverse,16,48,300,480,4,12,120,40,0.60,0.0023,3,3
and_or_diverse,16,48,300,480,4,12,120,40,0.70,0.0023,3,3
and_or_diverse,16,48,300,480,4,12,180,30,0.60,0.0025,3,3
and_or_diverse,16,48,300,480,4,12,180,30,0.70,0.0031,3,3
and_or_diverse,16,48,300,480,4,12,180,40,0.60,0.0023,3,3
and_or_diverse,16,48,300,480,4,12,180,40,0.70,0.0025,3,3
and_or_diverse,16,48,300,480,4,16,120,30,0.60,0.0022,3,3
and_or_diverse,16,48,300,480,4,16,120,30,0.70,0.0023,3,3
and_or_diverse,16,48,300,480,4,16,120,40,0.60,0.0024,3,3
and_or_diverse,16,48,300,480,4,16,120,40,0.70,0.0023,3,3
and_or_diverse,16,48,300,480,4,16,180,30,0.60,0.0023,3,3
and_or_diverse,16,48,300,480,4,16,180,30,0.70,0.0022,3,3
and_or_diverse,16,48,300,480,4,16,180,40,0.60,0.0031,3,3
and_or_diverse,16,48,300,480,4,16,180,40,0.70,0.0024,3,3
and_or_diverse,16,48,300,720,2,12,120,30,0.60,0.0024,3,3
and_or_diverse,16,48,300,720,2,12,120,30,0.70,0.0022,3,3
and_or_diverse,16,48,300,720,2,12,120,40,0.60,0.0022,3,3
and_or_diverse,16,48,300,720,2,12,120,40,0.70,0.0023,3,3
and_or_diverse,16,48,300,720,2,12,180,30,0.60,0.0023,3,3
and_or_diverse,16,48,300,720,2,12,180,30,0.70,0.0023,3,3
and_or_diverse,16,48,300,720,2,12,180,40,0.60,0.0024,3,3
and_or_diverse,16,48,300,720,2,12,180,40,0.70,0.0022,3,3
and_or_diverse,16,48,300,720,2,16,120,30,0.60,0.0023,3,3
and_or_diverse,16,48,300,720,2,16,120,30,0.70,0.0023,3,3
and_or_diverse,16,48,300,720,2,16,120,40,0.60,0.0025,3,3
and_or_diverse,16,48,300,720,2,16,120,40,0.70,0.0023,3,3
and_or_diverse,16,48,300,720,2,16,180,30,0.60,0.0023,3,3
and_or_diverse,16,48,300,720,2,16,180,30,0.70,0.0025,3,3
and_or_diverse,16,48,300,720,2,16,180,40,0.60,0.0023,3,3
and_or_diverse,16,48,300,720,2,16,180,40,0.70,0.0024,3,3
and_or_diverse,16,48,300,720,3,12,120,30,0.60,0.0023,3,3
and_or_diverse,16,48,300,720,3,12,120,30,0.70,0.0024,3,3
and_or_diverse,16,48,300,720,3,12,120,40,0.60,0.0023,3,3
and_or_diverse,16,48,300,720,3,12,120,40,0.70,0.0022,3,3
and_or_diverse,16,48,300,720,3,12,180,30,0.60,0.0023,3,3
and_or_diverse,16,48,300,720,3,12,180,30,0.70,0.0022,3,3
and_or_diverse,16,48,300,720,3,12,180,40,0.60,0.0023,3,3
and_or_diverse,16,48,300,720,3,12,180,40,0.70,0.0026,3,3
and_or_diverse,16,48,300,720,3,16,120,30,0.60,0.0023,3,3
and_or_diverse,16,48,300,720,3,16,120,30,0.70,0.0024,3,3
and_or_diverse,16,48,300,720,3,16,120,40,0.60,0.0023,3,3
and_or_diverse,16,48,300,720,3,16,120,40,0.70,0.0025,3,3
and_or_diverse,16,48,300,720,3,16,180,30,0.60,0.0023,3,3
and_or_diverse,16,48,300,720,3,16,180,30,0.70,0.0022,3,3
and_or_diverse,16,48,300,720,3,16,180,40,0.60,0.0023,3,3
and_or_diverse,16,48,300,720,3,16,180,40,0.70,0.0023,3,3
and_or_diverse,16,48,300,720,4,12,120,30,0.60,0.0021,3,3
and_or_diverse,16,48,300,720,4,12,120,30,0.70,0.0022,3,3
and_or_diverse,16,48,300,720,4,12,120,40,0.60,0.0023,3,3
and_or_diverse,16,48,300,720,4,12,120,40,0.70,0.0023,3,3
and_or_diverse,16,48,300,720,4,12,180,30,0.60,0.0022,3,3
and_or_diverse,16,48,300,720,4,12,180,30,0.70,0.0023,3,3
and_or_diverse,16,48,300,720,4,12,180,40,0.60,0.0023,3,3
and_or_diverse,16,48,300,720,4,12,180,40,0.70,0.0022,3,3
and_or_diverse,16,48,300,720,4,16,120,30,0.60,0.0024,3,3
and_or_diverse,16,48,300,720,4,16,120,30,0.70,0.0021,3,3
and_or_diverse,16,48,300,720,4,16,120,40,0.60,0.0021,3,3
and_or_diverse,16,48,300,720,4,16,120,40,0.70,0.0022,3,3
and_or_diverse,16,48,300,720,4,16,180,30,0.60,0.0021,3,3
and_or_diverse,16,48,300,720,4,16,180,30,0.70,0.0023,3,3
and_or_diverse,16,48,300,720,4,16,180,40,0.60,0.0024,3,3
and_or_diverse,16,48,300,720,4,16,180,40,0.70,0.0021,3,3
and_or_diverse,16,48,600,480,2,12,120,30,0.60,0.0022,3,3
and_or_diverse,16,48,600,480,2,12,120,30,0.70,0.0021,3,3
and_or_diverse,16,48,600,480,2,12,120,40,0.60,0.0021,3,3
and_or_diverse,16,48,600,480,2,12,120,40,0.70,0.0023,3,3
and_or_diverse,16,48,600,480,2,12,180,30,0.60,0.0025,3,3
and_or_diverse,16,48,600,480,2,12,180,30,0.70,0.0025,3,3
and_or_diverse,16,48,600,480,2,12,180,40,0.60,0.0022,3,3
and_or_diverse,16,48,600,480,2,12,180,40,0.70,0.0020,3,3
and_or_diverse,16,48,600,480,2,16,120,30,0.60,0.0022,3,3
and_or_diverse,16,48,600,480,2,16,120,30,0.70,0.0023,3,3
and_or_diverse,16,48,600,480,2,16,120,40,0.60,0.0021,3,3
and_or_diverse,16,48,600,480,2,16,120,40,0.70,0.0022,3,3
and_or_diverse,16,48,600,480,2,16,180,30,0.60,0.0022,3,3
and_or_diverse,16,48,600,480,2,16,180,30,0.70,0.0021,3,3
and_or_diverse,16,48,600,480,2,16,180,40,0.60,0.0022,3,3
and_or_diverse,16,48,600,480,2,16,180,40,0.70,0.0021,3,3
and_or_diverse,16,48,600,480,3,12,120,30,0.60,0.0021,3,3
and_or_diverse,16,48,600,480,3,12,120,30,0.70,0.0022,3,3
and_or_diverse,16,48,600,480,3,12,120,40,0.60,0.0022,3,3
and_or_diverse,16,48,600,480,3,12,120,40,0.70,0.0021,3,3
and_or_diverse,16,48,600,480,3,12,180,30,0.60,0.0022,3,3
and_or_diverse,16,48,600,480,3,12,180,30,0.70,0.0021,3,3
and_or_diverse,16,48,600,480,3,12,180,40,0.60,0.0022,3,3
and_or_diverse,16,48,600,480,3,12,180,40,0.70,0.0034,3,3
and_or_diverse,16,48,600,480,3,16,120,30,0.60,0.0028,3,3
and_or_diverse,16,48,600,480,3,16,120,30,0.70,0.0028,3,3
and_or_diverse,16,48,600,480,3,16,120,40,0.60,0.0028,3,3
and_or_diverse,16,48,600,480,3,16,120,40,0.70,0.0025,3,3
and_or_diverse,16,48,600,480,3,16,180,30,0.60,0.0027,3,3
and_or_diverse,16,48,600,480,3,16,180,30,0.70,0.0028,3,3
and_or_diverse,16,48,600,480,3,16,180,40,0.60,0.0027,3,3
and_or_diverse,16,48,600,480,3,16,180,40,0.70,0.0035,3,3
and_or_diverse,16,48,600,480,4,12,120,30,0.60,0.0025,3,3
and_or_diverse,16,48,600,480,4,12,120,30,0.70,0.0031,3,3
and_or_diverse,16,48,600,480,4,12,120,40,0.60,0.0025,3,3
and_or_diverse,16,48,600,480,4,12,120,40,0.70,0.0024,3,3
and_or_diverse,16,48,600,480,4,12,180,30,0.60,0.0023,3,3
and_or_diverse,16,48,600,480,4,12,180,30,0.70,0.0022,3,3
and_or_diverse,16,48,600,480,4,12,180,40,0.60,0.0032,3,3
and_or_diverse,16,48,600,480,4,12,180,40,0.70,0.0032,3,3
and_or_diverse,16,48,600,480,4,16,120,30,0.60,0.0032,3,3
and_or_diverse,16,48,600,480,4,16,120,30,0.70,0.0032,3,3
and_or_diverse,16,48,600,480,4,16,120,40,0.60,0.0032,3,3
and_or_diverse,16,48,600,480,4,16,120,40,0.70,0.0032,3,3
and_or_diverse,16,48,600,480,4,16,180,30,0.60,0.0032,3,3
and_or_diverse,16,48,600,480,4,16,180,30,0.70,0.0040,3,3
and_or_diverse,16,48,600,480,4,16,180,40,0.60,0.0030,3,3
and_or_diverse,16,48,600,480,4,16,180,40,0.70,0.0030,3,3
and_or_diverse,16,48,600,720,2,12,120,30,0.60,0.0030,3,3
and_or_diverse,16,48,600,720,2,12,120,30,0.70,0.0031,3,3
and_or_diverse,16,48,600,720,2,12,120,40,0.60,0.0030,3,3
and_or_diverse,16,48,600,720,2,12,120,40,0.70,0.0025,3,3
and_or_diverse,16,48,600,720,2,12,180,30,0.60,0.0021,3,3
and_or_diverse,16,48,600,720,2,12,180,30,0.70,0.0022,3,3
and_or_diverse,16,48,600,720,2,12,180,40,0.60,0.0024,3,3
and_or_diverse,16,48,600,720,2,12,180,40,0.70,0.0021,3,3
and_or_diverse,16,48,600,720,2,16,120,30,0.60,0.0023,3,3
and_or_diverse,16,48,600,720,2,16,120,30,0.70,0.0022,3,3
and_or_diverse,16,48,600,720,2,16,120,40,0.60,0.0022,3,3
and_or_diverse,16,48,600,720,2,16,120,40,0.70,0.0023,3,3
and_or_diverse,16,48,600,720,2,16,180,30,0.60,0.0022,3,3
and_or_diverse,16,48,600,720,2,16,180,30,0.70,0.0022,3,3
and_or_diverse,16,48,600,720,2,16,180,40,0.60,0.0022,3,3
and_or_diverse,16,48,600,720,2,16,180,40,0.70,0.0021,3,3
and_or_diverse,16,48,600,720,3,12,120,30,0.60,0.0021,3,3
and_or_diverse,16,48,600,720,3,12,120,30,0.70,0.0022,3,3
and_or_diverse,16,48,600,720,3,12,120,40,0.60,0.0022,3,3
and_or_diverse,16,48,600,720,3,12,120,40,0.70,0.0022,3,3
and_or_diverse,16,48,600,720,3,12,180,30,0.60,0.0022,3,3
and_or_diverse,16,48,600,720,3,12,180,30,0.70,0.0022,3,3
and_or_diverse,16,48,600,720,3,12,180,40,0.60,0.0022,3,3
and_or_diverse,16,48,600,720,3,12,180,40,0.70,0.0022,3,3
and_or_diverse,16,48,600,720,3,16,120,30,0.60,0.0022,3,3
and_or_diverse,16,48,600,720,3,16,120,30,0.70,0.0023,3,3
and_or_diverse,16,48,600,720,3,16,120,40,0.60,0.0023,3,3
and_or_diverse,16,48,600,720,3,16,120,40,0.70,0.0024,3,3
and_or_diverse,16,48,600,720,3,16,180,30,0.60,0.0024,3,3
and_or_diverse,16,48,600,720,3,16,180,30,0.70,0.0025,3,3
and_or_diverse,16,48,600,720,3,16,180,40,0.60,0.0024,3,3
and_or_diverse,16,48,600,720,3,16,180,40,0.70,0.0023,3,3
and_or_diverse,16,48,600,720,4,12,120,30,0.60,0.0031,3,3
and_or_diverse,16,48,600,720,4,12,120,30,0.70,0.0025,3,3
and_or_diverse,16,48,600,720,4,12,120,40,0.60,0.0023,3,3
and_or_diverse,16,48,600,720,4,12,120,40,0.70,0.0022,3,3
and_or_diverse,16,48,600,720,4,12,180,30,0.60,0.0024,3,3
and_or_diverse,16,48,600,720,4,12,180,30,0.70,0.0022,3,3
and_or_diverse,16,48,600,720,4,12,180,40,0.60,0.0021,3,3
and_or_diverse,16,48,600,720,4,12,180,40,0.70,0.0023,3,3
and_or_diverse,16,48,600,720,4,16,120,30,0.60,0.0022,3,3
and_or_diverse,16,48,600,720,4,16,120,30,0.70,0.0022,3,3
and_or_diverse,16,48,600,720,4,16,120,40,0.60,0.0024,3,3
and_or_diverse,16,48,600,720,4,16,120,40,0.70,0.0023,3,3
and_or_diverse,16,48,600,720,4,16,180,30,0.60,0.0023,3,3
and_or_diverse,16,48,600,720,4,16,180,30,0.70,0.0022,3,3
and_or_diverse,16,48,600,720,4,16,180,40,0.60,0.0023,3,3
and_or_diverse,16,48,600,720,4,16,180,40,0.70,0.0023,3,3
