experiment_id,dataset_config,hyperparam_id,hyperparams,mode,label,time_s,avg_f1,avg_precision,avg_recall,avg_lift_precision,total_rules
1,"{'n_per_cluster': 101, 'std_class1': 0.2661463056406668, 'std_other': 0.627125955470414, 'a': 2.665934629628803, 'random_state': 0}",1,"{'lift_min': 0.0, 'max_planes': 3, 'beam_width': 14, 'min_size': 10, 'max_candidates_per_class': 80, 'max_rules_per_class': 40}",and,find_comb_dim_spaces_full,0.1336477430004379,0.46485276277111265,0.47585310085794674,0.7535174570088587,2.403316034933751,19.0
1,"{'n_per_cluster': 101, 'std_class1': 0.2661463056406668, 'std_other': 0.627125955470414, 'a': 2.665934629628803, 'random_state': 0}",1,"{'lift_min': 0.0, 'max_planes': 3, 'beam_width': 14, 'min_size': 10, 'max_candidates_per_class': 80, 'max_rules_per_class': 40}",or,find_comb_dim_spaces_full,0.1320109059997776,0.4679584822690629,0.5270801704626678,0.7513751375137514,1.5499746970346748,15.0
1,"{'n_per_cluster': 101, 'std_class1': 0.2661463056406668, 'std_other': 0.627125955470414, 'a': 2.665934629628803, 'random_state': 0}",1,"{'lift_min': 0.0, 'max_planes': 3, 'beam_width': 14, 'min_size': 10, 'max_candidates_per_class': 80, 'max_rules_per_class': 40}",dnf,find_comb_dim_spaces_full,0.12260733499988419,0.4643912022516987,0.4082019976637751,0.8585358535853586,2.0534947691889887,77.0
1,"{'n_per_cluster': 101, 'std_class1': 0.2661463056406668, 'std_other': 0.627125955470414, 'a': 2.665934629628803, 'random_state': 0}",1,"{'lift_min': 0.0, 'max_planes': 3, 'beam_width': 14, 'min_size': 10, 'max_candidates_per_class': 80, 'max_rules_per_class': 40}",and_or_greedy,find_comb_dim_spaces_full,0.12547773200003576,0.787363594284089,0.8374799099967856,0.7552255225522552,4.477617057752062,3.0
1,"{'n_per_cluster': 101, 'std_class1': 0.2661463056406668, 'std_other': 0.627125955470414, 'a': 2.665934629628803, 'random_state': 0}",1,"{'lift_min': 0.0, 'max_planes': 3, 'beam_width': 14, 'min_size': 10, 'max_candidates_per_class': 80, 'max_rules_per_class': 40}",and_or_beam,find_comb_dim_spaces_full,0.18779653800083906,0.4643912022516987,0.4082019976637751,0.8585358535853586,2.0534947691889887,77.0
1,"{'n_per_cluster': 101, 'std_class1': 0.2661463056406668, 'std_other': 0.627125955470414, 'a': 2.665934629628803, 'random_state': 0}",1,"{'lift_min': 0.0, 'max_planes': 3, 'beam_width': 14, 'min_size': 10, 'max_candidates_per_class': 80, 'max_rules_per_class': 40}",and_or_random,find_comb_dim_spaces_full,0.14720398600002227,0.787363594284089,0.8374799099967856,0.7552255225522552,4.477617057752062,3.0
1,"{'n_per_cluster': 101, 'std_class1': 0.2661463056406668, 'std_other': 0.627125955470414, 'a': 2.665934629628803, 'random_state': 0}",1,"{'lift_min': 0.0, 'max_planes': 3, 'beam_width': 14, 'min_size': 10, 'max_candidates_per_class': 80, 'max_rules_per_class': 40}",and_or_diverse,find_comb_dim_spaces_full,0.11781086100018001,0.603782182029805,0.5466949452103217,0.860836083608361,2.151337339460351,3.0
2,"{'n_per_cluster': 181, 'std_class1': 0.3027717703255091, 'std_other': 0.8342330773295208, 'a': 3.3310104982243507, 'random_state': 1}",2,"{'lift_min': 0.0, 'max_planes': 4, 'beam_width': 18, 'min_size': 12, 'max_candidates_per_class': 100, 'max_rules_per_class': 50}",and,find_comb_dim_spaces_full,0.27646546500000113,0.565695228221721,0.602385614020972,0.738182934315531,4.078344171427036,9.0
2,"{'n_per_cluster': 181, 'std_class1': 0.3027717703255091, 'std_other': 0.8342330773295208, 'a': 3.3310104982243507, 'random_state': 1}",2,"{'lift_min': 0.0, 'max_planes': 4, 'beam_width': 18, 'min_size': 12, 'max_candidates_per_class': 100, 'max_rules_per_class': 50}",or,find_comb_dim_spaces_full,0.3109173809998538,0.580873330328529,0.6098222750228063,0.8310313075506446,1.5452448668491168,4.0
2,"{'n_per_cluster': 181, 'std_class1': 0.3027717703255091, 'std_other': 0.8342330773295208, 'a': 3.3310104982243507, 'random_state': 1}",2,"{'lift_min': 0.0, 'max_planes': 4, 'beam_width': 18, 'min_size': 12, 'max_candidates_per_class': 100, 'max_rules_per_class': 50}",dnf,find_comb_dim_spaces_full,0.3377322420001292,0.5507060873721843,0.46190619670569427,0.8806439321775577,3.4653645161742896,29.0
2,"{'n_per_cluster': 181, 'std_class1': 0.3027717703255091, 'std_other': 0.8342330773295208, 'a': 3.3310104982243507, 'random_state': 1}",2,"{'lift_min': 0.0, 'max_planes': 4, 'beam_width': 18, 'min_size': 12, 'max_candidates_per_class': 100, 'max_rules_per_class': 50}",and_or_greedy,find_comb_dim_spaces_full,0.25940520399944944,0.5096524980339755,0.8527131782945737,0.4005524861878453,4.5994832041343665,3.0
2,"{'n_per_cluster': 181, 'std_class1': 0.3027717703255091, 'std_other': 0.8342330773295208, 'a': 3.3310104982243507, 'random_state': 1}",2,"{'lift_min': 0.0, 'max_planes': 4, 'beam_width': 18, 'min_size': 12, 'max_candidates_per_class': 100, 'max_rules_per_class': 50}",and_or_beam,find_comb_dim_spaces_full,0.30880975400032185,0.5507060873721843,0.46190619670569427,0.8806439321775577,3.4653645161742896,29.0
2,"{'n_per_cluster': 181, 'std_class1': 0.3027717703255091, 'std_other': 0.8342330773295208, 'a': 3.3310104982243507, 'random_state': 1}",2,"{'lift_min': 0.0, 'max_planes': 4, 'beam_width': 18, 'min_size': 12, 'max_candidates_per_class': 100, 'max_rules_per_class': 50}",and_or_random,find_comb_dim_spaces_full,0.29874245500013785,0.5096524980339755,0.8527131782945737,0.4005524861878453,4.5994832041343665,3.0
2,"{'n_per_cluster': 181, 'std_class1': 0.3027717703255091, 'std_other': 0.8342330773295208, 'a': 3.3310104982243507, 'random_state': 1}",2,"{'lift_min': 0.0, 'max_planes': 4, 'beam_width': 18, 'min_size': 12, 'max_candidates_per_class': 100, 'max_rules_per_class': 50}",and_or_diverse,find_comb_dim_spaces_full,0.26696078999975725,0.5715829909659712,0.5896498277666414,0.8020257826887661,2.4949763999109087,3.0
3,"{'n_per_cluster': 153, 'std_class1': 0.49592636847790067, 'std_other': 0.861462442588915, 'a': 2.9616734097065787, 'random_state': 2}",3,"{'lift_min': 0.0, 'max_planes': 5, 'beam_width': 20, 'min_size': 15, 'max_candidates_per_class': 120, 'max_rules_per_class': 60}",and,find_comb_dim_spaces_full,0.40365943500000867,0.5219705297908488,0.8311268363521376,0.4422657952069717,5.90827395007636,9.0
3,"{'n_per_cluster': 153, 'std_class1': 0.49592636847790067, 'std_other': 0.861462442588915, 'a': 2.9616734097065787, 'random_state': 2}",3,"{'lift_min': 0.0, 'max_planes': 5, 'beam_width': 20, 'min_size': 15, 'max_candidates_per_class': 120, 'max_rules_per_class': 60}",or,find_comb_dim_spaces_full,0.4506161359995531,0.44216385377239287,0.4781918984968419,0.8017429193899782,1.6033129657525134,3.0
3,"{'n_per_cluster': 153, 'std_class1': 0.49592636847790067, 'std_other': 0.861462442588915, 'a': 2.9616734097065787, 'random_state': 2}",3,"{'lift_min': 0.0, 'max_planes': 5, 'beam_width': 20, 'min_size': 15, 'max_candidates_per_class': 120, 'max_rules_per_class': 60}",dnf,find_comb_dim_spaces_full,0.44763976800004457,0.6301558778224634,0.7693989898563862,0.6001803020058599,5.925306861379825,29.0
3,"{'n_per_cluster': 153, 'std_class1': 0.49592636847790067, 'std_other': 0.861462442588915, 'a': 2.9616734097065787, 'random_state': 2}",3,"{'lift_min': 0.0, 'max_planes': 5, 'beam_width': 20, 'min_size': 15, 'max_candidates_per_class': 120, 'max_rules_per_class': 60}",and_or_greedy,find_comb_dim_spaces_full,0.3686076249996404,0.43630188219740457,0.9420289855072465,0.29411764705882354,5.314009661835749,3.0
3,"{'n_per_cluster': 153, 'std_class1': 0.49592636847790067, 'std_other': 0.861462442588915, 'a': 2.9616734097065787, 'random_state': 2}",3,"{'lift_min': 0.0, 'max_planes': 5, 'beam_width': 20, 'min_size': 15, 'max_candidates_per_class': 120, 'max_rules_per_class': 60}",and_or_beam,find_comb_dim_spaces_full,0.3833124709999538,0.6301558778224634,0.7693989898563862,0.6001803020058599,5.925306861379825,29.0
3,"{'n_per_cluster': 153, 'std_class1': 0.49592636847790067, 'std_other': 0.861462442588915, 'a': 2.9616734097065787, 'random_state': 2}",3,"{'lift_min': 0.0, 'max_planes': 5, 'beam_width': 20, 'min_size': 15, 'max_candidates_per_class': 120, 'max_rules_per_class': 60}",and_or_random,find_comb_dim_spaces_full,0.44433240099988325,0.43630188219740457,0.9420289855072465,0.29411764705882354,5.314009661835749,3.0
3,"{'n_per_cluster': 153, 'std_class1': 0.49592636847790067, 'std_other': 0.861462442588915, 'a': 2.9616734097065787, 'random_state': 2}",3,"{'lift_min': 0.0, 'max_planes': 5, 'beam_width': 20, 'min_size': 15, 'max_candidates_per_class': 120, 'max_rules_per_class': 60}",and_or_diverse,find_comb_dim_spaces_full,0.4044795189993238,0.6616614769538308,0.8103856281038563,0.5860566448801743,4.260862802608629,3.0
4,"{'n_per_cluster': 133, 'std_class1': 0.32348938032063895, 'std_other': 0.838484558634094, 'a': 2.692386667037586, 'random_state': 3}",1,"{'lift_min': 0.0, 'max_planes': 3, 'beam_width': 14, 'min_size': 10, 'max_candidates_per_class': 80, 'max_rules_per_class': 40}",and,find_comb_dim_spaces_full,0.13008111899944197,0.4100059846957978,0.4747539025267313,0.7003033900540825,2.3945224482840266,19.0
4,"{'n_per_cluster': 133, 'std_class1': 0.32348938032063895, 'std_other': 0.838484558634094, 'a': 2.692386667037586, 'random_state': 3}",1,"{'lift_min': 0.0, 'max_planes': 3, 'beam_width': 14, 'min_size': 10, 'max_candidates_per_class': 80, 'max_rules_per_class': 40}",or,find_comb_dim_spaces_full,0.1335782649994144,0.42631802055675,0.5260146491206494,0.706265664160401,1.5414505262985287,15.0
4,"{'n_per_cluster': 133, 'std_class1': 0.32348938032063895, 'std_other': 0.838484558634094, 'a': 2.692386667037586, 'random_state': 3}",1,"{'lift_min': 0.0, 'max_planes': 3, 'beam_width': 14, 'min_size': 10, 'max_candidates_per_class': 80, 'max_rules_per_class': 40}",dnf,find_comb_dim_spaces_full,0.1381047650002074,0.42284934523078493,0.399142849736936,0.8036812811248901,1.981021585774276,77.0
4,"{'n_per_cluster': 133, 'std_class1': 0.32348938032063895, 'std_other': 0.838484558634094, 'a': 2.692386667037586, 'random_state': 3}",1,"{'lift_min': 0.0, 'max_planes': 3, 'beam_width': 14, 'min_size': 10, 'max_candidates_per_class': 80, 'max_rules_per_class': 40}",and_or_greedy,find_comb_dim_spaces_full,0.1321762800007491,0.5772140683172947,0.8514680483592402,0.5367585630743525,4.589522164651698,3.0
4,"{'n_per_cluster': 133, 'std_class1': 0.32348938032063895, 'std_other': 0.838484558634094, 'a': 2.692386667037586, 'random_state': 3}",1,"{'lift_min': 0.0, 'max_planes': 3, 'beam_width': 14, 'min_size': 10, 'max_candidates_per_class': 80, 'max_rules_per_class': 40}",and_or_beam,find_comb_dim_spaces_full,0.1404998230000274,0.42284934523078493,0.399142849736936,0.8036812811248901,1.981021585774276,77.0
4,"{'n_per_cluster': 133, 'std_class1': 0.32348938032063895, 'std_other': 0.838484558634094, 'a': 2.692386667037586, 'random_state': 3}",1,"{'lift_min': 0.0, 'max_planes': 3, 'beam_width': 14, 'min_size': 10, 'max_candidates_per_class': 80, 'max_rules_per_class': 40}",and_or_random,find_comb_dim_spaces_full,0.1418762949997472,0.5772140683172947,0.8514680483592402,0.5367585630743525,4.589522164651698,3.0
4,"{'n_per_cluster': 133, 'std_class1': 0.32348938032063895, 'std_other': 0.838484558634094, 'a': 2.692386667037586, 'random_state': 3}",1,"{'lift_min': 0.0, 'max_planes': 3, 'beam_width': 14, 'min_size': 10, 'max_candidates_per_class': 80, 'max_rules_per_class': 40}",and_or_diverse,find_comb_dim_spaces_full,0.12506849400051578,0.5646646975298699,0.5413886766827943,0.8124477861319965,2.1088871912401324,3.0
5,"{'n_per_cluster': 149, 'std_class1': 0.43898206137690426, 'std_other': 0.8745925404838084, 'a': 2.708717369745777, 'random_state': 4}",2,"{'lift_min': 0.0, 'max_planes': 4, 'beam_width': 18, 'min_size': 12, 'max_candidates_per_class': 100, 'max_rules_per_class': 50}",and,find_comb_dim_spaces_full,0.29427479399964795,0.5412719817700608,0.6073420713817852,0.666915237385036,4.117995830313541,9.0
5,"{'n_per_cluster': 149, 'std_class1': 0.43898206137690426, 'std_other': 0.8745925404838084, 'a': 2.708717369745777, 'random_state': 4}",2,"{'lift_min': 0.0, 'max_planes': 4, 'beam_width': 18, 'min_size': 12, 'max_candidates_per_class': 100, 'max_rules_per_class': 50}",or,find_comb_dim_spaces_full,0.26979917300013767,0.4445599561884326,0.4794908445851842,0.8083519761372111,1.6137045344592513,3.0
5,"{'n_per_cluster': 149, 'std_class1': 0.43898206137690426, 'std_other': 0.8745925404838084, 'a': 2.708717369745777, 'random_state': 4}",2,"{'lift_min': 0.0, 'max_planes': 4, 'beam_width': 18, 'min_size': 12, 'max_candidates_per_class': 100, 'max_rules_per_class': 50}",dnf,find_comb_dim_spaces_full,0.2801602819999971,0.5445198651486629,0.4717411331074692,0.8147033865617527,3.544044007388489,29.0
5,"{'n_per_cluster': 149, 'std_class1': 0.43898206137690426, 'std_other': 0.8745925404838084, 'a': 2.708717369745777, 'random_state': 4}",2,"{'lift_min': 0.0, 'max_planes': 4, 'beam_width': 18, 'min_size': 12, 'max_candidates_per_class': 100, 'max_rules_per_class': 50}",and_or_greedy,find_comb_dim_spaces_full,0.2659155009996539,0.4390916467760282,0.8299075025693731,0.35197613721103654,4.417037798332762,3.0
5,"{'n_per_cluster': 149, 'std_class1': 0.43898206137690426, 'std_other': 0.8745925404838084, 'a': 2.708717369745777, 'random_state': 4}",2,"{'lift_min': 0.0, 'max_planes': 4, 'beam_width': 18, 'min_size': 12, 'max_candidates_per_class': 100, 'max_rules_per_class': 50}",and_or_beam,find_comb_dim_spaces_full,0.2621125320001738,0.5445198651486629,0.4717411331074692,0.8147033865617527,3.544044007388489,29.0
5,"{'n_per_cluster': 149, 'std_class1': 0.43898206137690426, 'std_other': 0.8745925404838084, 'a': 2.708717369745777, 'random_state': 4}",2,"{'lift_min': 0.0, 'max_planes': 4, 'beam_width': 18, 'min_size': 12, 'max_candidates_per_class': 100, 'max_rules_per_class': 50}",and_or_random,find_comb_dim_spaces_full,0.3470811999995931,0.4390916467760282,0.8299075025693731,0.35197613721103654,4.417037798332762,3.0
5,"{'n_per_cluster': 149, 'std_class1': 0.43898206137690426, 'std_other': 0.8745925404838084, 'a': 2.708717369745777, 'random_state': 4}",2,"{'lift_min': 0.0, 'max_planes': 4, 'beam_width': 18, 'min_size': 12, 'max_candidates_per_class': 100, 'max_rules_per_class': 50}",and_or_diverse,find_comb_dim_spaces_full,0.24926882900035707,0.5426172922148155,0.56821247325098,0.7680835197613721,2.3234775637856173,3.0
6,"{'n_per_cluster': 188, 'std_class1': 0.48973753858602487, 'std_other': 0.73135776289845, 'a': 2.7084000623353606, 'random_state': 5}",3,"{'lift_min': 0.0, 'max_planes': 5, 'beam_width': 20, 'min_size': 15, 'max_candidates_per_class': 120, 'max_rules_per_class': 60}",and,find_comb_dim_spaces_full,0.4519348909998371,0.5012176855303341,0.8446134100150073,0.4124113475177305,5.4235739467867266,10.0
6,"{'n_per_cluster': 188, 'std_class1': 0.48973753858602487, 'std_other': 0.73135776289845, 'a': 2.7084000623353606, 'random_state': 5}",3,"{'lift_min': 0.0, 'max_planes': 5, 'beam_width': 20, 'min_size': 15, 'max_candidates_per_class': 120, 'max_rules_per_class': 60}",or,find_comb_dim_spaces_full,0.6366826630001015,0.49094589726803395,0.4187590889737961,0.9370567375886525,1.683406045123702,4.0
6,"{'n_per_cluster': 188, 'std_class1': 0.48973753858602487, 'std_other': 0.73135776289845, 'a': 2.7084000623353606, 'random_state': 5}",3,"{'lift_min': 0.0, 'max_planes': 5, 'beam_width': 20, 'min_size': 15, 'max_candidates_per_class': 120, 'max_rules_per_class': 60}",dnf,find_comb_dim_spaces_full,0.4363416899996082,0.5923911774012787,0.7205147225784461,0.5648936170212767,5.192689209198998,35.0
6,"{'n_per_cluster': 188, 'std_class1': 0.48973753858602487, 'std_other': 0.73135776289845, 'a': 2.7084000623353606, 'random_state': 5}",3,"{'lift_min': 0.0, 'max_planes': 5, 'beam_width': 20, 'min_size': 15, 'max_candidates_per_class': 120, 'max_rules_per_class': 60}",and_or_greedy,find_comb_dim_spaces_full,0.37447521299964137,0.4065886569681636,0.9848484848484849,0.3185579196217494,5.656565656565657,3.0
6,"{'n_per_cluster': 188, 'std_class1': 0.48973753858602487, 'std_other': 0.73135776289845, 'a': 2.7084000623353606, 'random_state': 5}",3,"{'lift_min': 0.0, 'max_planes': 5, 'beam_width': 20, 'min_size': 15, 'max_candidates_per_class': 120, 'max_rules_per_class': 60}",and_or_beam,find_comb_dim_spaces_full,0.3982752139991135,0.5923911774012787,0.7205147225784461,0.5648936170212767,5.192689209198998,35.0
6,"{'n_per_cluster': 188, 'std_class1': 0.48973753858602487, 'std_other': 0.73135776289845, 'a': 2.7084000623353606, 'random_state': 5}",3,"{'lift_min': 0.0, 'max_planes': 5, 'beam_width': 20, 'min_size': 15, 'max_candidates_per_class': 120, 'max_rules_per_class': 60}",and_or_random,find_comb_dim_spaces_full,0.3761136120001538,0.4065886569681636,0.9848484848484849,0.3185579196217494,5.656565656565657,3.0
6,"{'n_per_cluster': 188, 'std_class1': 0.48973753858602487, 'std_other': 0.73135776289845, 'a': 2.7084000623353606, 'random_state': 5}",3,"{'lift_min': 0.0, 'max_planes': 5, 'beam_width': 20, 'min_size': 15, 'max_candidates_per_class': 120, 'max_rules_per_class': 60}",and_or_diverse,find_comb_dim_spaces_full,0.3743886769998426,0.7390192308634124,0.8623739306427199,0.6465721040189125,4.676769222919537,3.0
7,"{'n_per_cluster': 129, 'std_class1': 0.3993366905493382, 'std_other': 0.7539536242153619, 'a': 2.665904188685632, 'random_state': 6}",1,"{'lift_min': 0.0, 'max_planes': 3, 'beam_width': 14, 'min_size': 10, 'max_candidates_per_class': 80, 'max_rules_per_class': 40}",and,find_comb_dim_spaces_full,0.12224117999994633,0.46347347380405834,0.514929713759205,0.7188902488780089,2.3650517451613595,19.0
7,"{'n_per_cluster': 129, 'std_class1': 0.3993366905493382, 'std_other': 0.7539536242153619, 'a': 2.665904188685632, 'random_state': 6}",1,"{'lift_min': 0.0, 'max_planes': 3, 'beam_width': 14, 'min_size': 10, 'max_candidates_per_class': 80, 'max_rules_per_class': 40}",or,find_comb_dim_spaces_full,0.13176659799955814,0.4510430948640419,0.5784546025277714,0.6673557278208441,1.51652570911106,15.0
7,"{'n_per_cluster': 129, 'std_class1': 0.3993366905493382, 'std_other': 0.7539536242153619, 'a': 2.665904188685632, 'random_state': 6}",1,"{'lift_min': 0.0, 'max_planes': 3, 'beam_width': 14, 'min_size': 10, 'max_candidates_per_class': 80, 'max_rules_per_class': 40}",dnf,find_comb_dim_spaces_full,0.14759402599975147,0.4871764647174368,0.48484061700927134,0.8149633193739048,1.9630161238136343,87.0
7,"{'n_per_cluster': 129, 'std_class1': 0.3993366905493382, 'std_other': 0.7539536242153619, 'a': 2.665904188685632, 'random_state': 6}",1,"{'lift_min': 0.0, 'max_planes': 3, 'beam_width': 14, 'min_size': 10, 'max_candidates_per_class': 80, 'max_rules_per_class': 40}",and_or_greedy,find_comb_dim_spaces_full,0.13255508900056157,0.7485769759252033,0.833422842821339,0.6946597760551249,4.44516052034849,3.0
7,"{'n_per_cluster': 129, 'std_class1': 0.3993366905493382, 'std_other': 0.7539536242153619, 'a': 2.665904188685632, 'random_state': 6}",1,"{'lift_min': 0.0, 'max_planes': 3, 'beam_width': 14, 'min_size': 10, 'max_candidates_per_class': 80, 'max_rules_per_class': 40}",and_or_beam,find_comb_dim_spaces_full,0.1751910080001835,0.4871764647174368,0.48484061700927134,0.8149633193739048,1.9630161238136343,87.0
7,"{'n_per_cluster': 129, 'std_class1': 0.3993366905493382, 'std_other': 0.7539536242153619, 'a': 2.665904188685632, 'random_state': 6}",1,"{'lift_min': 0.0, 'max_planes': 3, 'beam_width': 14, 'min_size': 10, 'max_candidates_per_class': 80, 'max_rules_per_class': 40}",and_or_random,find_comb_dim_spaces_full,0.14204232699921704,0.7485769759252033,0.833422842821339,0.6946597760551249,4.44516052034849,3.0
7,"{'n_per_cluster': 129, 'std_class1': 0.3993366905493382, 'std_other': 0.7539536242153619, 'a': 2.665904188685632, 'random_state': 6}",1,"{'lift_min': 0.0, 'max_planes': 3, 'beam_width': 14, 'min_size': 10, 'max_candidates_per_class': 80, 'max_rules_per_class': 40}",and_or_diverse,find_comb_dim_spaces_full,0.11901392299932922,0.5318021554266542,0.49634998634998634,0.8574504737295435,1.7485776685776686,3.0
8,"{'n_per_cluster': 119, 'std_class1': 0.2544684750280697, 'std_other': 0.7148966301116613, 'a': 3.1554189953649354, 'random_state': 7}",2,"{'lift_min': 0.0, 'max_planes': 4, 'beam_width': 18, 'min_size': 12, 'max_candidates_per_class': 100, 'max_rules_per_class': 50}",and,find_comb_dim_spaces_full,0.24126858999989054,0.5720736738648875,0.6290875721510089,0.6834733893557423,4.2919598364673295,9.0
8,"{'n_per_cluster': 119, 'std_class1': 0.2544684750280697, 'std_other': 0.7148966301116613, 'a': 3.1554189953649354, 'random_state': 7}",2,"{'lift_min': 0.0, 'max_planes': 4, 'beam_width': 18, 'min_size': 12, 'max_candidates_per_class': 100, 'max_rules_per_class': 50}",or,find_comb_dim_spaces_full,0.24786794499959797,0.5414921926619481,0.5350317856502613,0.8669467787114847,1.6135876185354239,5.0
8,"{'n_per_cluster': 119, 'std_class1': 0.2544684750280697, 'std_other': 0.7148966301116613, 'a': 3.1554189953649354, 'random_state': 7}",2,"{'lift_min': 0.0, 'max_planes': 4, 'beam_width': 18, 'min_size': 12, 'max_candidates_per_class': 100, 'max_rules_per_class': 50}",dnf,find_comb_dim_spaces_full,0.24726365800052008,0.5560451761956243,0.4805777664319279,0.8209214720370908,3.6147370739841587,29.0
8,"{'n_per_cluster': 119, 'std_class1': 0.2544684750280697, 'std_other': 0.7148966301116613, 'a': 3.1554189953649354, 'random_state': 7}",2,"{'lift_min': 0.0, 'max_planes': 4, 'beam_width': 18, 'min_size': 12, 'max_candidates_per_class': 100, 'max_rules_per_class': 50}",and_or_greedy,find_comb_dim_spaces_full,0.2948359120000532,0.5140505147278686,0.8773946360153256,0.38375350140056025,4.796934865900383,3.0
8,"{'n_per_cluster': 119, 'std_class1': 0.2544684750280697, 'std_other': 0.7148966301116613, 'a': 3.1554189953649354, 'random_state': 7}",2,"{'lift_min': 0.0, 'max_planes': 4, 'beam_width': 18, 'min_size': 12, 'max_candidates_per_class': 100, 'max_rules_per_class': 50}",and_or_beam,find_comb_dim_spaces_full,0.2500202309993256,0.5560451761956243,0.4805777664319279,0.8209214720370908,3.6147370739841587,29.0
8,"{'n_per_cluster': 119, 'std_class1': 0.2544684750280697, 'std_other': 0.7148966301116613, 'a': 3.1554189953649354, 'random_state': 7}",2,"{'lift_min': 0.0, 'max_planes': 4, 'beam_width': 18, 'min_size': 12, 'max_candidates_per_class': 100, 'max_rules_per_class': 50}",and_or_random,find_comb_dim_spaces_full,0.28001942500031873,0.5140505147278686,0.8773946360153256,0.38375350140056025,4.796934865900383,3.0
8,"{'n_per_cluster': 119, 'std_class1': 0.2544684750280697, 'std_other': 0.7148966301116613, 'a': 3.1554189953649354, 'random_state': 7}",2,"{'lift_min': 0.0, 'max_planes': 4, 'beam_width': 18, 'min_size': 12, 'max_candidates_per_class': 100, 'max_rules_per_class': 50}",and_or_diverse,find_comb_dim_spaces_full,0.2647714899994753,0.5673897677098618,0.5968972424668627,0.73109243697479,2.5529557175126794,3.0
9,"{'n_per_cluster': 130, 'std_class1': 0.43766020172063924, 'std_other': 0.8709929003916608, 'a': 3.2782212259843972, 'random_state': 8}",3,"{'lift_min': 0.0, 'max_planes': 5, 'beam_width': 20, 'min_size': 15, 'max_candidates_per_class': 120, 'max_rules_per_class': 60}",and,find_comb_dim_spaces_full,0.4076938230000451,0.5758891823746709,0.7955450653997166,0.5165501165501166,5.152239311076521,11.0
9,"{'n_per_cluster': 130, 'std_class1': 0.43766020172063924, 'std_other': 0.8709929003916608, 'a': 3.2782212259843972, 'random_state': 8}",3,"{'lift_min': 0.0, 'max_planes': 5, 'beam_width': 20, 'min_size': 15, 'max_candidates_per_class': 120, 'max_rules_per_class': 60}",or,find_comb_dim_spaces_full,0.4422022200005813,0.525860481363477,0.4787191037191037,0.9098290598290598,1.6075306075306075,3.0
9,"{'n_per_cluster': 130, 'std_class1': 0.43766020172063924, 'std_other': 0.8709929003916608, 'a': 3.2782212259843972, 'random_state': 8}",3,"{'lift_min': 0.0, 'max_planes': 5, 'beam_width': 20, 'min_size': 15, 'max_candidates_per_class': 120, 'max_rules_per_class': 60}",dnf,find_comb_dim_spaces_full,0.40570747800029494,0.6463105079055028,0.7030699766508184,0.690018315018315,5.148369337016072,42.0
9,"{'n_per_cluster': 130, 'std_class1': 0.43766020172063924, 'std_other': 0.8709929003916608, 'a': 3.2782212259843972, 'random_state': 8}",3,"{'lift_min': 0.0, 'max_planes': 5, 'beam_width': 20, 'min_size': 15, 'max_candidates_per_class': 120, 'max_rules_per_class': 60}",and_or_greedy,find_comb_dim_spaces_full,0.43067742599941994,0.6452032439476767,0.8854166666666666,0.5303418803418803,4.861111111111111,3.0
9,"{'n_per_cluster': 130, 'std_class1': 0.43766020172063924, 'std_other': 0.8709929003916608, 'a': 3.2782212259843972, 'random_state': 8}",3,"{'lift_min': 0.0, 'max_planes': 5, 'beam_width': 20, 'min_size': 15, 'max_candidates_per_class': 120, 'max_rules_per_class': 60}",and_or_beam,find_comb_dim_spaces_full,0.4026002549999248,0.6463105079055028,0.7030699766508184,0.690018315018315,5.148369337016072,42.0
9,"{'n_per_cluster': 130, 'std_class1': 0.43766020172063924, 'std_other': 0.8709929003916608, 'a': 3.2782212259843972, 'random_state': 8}",3,"{'lift_min': 0.0, 'max_planes': 5, 'beam_width': 20, 'min_size': 15, 'max_candidates_per_class': 120, 'max_rules_per_class': 60}",and_or_random,find_comb_dim_spaces_full,0.43415658800040546,0.6452032439476767,0.8854166666666666,0.5303418803418803,4.861111111111112,3.0
9,"{'n_per_cluster': 130, 'std_class1': 0.43766020172063924, 'std_other': 0.8709929003916608, 'a': 3.2782212259843972, 'random_state': 8}",3,"{'lift_min': 0.0, 'max_planes': 5, 'beam_width': 20, 'min_size': 15, 'max_candidates_per_class': 120, 'max_rules_per_class': 60}",and_or_diverse,find_comb_dim_spaces_full,0.4433718569998746,0.7815207166368646,0.7940591342525897,0.8354700854700855,4.130250851798495,3.0
10,"{'n_per_cluster': 210, 'std_class1': 0.3154428619749964, 'std_other': 0.853144600758385, 'a': 3.1576767427341284, 'random_state': 9}",1,"{'lift_min': 0.0, 'max_planes': 3, 'beam_width': 14, 'min_size': 10, 'max_candidates_per_class': 80, 'max_rules_per_class': 40}",and,find_comb_dim_spaces_full,0.1305596140000489,0.46155522502174323,0.5043205781986656,0.7603174603174604,2.280178660677044,19.0
10,"{'n_per_cluster': 210, 'std_class1': 0.3154428619749964, 'std_other': 0.853144600758385, 'a': 3.1576767427341284, 'random_state': 9}",1,"{'lift_min': 0.0, 'max_planes': 3, 'beam_width': 14, 'min_size': 10, 'max_candidates_per_class': 80, 'max_rules_per_class': 40}",or,find_comb_dim_spaces_full,0.13140422699962073,0.45483486256034733,0.5767609126984127,0.7194708994708994,1.5029761904761902,15.0
10,"{'n_per_cluster': 210, 'std_class1': 0.3154428619749964, 'std_other': 0.853144600758385, 'a': 3.1576767427341284, 'random_state': 9}",1,"{'lift_min': 0.0, 'max_planes': 3, 'beam_width': 14, 'min_size': 10, 'max_candidates_per_class': 80, 'max_rules_per_class': 40}",dnf,find_comb_dim_spaces_full,0.1336510900000576,0.4703482299292233,0.46923160142095083,0.8213647144681626,1.8381439991070714,87.0
10,"{'n_per_cluster': 210, 'std_class1': 0.3154428619749964, 'std_other': 0.853144600758385, 'a': 3.1576767427341284, 'random_state': 9}",1,"{'lift_min': 0.0, 'max_planes': 3, 'beam_width': 14, 'min_size': 10, 'max_candidates_per_class': 80, 'max_rules_per_class': 40}",and_or_greedy,find_comb_dim_spaces_full,0.12707401100033167,0.7474831325932875,0.8004249856676388,0.734920634920635,4.181177663118889,3.0
10,"{'n_per_cluster': 210, 'std_class1': 0.3154428619749964, 'std_other': 0.853144600758385, 'a': 3.1576767427341284, 'random_state': 9}",1,"{'lift_min': 0.0, 'max_planes': 3, 'beam_width': 14, 'min_size': 10, 'max_candidates_per_class': 80, 'max_rules_per_class': 40}",and_or_beam,find_comb_dim_spaces_full,0.14590488799967716,0.4703482299292233,0.46923160142095083,0.8213647144681626,1.8381439991070714,87.0
10,"{'n_per_cluster': 210, 'std_class1': 0.3154428619749964, 'std_other': 0.853144600758385, 'a': 3.1576767427341284, 'random_state': 9}",1,"{'lift_min': 0.0, 'max_planes': 3, 'beam_width': 14, 'min_size': 10, 'max_candidates_per_class': 80, 'max_rules_per_class': 40}",and_or_random,find_comb_dim_spaces_full,0.15416318400002638,0.7474831325932875,0.8004249856676388,0.734920634920635,4.181177663118889,3.0
10,"{'n_per_cluster': 210, 'std_class1': 0.3154428619749964, 'std_other': 0.853144600758385, 'a': 3.1576767427341284, 'random_state': 9}",1,"{'lift_min': 0.0, 'max_planes': 3, 'beam_width': 14, 'min_size': 10, 'max_candidates_per_class': 80, 'max_rules_per_class': 40}",and_or_diverse,find_comb_dim_spaces_full,0.13178220800000418,0.5204979177585543,0.4889039855072464,0.8365079365079365,1.6890096618357486,3.0
11,"{'n_per_cluster': 163, 'std_class1': 0.4891130659550394, 'std_other': 0.8528275994953078, 'a': 2.7694941060737115, 'random_state': 10}",2,"{'lift_min': 0.0, 'max_planes': 4, 'beam_width': 18, 'min_size': 12, 'max_candidates_per_class': 100, 'max_rules_per_class': 50}",and,find_comb_dim_spaces_full,0.23306216099990706,0.5483191585402419,0.6494064405716816,0.6303680981595091,3.8619181912401195,10.0
11,"{'n_per_cluster': 163, 'std_class1': 0.4891130659550394, 'std_other': 0.8528275994953078, 'a': 2.7694941060737115, 'random_state': 10}",2,"{'lift_min': 0.0, 'max_planes': 4, 'beam_width': 18, 'min_size': 12, 'max_candidates_per_class': 100, 'max_rules_per_class': 50}",or,find_comb_dim_spaces_full,0.3109211199998754,0.46144933698360374,0.6086816395136235,0.6968302658486708,1.5392062025287414,4.0
11,"{'n_per_cluster': 163, 'std_class1': 0.4891130659550394, 'std_other': 0.8528275994953078, 'a': 2.7694941060737115, 'random_state': 10}",2,"{'lift_min': 0.0, 'max_planes': 4, 'beam_width': 18, 'min_size': 12, 'max_candidates_per_class': 100, 'max_rules_per_class': 50}",dnf,find_comb_dim_spaces_full,0.28261671499967633,0.5411866117257501,0.5022721422836276,0.7748862062141303,3.3730158479464394,31.0
11,"{'n_per_cluster': 163, 'std_class1': 0.4891130659550394, 'std_other': 0.8528275994953078, 'a': 2.7694941060737115, 'random_state': 10}",2,"{'lift_min': 0.0, 'max_planes': 4, 'beam_width': 18, 'min_size': 12, 'max_candidates_per_class': 100, 'max_rules_per_class': 50}",and_or_greedy,find_comb_dim_spaces_full,0.25200536500051385,0.4837348686536808,0.8521857923497267,0.35787321063394684,4.595264116575592,3.0
11,"{'n_per_cluster': 163, 'std_class1': 0.4891130659550394, 'std_other': 0.8528275994953078, 'a': 2.7694941060737115, 'random_state': 10}",2,"{'lift_min': 0.0, 'max_planes': 4, 'beam_width': 18, 'min_size': 12, 'max_candidates_per_class': 100, 'max_rules_per_class': 50}",and_or_beam,find_comb_dim_spaces_full,0.2484249160006584,0.5411866117257501,0.5022721422836276,0.7748862062141303,3.3730158479464394,31.0
11,"{'n_per_cluster': 163, 'std_class1': 0.4891130659550394, 'std_other': 0.8528275994953078, 'a': 2.7694941060737115, 'random_state': 10}",2,"{'lift_min': 0.0, 'max_planes': 4, 'beam_width': 18, 'min_size': 12, 'max_candidates_per_class': 100, 'max_rules_per_class': 50}",and_or_random,find_comb_dim_spaces_full,0.26911115299935773,0.4837348686536808,0.8521857923497267,0.35787321063394684,4.595264116575592,3.0
11,"{'n_per_cluster': 163, 'std_class1': 0.4891130659550394, 'std_other': 0.8528275994953078, 'a': 2.7694941060737115, 'random_state': 10}",2,"{'lift_min': 0.0, 'max_planes': 4, 'beam_width': 18, 'min_size': 12, 'max_candidates_per_class': 100, 'max_rules_per_class': 50}",and_or_diverse,find_comb_dim_spaces_full,0.3103269580005872,0.5498073944179322,0.5938283067964282,0.7341513292433538,2.5284042321492026,3.0
12,"{'n_per_cluster': 133, 'std_class1': 0.4081126252090891, 'std_other': 0.575020382318189, 'a': 3.024914569135952, 'random_state': 11}",3,"{'lift_min': 0.0, 'max_planes': 5, 'beam_width': 20, 'min_size': 15, 'max_candidates_per_class': 120, 'max_rules_per_class': 60}",and,find_comb_dim_spaces_full,0.3707187370000611,0.6281979038331329,0.8733619873160722,0.5382901698691174,5.5054144170470956,9.0
12,"{'n_per_cluster': 133, 'std_class1': 0.4081126252090891, 'std_other': 0.575020382318189, 'a': 3.024914569135952, 'random_state': 11}",3,"{'lift_min': 0.0, 'max_planes': 5, 'beam_width': 20, 'min_size': 15, 'max_candidates_per_class': 120, 'max_rules_per_class': 60}",or,find_comb_dim_spaces_full,0.4784786059999533,0.49063959550157044,0.419399938078099,0.93765664160401,1.6885328379581253,4.0
12,"{'n_per_cluster': 133, 'std_class1': 0.4081126252090891, 'std_other': 0.575020382318189, 'a': 3.024914569135952, 'random_state': 11}",3,"{'lift_min': 0.0, 'max_planes': 5, 'beam_width': 20, 'min_size': 15, 'max_candidates_per_class': 120, 'max_rules_per_class': 60}",dnf,find_comb_dim_spaces_full,0.44000534800034075,0.7240005749736692,0.8312800319673078,0.6924081035923141,5.816906922405129,24.0
12,"{'n_per_cluster': 133, 'std_class1': 0.4081126252090891, 'std_other': 0.575020382318189, 'a': 3.024914569135952, 'random_state': 11}",3,"{'lift_min': 0.0, 'max_planes': 5, 'beam_width': 20, 'min_size': 15, 'max_candidates_per_class': 120, 'max_rules_per_class': 60}",and_or_greedy,find_comb_dim_spaces_full,0.4213614290001715,0.6426047515881869,0.9292929292929294,0.5183792815371763,5.212121212121212,3.0
12,"{'n_per_cluster': 133, 'std_class1': 0.4081126252090891, 'std_other': 0.575020382318189, 'a': 3.024914569135952, 'random_state': 11}",3,"{'lift_min': 0.0, 'max_planes': 5, 'beam_width': 20, 'min_size': 15, 'max_candidates_per_class': 120, 'max_rules_per_class': 60}",and_or_beam,find_comb_dim_spaces_full,0.4438479959999313,0.7240005749736692,0.8312800319673078,0.6924081035923141,5.816906922405129,24.0
12,"{'n_per_cluster': 133, 'std_class1': 0.4081126252090891, 'std_other': 0.575020382318189, 'a': 3.024914569135952, 'random_state': 11}",3,"{'lift_min': 0.0, 'max_planes': 5, 'beam_width': 20, 'min_size': 15, 'max_candidates_per_class': 120, 'max_rules_per_class': 60}",and_or_random,find_comb_dim_spaces_full,0.5540304309997737,0.6426047515881869,0.9292929292929294,0.5183792815371763,5.212121212121212,3.0
12,"{'n_per_cluster': 133, 'std_class1': 0.4081126252090891, 'std_other': 0.575020382318189, 'a': 3.024914569135952, 'random_state': 11}",3,"{'lift_min': 0.0, 'max_planes': 5, 'beam_width': 20, 'min_size': 15, 'max_candidates_per_class': 120, 'max_rules_per_class': 60}",and_or_diverse,find_comb_dim_spaces_full,0.4499250189992381,0.799104829007058,0.8212427303336395,0.8091060985797828,4.3477196204468935,3.0
13,"{'n_per_cluster': 210, 'std_class1': 0.47948909383109456, 'std_other': 0.610771072661391, 'a': 2.7814680306256903, 'random_state': 12}",1,"{'lift_min': 0.0, 'max_planes': 3, 'beam_width': 14, 'min_size': 10, 'max_candidates_per_class': 80, 'max_rules_per_class': 40}",and,find_comb_dim_spaces_full,0.16324056899975403,0.46403320153089717,0.4991024445856473,0.7715873015873015,2.3261528900185113,20.0
13,"{'n_per_cluster': 210, 'std_class1': 0.47948909383109456, 'std_other': 0.610771072661391, 'a': 2.7814680306256903, 'random_state': 12}",1,"{'lift_min': 0.0, 'max_planes': 3, 'beam_width': 14, 'min_size': 10, 'max_candidates_per_class': 80, 'max_rules_per_class': 40}",or,find_comb_dim_spaces_full,0.16559566900014033,0.44885427439771564,0.5550606310232427,0.7270833333333333,1.5238183815192743,16.0
13,"{'n_per_cluster': 210, 'std_class1': 0.47948909383109456, 'std_other': 0.610771072661391, 'a': 2.7814680306256903, 'random_state': 12}",1,"{'lift_min': 0.0, 'max_planes': 3, 'beam_width': 14, 'min_size': 10, 'max_candidates_per_class': 80, 'max_rules_per_class': 40}",dnf,find_comb_dim_spaces_full,0.18319285999950807,0.4791669769611714,0.47466052686265386,0.8334235209235209,1.903344820961837,88.0
13,"{'n_per_cluster': 210, 'std_class1': 0.47948909383109456, 'std_other': 0.610771072661391, 'a': 2.7814680306256903, 'random_state': 12}",1,"{'lift_min': 0.0, 'max_planes': 3, 'beam_width': 14, 'min_size': 10, 'max_candidates_per_class': 80, 'max_rules_per_class': 40}",and_or_greedy,find_comb_dim_spaces_full,0.16332920400054718,0.7567815048302298,0.8292403100775193,0.7116402116402116,4.411700258397933,3.0
13,"{'n_per_cluster': 210, 'std_class1': 0.47948909383109456, 'std_other': 0.610771072661391, 'a': 2.7814680306256903, 'random_state': 12}",1,"{'lift_min': 0.0, 'max_planes': 3, 'beam_width': 14, 'min_size': 10, 'max_candidates_per_class': 80, 'max_rules_per_class': 40}",and_or_beam,find_comb_dim_spaces_full,0.17804636300024868,0.4791669769611714,0.47466052686265386,0.8334235209235209,1.903344820961837,88.0
13,"{'n_per_cluster': 210, 'std_class1': 0.47948909383109456, 'std_other': 0.610771072661391, 'a': 2.7814680306256903, 'random_state': 12}",1,"{'lift_min': 0.0, 'max_planes': 3, 'beam_width': 14, 'min_size': 10, 'max_candidates_per_class': 80, 'max_rules_per_class': 40}",and_or_random,find_comb_dim_spaces_full,0.1875886959996933,0.7567815048302298,0.8292403100775193,0.7116402116402116,4.411700258397933,3.0
13,"{'n_per_cluster': 210, 'std_class1': 0.47948909383109456, 'std_other': 0.610771072661391, 'a': 2.7814680306256903, 'random_state': 12}",1,"{'lift_min': 0.0, 'max_planes': 3, 'beam_width': 14, 'min_size': 10, 'max_candidates_per_class': 80, 'max_rules_per_class': 40}",and_or_diverse,find_comb_dim_spaces_full,0.16327587799969479,0.5304696287098263,0.49581207482993195,0.8592592592592592,1.7442743764172335,3.0
14,"{'n_per_cluster': 128, 'std_class1': 0.2543423430370201, 'std_other': 0.5613931725623064, 'a': 2.947031657615806, 'random_state': 13}",2,"{'lift_min': 0.0, 'max_planes': 4, 'beam_width': 18, 'min_size': 12, 'max_candidates_per_class': 100, 'max_rules_per_class': 50}",and,find_comb_dim_spaces_full,0.2923449919999257,0.6195680570646587,0.6845189668303958,0.71484375,4.1428184013098335,10.0
14,"{'n_per_cluster': 128, 'std_class1': 0.2543423430370201, 'std_other': 0.5613931725623064, 'a': 2.947031657615806, 'random_state': 13}",2,"{'lift_min': 0.0, 'max_planes': 4, 'beam_width': 18, 'min_size': 12, 'max_candidates_per_class': 100, 'max_rules_per_class': 50}",or,find_comb_dim_spaces_full,0.31514862200037896,0.5615177240211212,0.5384615384615385,0.8822916666666666,1.641025641025641,5.0
14,"{'n_per_cluster': 128, 'std_class1': 0.2543423430370201, 'std_other': 0.5613931725623064, 'a': 2.947031657615806, 'random_state': 13}",2,"{'lift_min': 0.0, 'max_planes': 4, 'beam_width': 18, 'min_size': 12, 'max_candidates_per_class': 100, 'max_rules_per_class': 50}",dnf,find_comb_dim_spaces_full,0.2555952749999051,0.600215671615833,0.5327074034475672,0.8584929435483871,3.6164979372579578,31.0
14,"{'n_per_cluster': 128, 'std_class1': 0.2543423430370201, 'std_other': 0.5613931725623064, 'a': 2.947031657615806, 'random_state': 13}",2,"{'lift_min': 0.0, 'max_planes': 4, 'beam_width': 18, 'min_size': 12, 'max_candidates_per_class': 100, 'max_rules_per_class': 50}",and_or_greedy,find_comb_dim_spaces_full,0.2410399430000325,0.6730408554742405,0.8870056497175142,0.57421875,4.87382297551789,3.0
14,"{'n_per_cluster': 128, 'std_class1': 0.2543423430370201, 'std_other': 0.5613931725623064, 'a': 2.947031657615806, 'random_state': 13}",2,"{'lift_min': 0.0, 'max_planes': 4, 'beam_width': 18, 'min_size': 12, 'max_candidates_per_class': 100, 'max_rules_per_class': 50}",and_or_beam,find_comb_dim_spaces_full,0.2558133579996138,0.600215671615833,0.5327074034475672,0.8584929435483871,3.6164979372579578,31.0
14,"{'n_per_cluster': 128, 'std_class1': 0.2543423430370201, 'std_other': 0.5613931725623064, 'a': 2.947031657615806, 'random_state': 13}",2,"{'lift_min': 0.0, 'max_planes': 4, 'beam_width': 18, 'min_size': 12, 'max_candidates_per_class': 100, 'max_rules_per_class': 50}",and_or_random,find_comb_dim_spaces_full,0.2806092869996064,0.6730408554742405,0.8870056497175142,0.57421875,4.87382297551789,3.0
14,"{'n_per_cluster': 128, 'std_class1': 0.2543423430370201, 'std_other': 0.5613931725623064, 'a': 2.947031657615806, 'random_state': 13}",2,"{'lift_min': 0.0, 'max_planes': 4, 'beam_width': 18, 'min_size': 12, 'max_candidates_per_class': 100, 'max_rules_per_class': 50}",and_or_diverse,find_comb_dim_spaces_full,0.3071833099993455,0.6305162351962058,0.5744238272454977,0.8736979166666666,2.373168395741759,3.0
15,"{'n_per_cluster': 180, 'std_class1': 0.2883070968677433, 'std_other': 0.6401468767183334, 'a': 2.5028629983639803, 'random_state': 14}",3,"{'lift_min': 0.0, 'max_planes': 5, 'beam_width': 20, 'min_size': 15, 'max_candidates_per_class': 120, 'max_rules_per_class': 60}",and,find_comb_dim_spaces_full,0.37247142200067174,0.5574842169671419,0.8277800666048684,0.4791666666666667,4.95557386617228,4.0
15,"{'n_per_cluster': 180, 'std_class1': 0.2883070968677433, 'std_other': 0.6401468767183334, 'a': 2.5028629983639803, 'random_state': 14}",3,"{'lift_min': 0.0, 'max_planes': 5, 'beam_width': 20, 'min_size': 15, 'max_candidates_per_class': 120, 'max_rules_per_class': 60}",or,find_comb_dim_spaces_full,0.5292582930005665,0.41212809693822355,0.3917534722222222,0.7588888888888888,1.8006944444444444,5.0
15,"{'n_per_cluster': 180, 'std_class1': 0.2883070968677433, 'std_other': 0.6401468767183334, 'a': 2.5028629983639803, 'random_state': 14}",3,"{'lift_min': 0.0, 'max_planes': 5, 'beam_width': 20, 'min_size': 15, 'max_candidates_per_class': 120, 'max_rules_per_class': 60}",dnf,find_comb_dim_spaces_full,0.3813469509996139,0.580323213172711,0.784598482507639,0.5322222222222223,4.943454526727779,5.0
15,"{'n_per_cluster': 180, 'std_class1': 0.2883070968677433, 'std_other': 0.6401468767183334, 'a': 2.5028629983639803, 'random_state': 14}",3,"{'lift_min': 0.0, 'max_planes': 5, 'beam_width': 20, 'min_size': 15, 'max_candidates_per_class': 120, 'max_rules_per_class': 60}",and_or_greedy,find_comb_dim_spaces_full,0.3876628680000067,0.5194192232911933,0.899749373433584,0.3907407407407408,4.975772765246449,3.0
15,"{'n_per_cluster': 180, 'std_class1': 0.2883070968677433, 'std_other': 0.6401468767183334, 'a': 2.5028629983639803, 'random_state': 14}",3,"{'lift_min': 0.0, 'max_planes': 5, 'beam_width': 20, 'min_size': 15, 'max_candidates_per_class': 120, 'max_rules_per_class': 60}",and_or_beam,find_comb_dim_spaces_full,0.41775223900003766,0.580323213172711,0.784598482507639,0.5322222222222223,4.943454526727779,5.0
15,"{'n_per_cluster': 180, 'std_class1': 0.2883070968677433, 'std_other': 0.6401468767183334, 'a': 2.5028629983639803, 'random_state': 14}",3,"{'lift_min': 0.0, 'max_planes': 5, 'beam_width': 20, 'min_size': 15, 'max_candidates_per_class': 120, 'max_rules_per_class': 60}",and_or_random,find_comb_dim_spaces_full,0.38472995000029186,0.5194192232911933,0.899749373433584,0.3907407407407408,4.975772765246449,3.0
15,"{'n_per_cluster': 180, 'std_class1': 0.2883070968677433, 'std_other': 0.6401468767183334, 'a': 2.5028629983639803, 'random_state': 14}",3,"{'lift_min': 0.0, 'max_planes': 5, 'beam_width': 20, 'min_size': 15, 'max_candidates_per_class': 120, 'max_rules_per_class': 60}",and_or_diverse,find_comb_dim_spaces_full,0.37067091300014,0.5452292221968706,0.8706240487062405,0.4666666666666666,4.742770167427702,3.0
16,"{'n_per_cluster': 156, 'std_class1': 0.36432032434474576, 'std_other': 0.7515555794129383, 'a': 2.884568894154655, 'random_state': 15}",1,"{'lift_min': 0.0, 'max_planes': 3, 'beam_width': 14, 'min_size': 10, 'max_candidates_per_class': 80, 'max_rules_per_class': 40}",and,find_comb_dim_spaces_full,0.12415208400034317,0.4626732342321951,0.47817609314371545,0.7830009496676164,2.345929800393,18.0
16,"{'n_per_cluster': 156, 'std_class1': 0.36432032434474576, 'std_other': 0.7515555794129383, 'a': 2.884568894154655, 'random_state': 15}",1,"{'lift_min': 0.0, 'max_planes': 3, 'beam_width': 14, 'min_size': 10, 'max_candidates_per_class': 80, 'max_rules_per_class': 40}",or,find_comb_dim_spaces_full,0.12782673599940608,0.4017184974272591,0.47129884053073307,0.7701210826210826,1.5511723071107806,12.0
16,"{'n_per_cluster': 156, 'std_class1': 0.36432032434474576, 'std_other': 0.7515555794129383, 'a': 2.884568894154655, 'random_state': 15}",1,"{'lift_min': 0.0, 'max_planes': 3, 'beam_width': 14, 'min_size': 10, 'max_candidates_per_class': 80, 'max_rules_per_class': 40}",dnf,find_comb_dim_spaces_full,0.13978285800021695,0.438642082585943,0.3934933241165509,0.8645692757534862,1.9222546884015306,76.0
16,"{'n_per_cluster': 156, 'std_class1': 0.36432032434474576, 'std_other': 0.7515555794129383, 'a': 2.884568894154655, 'random_state': 15}",1,"{'lift_min': 0.0, 'max_planes': 3, 'beam_width': 14, 'min_size': 10, 'max_candidates_per_class': 80, 'max_rules_per_class': 40}",and_or_greedy,find_comb_dim_spaces_full,0.1741928450001069,0.6324845547218813,0.8030354609929078,0.5737179487179488,4.20206146572104,3.0
16,"{'n_per_cluster': 156, 'std_class1': 0.36432032434474576, 'std_other': 0.7515555794129383, 'a': 2.884568894154655, 'random_state': 15}",1,"{'lift_min': 0.0, 'max_planes': 3, 'beam_width': 14, 'min_size': 10, 'max_candidates_per_class': 80, 'max_rules_per_class': 40}",and_or_beam,find_comb_dim_spaces_full,0.13318262999928265,0.438642082585943,0.3934933241165509,0.8645692757534862,1.9222546884015306,76.0
16,"{'n_per_cluster': 156, 'std_class1': 0.36432032434474576, 'std_other': 0.7515555794129383, 'a': 2.884568894154655, 'random_state': 15}",1,"{'lift_min': 0.0, 'max_planes': 3, 'beam_width': 14, 'min_size': 10, 'max_candidates_per_class': 80, 'max_rules_per_class': 40}",and_or_random,find_comb_dim_spaces_full,0.1751874149995274,0.6324845547218813,0.8030354609929078,0.5737179487179488,4.20206146572104,3.0
16,"{'n_per_cluster': 156, 'std_class1': 0.36432032434474576, 'std_other': 0.7515555794129383, 'a': 2.884568894154655, 'random_state': 15}",1,"{'lift_min': 0.0, 'max_planes': 3, 'beam_width': 14, 'min_size': 10, 'max_candidates_per_class': 80, 'max_rules_per_class': 40}",and_or_diverse,find_comb_dim_spaces_full,0.13205422600003658,0.5108678956116326,0.4926422576181786,0.8272792022792023,1.7226823170659558,3.0
17,"{'n_per_cluster': 160, 'std_class1': 0.43494737542305695, 'std_other': 0.6431293692039463, 'a': 3.2299199001862746, 'random_state': 16}",2,"{'lift_min': 0.0, 'max_planes': 4, 'beam_width': 18, 'min_size': 12, 'max_candidates_per_class': 100, 'max_rules_per_class': 50}",and,find_comb_dim_spaces_full,0.26689350699962233,0.614250869485703,0.681149036071006,0.7152083333333332,4.115858955234715,10.0
17,"{'n_per_cluster': 160, 'std_class1': 0.43494737542305695, 'std_other': 0.6431293692039463, 'a': 3.2299199001862746, 'random_state': 16}",2,"{'lift_min': 0.0, 'max_planes': 4, 'beam_width': 18, 'min_size': 12, 'max_candidates_per_class': 100, 'max_rules_per_class': 50}",or,find_comb_dim_spaces_full,0.2667503480006417,0.6100320616769191,0.6132259638848219,0.8557291666666665,1.5724743777452417,6.0
17,"{'n_per_cluster': 160, 'std_class1': 0.43494737542305695, 'std_other': 0.6431293692039463, 'a': 3.2299199001862746, 'random_state': 16}",2,"{'lift_min': 0.0, 'max_planes': 4, 'beam_width': 18, 'min_size': 12, 'max_candidates_per_class': 100, 'max_rules_per_class': 50}",dnf,find_comb_dim_spaces_full,0.269519833999766,0.5911946695277133,0.5249009309241885,0.8477822580645161,3.5540461570709274,31.0
17,"{'n_per_cluster': 160, 'std_class1': 0.43494737542305695, 'std_other': 0.6431293692039463, 'a': 3.2299199001862746, 'random_state': 16}",2,"{'lift_min': 0.0, 'max_planes': 4, 'beam_width': 18, 'min_size': 12, 'max_candidates_per_class': 100, 'max_rules_per_class': 50}",and_or_greedy,find_comb_dim_spaces_full,0.3047456889999012,0.6670448352717461,0.904109589041096,0.5680555555555556,5.010654490106545,3.0
17,"{'n_per_cluster': 160, 'std_class1': 0.43494737542305695, 'std_other': 0.6431293692039463, 'a': 3.2299199001862746, 'random_state': 16}",2,"{'lift_min': 0.0, 'max_planes': 4, 'beam_width': 18, 'min_size': 12, 'max_candidates_per_class': 100, 'max_rules_per_class': 50}",and_or_beam,find_comb_dim_spaces_full,0.26324919299986504,0.5911946695277133,0.5249009309241885,0.8477822580645161,3.5540461570709274,31.0
17,"{'n_per_cluster': 160, 'std_class1': 0.43494737542305695, 'std_other': 0.6431293692039463, 'a': 3.2299199001862746, 'random_state': 16}",2,"{'lift_min': 0.0, 'max_planes': 4, 'beam_width': 18, 'min_size': 12, 'max_candidates_per_class': 100, 'max_rules_per_class': 50}",and_or_random,find_comb_dim_spaces_full,0.3058541670006889,0.6670448352717461,0.904109589041096,0.5680555555555556,5.010654490106545,3.0
17,"{'n_per_cluster': 160, 'std_class1': 0.43494737542305695, 'std_other': 0.6431293692039463, 'a': 3.2299199001862746, 'random_state': 16}",2,"{'lift_min': 0.0, 'max_planes': 4, 'beam_width': 18, 'min_size': 12, 'max_candidates_per_class': 100, 'max_rules_per_class': 50}",and_or_diverse,find_comb_dim_spaces_full,0.2693567010001061,0.6673374551741368,0.6057054796975235,0.8847222222222223,2.6234216153579664,3.0
18,"{'n_per_cluster': 200, 'std_class1': 0.39984602509090517, 'std_other': 0.8155836123513538, 'a': 3.009480177694047, 'random_state': 17}",3,"{'lift_min': 0.0, 'max_planes': 5, 'beam_width': 20, 'min_size': 15, 'max_candidates_per_class': 120, 'max_rules_per_class': 60}",and,find_comb_dim_spaces_full,0.45487389099980646,0.5113082309995768,0.8755112097804607,0.4207407407407408,5.522608196762204,9.0
18,"{'n_per_cluster': 200, 'std_class1': 0.39984602509090517, 'std_other': 0.8155836123513538, 'a': 3.009480177694047, 'random_state': 17}",3,"{'lift_min': 0.0, 'max_planes': 5, 'beam_width': 20, 'min_size': 15, 'max_candidates_per_class': 120, 'max_rules_per_class': 60}",or,find_comb_dim_spaces_full,0.4857281779995901,0.4964045008896984,0.48023886283704575,0.8711111111111111,1.6196886804741435,3.0
18,"{'n_per_cluster': 200, 'std_class1': 0.39984602509090517, 'std_other': 0.8155836123513538, 'a': 3.009480177694047, 'random_state': 17}",3,"{'lift_min': 0.0, 'max_planes': 5, 'beam_width': 20, 'min_size': 15, 'max_candidates_per_class': 120, 'max_rules_per_class': 60}",dnf,find_comb_dim_spaces_full,0.46489589599968895,0.63462142413438,0.8492295475899457,0.5589583333333333,5.960503047386233,24.0
18,"{'n_per_cluster': 200, 'std_class1': 0.39984602509090517, 'std_other': 0.8155836123513538, 'a': 3.009480177694047, 'random_state': 17}",3,"{'lift_min': 0.0, 'max_planes': 5, 'beam_width': 20, 'min_size': 15, 'max_candidates_per_class': 120, 'max_rules_per_class': 60}",and_or_greedy,find_comb_dim_spaces_full,0.4710878949999824,0.5724722607809982,0.96,0.4461111111111111,5.457777777777777,3.0
18,"{'n_per_cluster': 200, 'std_class1': 0.39984602509090517, 'std_other': 0.8155836123513538, 'a': 3.009480177694047, 'random_state': 17}",3,"{'lift_min': 0.0, 'max_planes': 5, 'beam_width': 20, 'min_size': 15, 'max_candidates_per_class': 120, 'max_rules_per_class': 60}",and_or_beam,find_comb_dim_spaces_full,0.4272054400007619,0.63462142413438,0.8492295475899457,0.5589583333333333,5.960503047386233,24.0
18,"{'n_per_cluster': 200, 'std_class1': 0.39984602509090517, 'std_other': 0.8155836123513538, 'a': 3.009480177694047, 'random_state': 17}",3,"{'lift_min': 0.0, 'max_planes': 5, 'beam_width': 20, 'min_size': 15, 'max_candidates_per_class': 120, 'max_rules_per_class': 60}",and_or_random,find_comb_dim_spaces_full,0.539791133000108,0.5724722607809982,0.96,0.4461111111111111,5.457777777777777,3.0
18,"{'n_per_cluster': 200, 'std_class1': 0.39984602509090517, 'std_other': 0.8155836123513538, 'a': 3.009480177694047, 'random_state': 17}",3,"{'lift_min': 0.0, 'max_planes': 5, 'beam_width': 20, 'min_size': 15, 'max_candidates_per_class': 120, 'max_rules_per_class': 60}",and_or_diverse,find_comb_dim_spaces_full,0.45530626799973106,0.6958392641480016,0.8571428571428571,0.5961111111111111,4.634920634920635,3.0
19,"{'n_per_cluster': 200, 'std_class1': 0.36884633332522704, 'std_other': 0.5577823507719576, 'a': 2.9224157093511662, 'random_state': 18}",1,"{'lift_min': 0.0, 'max_planes': 3, 'beam_width': 14, 'min_size': 10, 'max_candidates_per_class': 80, 'max_rules_per_class': 40}",and,find_comb_dim_spaces_full,0.14016540399916266,0.4752619886217202,0.4614728047117634,0.8365833333333335,2.3584491043607736,20.0
19,"{'n_per_cluster': 200, 'std_class1': 0.36884633332522704, 'std_other': 0.5577823507719576, 'a': 2.9224157093511662, 'random_state': 18}",1,"{'lift_min': 0.0, 'max_planes': 3, 'beam_width': 14, 'min_size': 10, 'max_candidates_per_class': 80, 'max_rules_per_class': 40}",or,find_comb_dim_spaces_full,0.12937279700054205,0.4629595964908113,0.5057809982245849,0.80671875,1.546247985796679,16.0
19,"{'n_per_cluster': 200, 'std_class1': 0.36884633332522704, 'std_other': 0.5577823507719576, 'a': 2.9224157093511662, 'random_state': 18}",1,"{'lift_min': 0.0, 'max_planes': 3, 'beam_width': 14, 'min_size': 10, 'max_candidates_per_class': 80, 'max_rules_per_class': 40}",dnf,find_comb_dim_spaces_full,0.1469904409996161,0.4596868583525165,0.39675858743478337,0.8984935897435898,1.9774875028970702,78.0
19,"{'n_per_cluster': 200, 'std_class1': 0.36884633332522704, 'std_other': 0.5577823507719576, 'a': 2.9224157093511662, 'random_state': 18}",1,"{'lift_min': 0.0, 'max_planes': 3, 'beam_width': 14, 'min_size': 10, 'max_candidates_per_class': 80, 'max_rules_per_class': 40}",and_or_greedy,find_comb_dim_spaces_full,0.1358580410005743,0.7822127524233758,0.8302935309204901,0.7525,4.420126025141699,3.0
19,"{'n_per_cluster': 200, 'std_class1': 0.36884633332522704, 'std_other': 0.5577823507719576, 'a': 2.9224157093511662, 'random_state': 18}",1,"{'lift_min': 0.0, 'max_planes': 3, 'beam_width': 14, 'min_size': 10, 'max_candidates_per_class': 80, 'max_rules_per_class': 40}",and_or_beam,find_comb_dim_spaces_full,0.23791756599985092,0.4596868583525165,0.39675858743478337,0.8984935897435898,1.9774875028970702,78.0
19,"{'n_per_cluster': 200, 'std_class1': 0.36884633332522704, 'std_other': 0.5577823507719576, 'a': 2.9224157093511662, 'random_state': 18}",1,"{'lift_min': 0.0, 'max_planes': 3, 'beam_width': 14, 'min_size': 10, 'max_candidates_per_class': 80, 'max_rules_per_class': 40}",and_or_random,find_comb_dim_spaces_full,0.1656949039997926,0.7822127524233758,0.8302935309204901,0.7525,4.420126025141699,3.0
19,"{'n_per_cluster': 200, 'std_class1': 0.36884633332522704, 'std_other': 0.5577823507719576, 'a': 2.9224157093511662, 'random_state': 18}",1,"{'lift_min': 0.0, 'max_planes': 3, 'beam_width': 14, 'min_size': 10, 'max_candidates_per_class': 80, 'max_rules_per_class': 40}",and_or_diverse,find_comb_dim_spaces_full,0.14234578400009923,0.5495167125377934,0.4996671574106892,0.8875000000000001,1.7751150370632909,3.0
20,"{'n_per_cluster': 152, 'std_class1': 0.4370675206474317, 'std_other': 0.8811396973537597, 'a': 2.891793472148938, 'random_state': 19}",2,"{'lift_min': 0.0, 'max_planes': 4, 'beam_width': 18, 'min_size': 12, 'max_candidates_per_class': 100, 'max_rules_per_class': 50}",and,find_comb_dim_spaces_full,0.2796829569997499,0.5765265119851075,0.5917058146323119,0.6946271929824561,3.900313183725162,8.0
20,"{'n_per_cluster': 152, 'std_class1': 0.4370675206474317, 'std_other': 0.8811396973537597, 'a': 2.891793472148938, 'random_state': 19}",2,"{'lift_min': 0.0, 'max_planes': 4, 'beam_width': 18, 'min_size': 12, 'max_candidates_per_class': 100, 'max_rules_per_class': 50}",or,find_comb_dim_spaces_full,0.2703381339997577,0.5541125173345244,0.6102639466407751,0.7971491228070176,1.548778239792867,4.0
20,"{'n_per_cluster': 152, 'std_class1': 0.4370675206474317, 'std_other': 0.8811396973537597, 'a': 2.891793472148938, 'random_state': 19}",2,"{'lift_min': 0.0, 'max_planes': 4, 'beam_width': 18, 'min_size': 12, 'max_candidates_per_class': 100, 'max_rules_per_class': 50}",dnf,find_comb_dim_spaces_full,0.2693262829998275,0.5272278756529342,0.4451574215199587,0.792065390749601,3.2582290691293663,22.0
20,"{'n_per_cluster': 152, 'std_class1': 0.4370675206474317, 'std_other': 0.8811396973537597, 'a': 2.891793472148938, 'random_state': 19}",2,"{'lift_min': 0.0, 'max_planes': 4, 'beam_width': 18, 'min_size': 12, 'max_candidates_per_class': 100, 'max_rules_per_class': 50}",and_or_greedy,find_comb_dim_spaces_full,0.33961767999971926,0.630850992245095,0.8779761904761904,0.4992690058479532,4.801587301587301,3.0
20,"{'n_per_cluster': 152, 'std_class1': 0.4370675206474317, 'std_other': 0.8811396973537597, 'a': 2.891793472148938, 'random_state': 19}",2,"{'lift_min': 0.0, 'max_planes': 4, 'beam_width': 18, 'min_size': 12, 'max_candidates_per_class': 100, 'max_rules_per_class': 50}",and_or_beam,find_comb_dim_spaces_full,0.2777744189997975,0.5272278756529342,0.4451574215199587,0.792065390749601,3.2582290691293663,22.0
20,"{'n_per_cluster': 152, 'std_class1': 0.4370675206474317, 'std_other': 0.8811396973537597, 'a': 2.891793472148938, 'random_state': 19}",2,"{'lift_min': 0.0, 'max_planes': 4, 'beam_width': 18, 'min_size': 12, 'max_candidates_per_class': 100, 'max_rules_per_class': 50}",and_or_random,find_comb_dim_spaces_full,0.29913580999982514,0.630850992245095,0.8779761904761904,0.4992690058479532,4.801587301587301,3.0
20,"{'n_per_cluster': 152, 'std_class1': 0.4370675206474317, 'std_other': 0.8811396973537597, 'a': 2.891793472148938, 'random_state': 19}",2,"{'lift_min': 0.0, 'max_planes': 4, 'beam_width': 18, 'min_size': 12, 'max_candidates_per_class': 100, 'max_rules_per_class': 50}",and_or_diverse,find_comb_dim_spaces_full,0.23980411699994875,0.571341629575372,0.5954343858755623,0.7558479532163743,2.5412528647822765,3.0
21,"{'n_per_cluster': 197, 'std_class1': 0.4057345431938487, 'std_other': 0.6930068429972406, 'a': 3.0209161469661225, 'random_state': 20}",3,"{'lift_min': 0.0, 'max_planes': 5, 'beam_width': 20, 'min_size': 15, 'max_candidates_per_class': 120, 'max_rules_per_class': 60}",and,find_comb_dim_spaces_full,0.4468216670002221,0.5332667161186169,0.8722026143790849,0.43671742808798647,5.644287581699347,10.0
21,"{'n_per_cluster': 197, 'std_class1': 0.4057345431938487, 'std_other': 0.6930068429972406, 'a': 3.0209161469661225, 'random_state': 20}",3,"{'lift_min': 0.0, 'max_planes': 5, 'beam_width': 20, 'min_size': 15, 'max_candidates_per_class': 120, 'max_rules_per_class': 60}",or,find_comb_dim_spaces_full,0.48683028199957334,0.491880885260255,0.4209274673008323,0.9181472081218274,1.700753071739992,4.0
21,"{'n_per_cluster': 197, 'std_class1': 0.4057345431938487, 'std_other': 0.6930068429972406, 'a': 3.0209161469661225, 'random_state': 20}",3,"{'lift_min': 0.0, 'max_planes': 5, 'beam_width': 20, 'min_size': 15, 'max_candidates_per_class': 120, 'max_rules_per_class': 60}",dnf,find_comb_dim_spaces_full,0.4172405029994479,0.649190507878698,0.8189435184163343,0.5907701544675511,5.906386857008095,31.0
21,"{'n_per_cluster': 197, 'std_class1': 0.4057345431938487, 'std_other': 0.6930068429972406, 'a': 3.0209161469661225, 'random_state': 20}",3,"{'lift_min': 0.0, 'max_planes': 5, 'beam_width': 20, 'min_size': 15, 'max_candidates_per_class': 120, 'max_rules_per_class': 60}",and_or_greedy,find_comb_dim_spaces_full,0.45619755500047177,0.5966085193462396,0.9444444444444445,0.4847715736040609,5.333333333333333,3.0
21,"{'n_per_cluster': 197, 'std_class1': 0.4057345431938487, 'std_other': 0.6930068429972406, 'a': 3.0209161469661225, 'random_state': 20}",3,"{'lift_min': 0.0, 'max_planes': 5, 'beam_width': 20, 'min_size': 15, 'max_candidates_per_class': 120, 'max_rules_per_class': 60}",and_or_beam,find_comb_dim_spaces_full,0.40370892000009917,0.649190507878698,0.8189435184163343,0.5907701544675511,5.906386857008095,31.0
21,"{'n_per_cluster': 197, 'std_class1': 0.4057345431938487, 'std_other': 0.6930068429972406, 'a': 3.0209161469661225, 'random_state': 20}",3,"{'lift_min': 0.0, 'max_planes': 5, 'beam_width': 20, 'min_size': 15, 'max_candidates_per_class': 120, 'max_rules_per_class': 60}",and_or_random,find_comb_dim_spaces_full,0.42076501500014274,0.5966085193462396,0.9444444444444445,0.4847715736040609,5.333333333333333,3.0
21,"{'n_per_cluster': 197, 'std_class1': 0.4057345431938487, 'std_other': 0.6930068429972406, 'a': 3.0209161469661225, 'random_state': 20}",3,"{'lift_min': 0.0, 'max_planes': 5, 'beam_width': 20, 'min_size': 15, 'max_candidates_per_class': 120, 'max_rules_per_class': 60}",and_or_diverse,find_comb_dim_spaces_full,0.5327124010000261,0.7656984501437757,0.8397504456327985,0.7064297800338409,4.495781342840166,3.0
22,"{'n_per_cluster': 158, 'std_class1': 0.2711052019827176, 'std_other': 0.7209343409211284, 'a': 3.049130345471559, 'random_state': 21}",1,"{'lift_min': 0.0, 'max_planes': 3, 'beam_width': 14, 'min_size': 10, 'max_candidates_per_class': 80, 'max_rules_per_class': 40}",and,find_comb_dim_spaces_full,0.14422092200038605,0.4668502076944048,0.45676308266841986,0.825632911392405,2.3207713280140263,20.0
22,"{'n_per_cluster': 158, 'std_class1': 0.2711052019827176, 'std_other': 0.7209343409211284, 'a': 3.049130345471559, 'random_state': 21}",1,"{'lift_min': 0.0, 'max_planes': 3, 'beam_width': 14, 'min_size': 10, 'max_candidates_per_class': 80, 'max_rules_per_class': 40}",or,find_comb_dim_spaces_full,0.1529912020005213,0.461535135386212,0.5043628493690597,0.8082146624472574,1.5349027949524778,16.0
22,"{'n_per_cluster': 158, 'std_class1': 0.2711052019827176, 'std_other': 0.7209343409211284, 'a': 3.049130345471559, 'random_state': 21}",1,"{'lift_min': 0.0, 'max_planes': 3, 'beam_width': 14, 'min_size': 10, 'max_candidates_per_class': 80, 'max_rules_per_class': 40}",dnf,find_comb_dim_spaces_full,0.15630029300064052,0.45411568447762307,0.39291334002687966,0.8934869631072163,1.94672552363384,78.0
22,"{'n_per_cluster': 158, 'std_class1': 0.2711052019827176, 'std_other': 0.7209343409211284, 'a': 3.049130345471559, 'random_state': 21}",1,"{'lift_min': 0.0, 'max_planes': 3, 'beam_width': 14, 'min_size': 10, 'max_candidates_per_class': 80, 'max_rules_per_class': 40}",and_or_greedy,find_comb_dim_spaces_full,0.14305086500007747,0.7613904806518429,0.8218694885361552,0.7218706047819973,4.35273368606702,3.0
22,"{'n_per_cluster': 158, 'std_class1': 0.2711052019827176, 'std_other': 0.7209343409211284, 'a': 3.049130345471559, 'random_state': 21}",1,"{'lift_min': 0.0, 'max_planes': 3, 'beam_width': 14, 'min_size': 10, 'max_candidates_per_class': 80, 'max_rules_per_class': 40}",and_or_beam,find_comb_dim_spaces_full,0.13552813499973126,0.45411568447762307,0.39291334002687966,0.8934869631072163,1.94672552363384,78.0
22,"{'n_per_cluster': 158, 'std_class1': 0.2711052019827176, 'std_other': 0.7209343409211284, 'a': 3.049130345471559, 'random_state': 21}",1,"{'lift_min': 0.0, 'max_planes': 3, 'beam_width': 14, 'min_size': 10, 'max_candidates_per_class': 80, 'max_rules_per_class': 40}",and_or_random,find_comb_dim_spaces_full,0.16125445599936938,0.7613904806518429,0.8218694885361552,0.7218706047819973,4.35273368606702,3.0
22,"{'n_per_cluster': 158, 'std_class1': 0.2711052019827176, 'std_other': 0.7209343409211284, 'a': 3.049130345471559, 'random_state': 21}",1,"{'lift_min': 0.0, 'max_planes': 3, 'beam_width': 14, 'min_size': 10, 'max_candidates_per_class': 80, 'max_rules_per_class': 40}",and_or_diverse,find_comb_dim_spaces_full,0.12873528000000078,0.5454844909868469,0.49571621257081194,0.880098452883263,1.7435074783442737,3.0
23,"{'n_per_cluster': 113, 'std_class1': 0.378949096130274, 'std_other': 0.6559807464528346, 'a': 2.5053010299857226, 'random_state': 22}",2,"{'lift_min': 0.0, 'max_planes': 4, 'beam_width': 18, 'min_size': 12, 'max_candidates_per_class': 100, 'max_rules_per_class': 50}",and,find_comb_dim_spaces_full,0.23458241600019392,0.5060776372561188,0.6756656249796898,0.5474926253687316,4.071991666504185,10.0
23,"{'n_per_cluster': 113, 'std_class1': 0.378949096130274, 'std_other': 0.6559807464528346, 'a': 2.5053010299857226, 'random_state': 22}",2,"{'lift_min': 0.0, 'max_planes': 4, 'beam_width': 18, 'min_size': 12, 'max_candidates_per_class': 100, 'max_rules_per_class': 50}",or,find_comb_dim_spaces_full,0.35167830099999264,0.5192257357453185,0.489811681031003,0.8119469026548672,1.696271226025802,6.0
23,"{'n_per_cluster': 113, 'std_class1': 0.378949096130274, 'std_other': 0.6559807464528346, 'a': 2.5053010299857226, 'random_state': 22}",2,"{'lift_min': 0.0, 'max_planes': 4, 'beam_width': 18, 'min_size': 12, 'max_candidates_per_class': 100, 'max_rules_per_class': 50}",dnf,find_comb_dim_spaces_full,0.26669468199997937,0.5048540209795701,0.5158044663278881,0.7002093443714913,3.481274440300524,31.0
23,"{'n_per_cluster': 113, 'std_class1': 0.378949096130274, 'std_other': 0.6559807464528346, 'a': 2.5053010299857226, 'random_state': 22}",2,"{'lift_min': 0.0, 'max_planes': 4, 'beam_width': 18, 'min_size': 12, 'max_candidates_per_class': 100, 'max_rules_per_class': 50}",and_or_greedy,find_comb_dim_spaces_full,0.2504928870002914,0.5854844188538194,0.8795180722891566,0.48131760078662733,4.81392235609103,3.0
23,"{'n_per_cluster': 113, 'std_class1': 0.378949096130274, 'std_other': 0.6559807464528346, 'a': 2.5053010299857226, 'random_state': 22}",2,"{'lift_min': 0.0, 'max_planes': 4, 'beam_width': 18, 'min_size': 12, 'max_candidates_per_class': 100, 'max_rules_per_class': 50}",and_or_beam,find_comb_dim_spaces_full,0.2535715389994948,0.5048540209795701,0.5158044663278881,0.7002093443714913,3.481274440300524,31.0
23,"{'n_per_cluster': 113, 'std_class1': 0.378949096130274, 'std_other': 0.6559807464528346, 'a': 2.5053010299857226, 'random_state': 22}",2,"{'lift_min': 0.0, 'max_planes': 4, 'beam_width': 18, 'min_size': 12, 'max_candidates_per_class': 100, 'max_rules_per_class': 50}",and_or_random,find_comb_dim_spaces_full,0.3204614300002504,0.5854844188538194,0.8795180722891566,0.48131760078662733,4.81392235609103,3.0
23,"{'n_per_cluster': 113, 'std_class1': 0.378949096130274, 'std_other': 0.6559807464528346, 'a': 2.5053010299857226, 'random_state': 22}",2,"{'lift_min': 0.0, 'max_planes': 4, 'beam_width': 18, 'min_size': 12, 'max_candidates_per_class': 100, 'max_rules_per_class': 50}",and_or_diverse,find_comb_dim_spaces_full,0.25414418499985914,0.6391713782146002,0.5784391534391534,0.8706981317600787,2.405291005291005,3.0
24,"{'n_per_cluster': 189, 'std_class1': 0.4769436910437872, 'std_other': 0.5771515895695017, 'a': 2.9409892338930224, 'random_state': 23}",3,"{'lift_min': 0.0, 'max_planes': 5, 'beam_width': 20, 'min_size': 15, 'max_candidates_per_class': 120, 'max_rules_per_class': 60}",and,find_comb_dim_spaces_full,0.38066352599980746,0.5331813786205554,0.9011208787599515,0.44326866549088767,5.72748554859813,9.0
24,"{'n_per_cluster': 189, 'std_class1': 0.4769436910437872, 'std_other': 0.5771515895695017, 'a': 2.9409892338930224, 'random_state': 23}",3,"{'lift_min': 0.0, 'max_planes': 5, 'beam_width': 20, 'min_size': 15, 'max_candidates_per_class': 120, 'max_rules_per_class': 60}",or,find_comb_dim_spaces_full,0.45049506300074427,0.4978011358567988,0.42121588089330025,0.9272486772486772,1.7030603804797353,4.0
24,"{'n_per_cluster': 189, 'std_class1': 0.4769436910437872, 'std_other': 0.5771515895695017, 'a': 2.9409892338930224, 'random_state': 23}",3,"{'lift_min': 0.0, 'max_planes': 5, 'beam_width': 20, 'min_size': 15, 'max_candidates_per_class': 120, 'max_rules_per_class': 60}",dnf,find_comb_dim_spaces_full,0.419772193999961,0.6617202045721541,0.8761983198964095,0.5910493827160493,6.176253225837943,24.0
24,"{'n_per_cluster': 189, 'std_class1': 0.4769436910437872, 'std_other': 0.5771515895695017, 'a': 2.9409892338930224, 'random_state': 23}",3,"{'lift_min': 0.0, 'max_planes': 5, 'beam_width': 20, 'min_size': 15, 'max_candidates_per_class': 120, 'max_rules_per_class': 60}",and_or_greedy,find_comb_dim_spaces_full,0.38781700400068075,0.4782022175795668,0.9848484848484849,0.36684303350970016,5.656565656565657,3.0
24,"{'n_per_cluster': 189, 'std_class1': 0.4769436910437872, 'std_other': 0.5771515895695017, 'a': 2.9409892338930224, 'random_state': 23}",3,"{'lift_min': 0.0, 'max_planes': 5, 'beam_width': 20, 'min_size': 15, 'max_candidates_per_class': 120, 'max_rules_per_class': 60}",and_or_beam,find_comb_dim_spaces_full,0.47404524899957323,0.6617202045721541,0.8761983198964095,0.5910493827160493,6.176253225837943,24.0
24,"{'n_per_cluster': 189, 'std_class1': 0.4769436910437872, 'std_other': 0.5771515895695017, 'a': 2.9409892338930224, 'random_state': 23}",3,"{'lift_min': 0.0, 'max_planes': 5, 'beam_width': 20, 'min_size': 15, 'max_candidates_per_class': 120, 'max_rules_per_class': 60}",and_or_random,find_comb_dim_spaces_full,0.4545994560003237,0.4782022175795668,0.9848484848484849,0.36684303350970016,5.656565656565657,3.0
24,"{'n_per_cluster': 189, 'std_class1': 0.4769436910437872, 'std_other': 0.5771515895695017, 'a': 2.9409892338930224, 'random_state': 23}",3,"{'lift_min': 0.0, 'max_planes': 5, 'beam_width': 20, 'min_size': 15, 'max_candidates_per_class': 120, 'max_rules_per_class': 60}",and_or_diverse,find_comb_dim_spaces_full,0.37423917900014203,0.7751130577217533,0.8482823228341959,0.7160493827160493,4.564036360451345,3.0
25,"{'n_per_cluster': 202, 'std_class1': 0.5022466486529082, 'std_other': 0.8826665517875294, 'a': 2.7869871208609447, 'random_state': 24}",1,"{'lift_min': 0.0, 'max_planes': 3, 'beam_width': 14, 'min_size': 10, 'max_candidates_per_class': 80, 'max_rules_per_class': 40}",and,find_comb_dim_spaces_full,0.16349952299970028,0.4592441809978689,0.4797878493379867,0.7373945727906125,2.3583677847721978,18.0
25,"{'n_per_cluster': 202, 'std_class1': 0.5022466486529082, 'std_other': 0.8826665517875294, 'a': 2.7869871208609447, 'random_state': 24}",1,"{'lift_min': 0.0, 'max_planes': 3, 'beam_width': 14, 'min_size': 10, 'max_candidates_per_class': 80, 'max_rules_per_class': 40}",or,find_comb_dim_spaces_full,0.1444598149992089,0.39535501601943585,0.47306009628767315,0.6997387238723873,1.5645782554038419,12.0
25,"{'n_per_cluster': 202, 'std_class1': 0.5022466486529082, 'std_other': 0.8826665517875294, 'a': 2.7869871208609447, 'random_state': 24}",1,"{'lift_min': 0.0, 'max_planes': 3, 'beam_width': 14, 'min_size': 10, 'max_candidates_per_class': 80, 'max_rules_per_class': 40}",dnf,find_comb_dim_spaces_full,0.14763873100037017,0.450899560301844,0.4053796472483975,0.8435057321521625,2.0168065437355716,76.0
25,"{'n_per_cluster': 202, 'std_class1': 0.5022466486529082, 'std_other': 0.8826665517875294, 'a': 2.7869871208609447, 'random_state': 24}",1,"{'lift_min': 0.0, 'max_planes': 3, 'beam_width': 14, 'min_size': 10, 'max_candidates_per_class': 80, 'max_rules_per_class': 40}",and_or_greedy,find_comb_dim_spaces_full,0.14490668599955825,0.6292632076933086,0.7997369679579149,0.5690319031903189,4.175673521441097,3.0
25,"{'n_per_cluster': 202, 'std_class1': 0.5022466486529082, 'std_other': 0.8826665517875294, 'a': 2.7869871208609447, 'random_state': 24}",1,"{'lift_min': 0.0, 'max_planes': 3, 'beam_width': 14, 'min_size': 10, 'max_candidates_per_class': 80, 'max_rules_per_class': 40}",and_or_beam,find_comb_dim_spaces_full,0.1529870549993575,0.450899560301844,0.4053796472483975,0.8435057321521625,2.0168065437355716,76.0
25,"{'n_per_cluster': 202, 'std_class1': 0.5022466486529082, 'std_other': 0.8826665517875294, 'a': 2.7869871208609447, 'random_state': 24}",1,"{'lift_min': 0.0, 'max_planes': 3, 'beam_width': 14, 'min_size': 10, 'max_candidates_per_class': 80, 'max_rules_per_class': 40}",and_or_random,find_comb_dim_spaces_full,0.1717411469999206,0.6292632076933086,0.7997369679579149,0.5690319031903189,4.175673521441097,3.0
25,"{'n_per_cluster': 202, 'std_class1': 0.5022466486529082, 'std_other': 0.8826665517875294, 'a': 2.7869871208609447, 'random_state': 24}",1,"{'lift_min': 0.0, 'max_planes': 3, 'beam_width': 14, 'min_size': 10, 'max_candidates_per_class': 80, 'max_rules_per_class': 40}",and_or_diverse,find_comb_dim_spaces_full,0.15074155000002065,0.5105303518333043,0.49339704567331816,0.8297579757975798,1.727893590548215,3.0
26,"{'n_per_cluster': 136, 'std_class1': 0.5193304866778773, 'std_other': 0.6681351677136198, 'a': 3.2309008994622186, 'random_state': 25}",2,"{'lift_min': 0.0, 'max_planes': 4, 'beam_width': 18, 'min_size': 12, 'max_candidates_per_class': 100, 'max_rules_per_class': 50}",and,find_comb_dim_spaces_full,0.34737352699994517,0.5885388749853904,0.6713760632478136,0.6713235294117648,4.037675172649176,10.0
26,"{'n_per_cluster': 136, 'std_class1': 0.5193304866778773, 'std_other': 0.6681351677136198, 'a': 3.2309008994622186, 'random_state': 25}",2,"{'lift_min': 0.0, 'max_planes': 4, 'beam_width': 18, 'min_size': 12, 'max_candidates_per_class': 100, 'max_rules_per_class': 50}",or,find_comb_dim_spaces_full,0.27734485200016934,0.5561182898693049,0.5348344510746158,0.8872549019607844,1.61200894193026,5.0
26,"{'n_per_cluster': 136, 'std_class1': 0.5193304866778773, 'std_other': 0.6681351677136198, 'a': 3.2309008994622186, 'random_state': 25}",2,"{'lift_min': 0.0, 'max_planes': 4, 'beam_width': 18, 'min_size': 12, 'max_candidates_per_class': 100, 'max_rules_per_class': 50}",dnf,find_comb_dim_spaces_full,0.29404645999966306,0.5730867639429099,0.5168672209297266,0.8132511068943706,3.4897764771152318,31.0
26,"{'n_per_cluster': 136, 'std_class1': 0.5193304866778773, 'std_other': 0.6681351677136198, 'a': 3.2309008994622186, 'random_state': 25}",2,"{'lift_min': 0.0, 'max_planes': 4, 'beam_width': 18, 'min_size': 12, 'max_candidates_per_class': 100, 'max_rules_per_class': 50}",and_or_greedy,find_comb_dim_spaces_full,0.2931140119999327,0.6319311710489067,0.8888888888888888,0.5212418300653595,4.888888888888888,3.0
26,"{'n_per_cluster': 136, 'std_class1': 0.5193304866778773, 'std_other': 0.6681351677136198, 'a': 3.2309008994622186, 'random_state': 25}",2,"{'lift_min': 0.0, 'max_planes': 4, 'beam_width': 18, 'min_size': 12, 'max_candidates_per_class': 100, 'max_rules_per_class': 50}",and_or_beam,find_comb_dim_spaces_full,0.31216602499989676,0.5730867639429099,0.5168672209297266,0.8132511068943706,3.4897764771152318,31.0
26,"{'n_per_cluster': 136, 'std_class1': 0.5193304866778773, 'std_other': 0.6681351677136198, 'a': 3.2309008994622186, 'random_state': 25}",2,"{'lift_min': 0.0, 'max_planes': 4, 'beam_width': 18, 'min_size': 12, 'max_candidates_per_class': 100, 'max_rules_per_class': 50}",and_or_random,find_comb_dim_spaces_full,0.3636400509994928,0.6319311710489067,0.8888888888888888,0.5212418300653595,4.888888888888888,3.0
26,"{'n_per_cluster': 136, 'std_class1': 0.5193304866778773, 'std_other': 0.6681351677136198, 'a': 3.2309008994622186, 'random_state': 25}",2,"{'lift_min': 0.0, 'max_planes': 4, 'beam_width': 18, 'min_size': 12, 'max_candidates_per_class': 100, 'max_rules_per_class': 50}",and_or_diverse,find_comb_dim_spaces_full,0.282018361000155,0.6505658082109645,0.5981295910694661,0.8374183006535948,2.5628145063335066,3.0
27,"{'n_per_cluster': 133, 'std_class1': 0.4465855531033237, 'std_other': 0.6300462091714619, 'a': 2.6239070182680417, 'random_state': 26}",3,"{'lift_min': 0.0, 'max_planes': 5, 'beam_width': 20, 'min_size': 15, 'max_candidates_per_class': 120, 'max_rules_per_class': 60}",and,find_comb_dim_spaces_full,0.3425666299999648,0.5413081802726634,0.8449405385848575,0.44277360066833754,4.537302086456639,6.0
27,"{'n_per_cluster': 133, 'std_class1': 0.4465855531033237, 'std_other': 0.6300462091714619, 'a': 2.6239070182680417, 'random_state': 26}",3,"{'lift_min': 0.0, 'max_planes': 5, 'beam_width': 20, 'min_size': 15, 'max_candidates_per_class': 120, 'max_rules_per_class': 60}",or,find_comb_dim_spaces_full,0.49228074100028607,0.5289713607863074,0.4820693709582598,0.8876357560568087,1.6343327454438565,3.0
27,"{'n_per_cluster': 133, 'std_class1': 0.4465855531033237, 'std_other': 0.6300462091714619, 'a': 2.6239070182680417, 'random_state': 26}",3,"{'lift_min': 0.0, 'max_planes': 5, 'beam_width': 20, 'min_size': 15, 'max_candidates_per_class': 120, 'max_rules_per_class': 60}",dnf,find_comb_dim_spaces_full,0.4264413959999729,0.6156982835790229,0.8397059655454497,0.535923141186299,4.495425502141376,9.0
27,"{'n_per_cluster': 133, 'std_class1': 0.4465855531033237, 'std_other': 0.6300462091714619, 'a': 2.6239070182680417, 'random_state': 26}",3,"{'lift_min': 0.0, 'max_planes': 5, 'beam_width': 20, 'min_size': 15, 'max_candidates_per_class': 120, 'max_rules_per_class': 60}",and_or_greedy,find_comb_dim_spaces_full,0.3805912380003065,0.4836525573992925,0.8606442577030813,0.3738512949039265,4.662931839402428,3.0
27,"{'n_per_cluster': 133, 'std_class1': 0.4465855531033237, 'std_other': 0.6300462091714619, 'a': 2.6239070182680417, 'random_state': 26}",3,"{'lift_min': 0.0, 'max_planes': 5, 'beam_width': 20, 'min_size': 15, 'max_candidates_per_class': 120, 'max_rules_per_class': 60}",and_or_beam,find_comb_dim_spaces_full,0.40698082100061583,0.6156982835790229,0.8397059655454497,0.535923141186299,4.495425502141376,9.0
27,"{'n_per_cluster': 133, 'std_class1': 0.4465855531033237, 'std_other': 0.6300462091714619, 'a': 2.6239070182680417, 'random_state': 26}",3,"{'lift_min': 0.0, 'max_planes': 5, 'beam_width': 20, 'min_size': 15, 'max_candidates_per_class': 120, 'max_rules_per_class': 60}",and_or_random,find_comb_dim_spaces_full,0.42784714800018264,0.4836525573992925,0.8606442577030813,0.3738512949039265,4.662931839402428,3.0
27,"{'n_per_cluster': 133, 'std_class1': 0.4465855531033237, 'std_other': 0.6300462091714619, 'a': 2.6239070182680417, 'random_state': 26}",3,"{'lift_min': 0.0, 'max_planes': 5, 'beam_width': 20, 'min_size': 15, 'max_candidates_per_class': 120, 'max_rules_per_class': 60}",and_or_diverse,find_comb_dim_spaces_full,0.3540362570001889,0.7644784901917419,0.829236819466634,0.7222222222222222,4.411672333510849,3.0
28,"{'n_per_cluster': 195, 'std_class1': 0.37731134167810343, 'std_other': 0.6030385635567574, 'a': 3.2859456539092466, 'random_state': 27}",1,"{'lift_min': 0.0, 'max_planes': 3, 'beam_width': 14, 'min_size': 10, 'max_candidates_per_class': 80, 'max_rules_per_class': 40}",and,find_comb_dim_spaces_full,0.12911398999949597,0.4771035827196002,0.4873980537392928,0.8122914122914123,2.3118828426127545,21.0
28,"{'n_per_cluster': 195, 'std_class1': 0.37731134167810343, 'std_other': 0.6030385635567574, 'a': 3.2859456539092466, 'random_state': 27}",1,"{'lift_min': 0.0, 'max_planes': 3, 'beam_width': 14, 'min_size': 10, 'max_candidates_per_class': 80, 'max_rules_per_class': 40}",or,find_comb_dim_spaces_full,0.13296028999957343,0.4898984682392897,0.560570987654321,0.780911680911681,1.5216049382716048,18.0
28,"{'n_per_cluster': 195, 'std_class1': 0.37731134167810343, 'std_other': 0.6030385635567574, 'a': 3.2859456539092466, 'random_state': 27}",1,"{'lift_min': 0.0, 'max_planes': 3, 'beam_width': 14, 'min_size': 10, 'max_candidates_per_class': 80, 'max_rules_per_class': 40}",dnf,find_comb_dim_spaces_full,0.13794324999980745,0.49859213147715387,0.4708908006562195,0.8668683376548544,1.8944672292197944,89.0
28,"{'n_per_cluster': 195, 'std_class1': 0.37731134167810343, 'std_other': 0.6030385635567574, 'a': 3.2859456539092466, 'random_state': 27}",1,"{'lift_min': 0.0, 'max_planes': 3, 'beam_width': 14, 'min_size': 10, 'max_candidates_per_class': 80, 'max_rules_per_class': 40}",and_or_greedy,find_comb_dim_spaces_full,0.13411876400004985,0.7846241471097629,0.835858585858586,0.750997150997151,4.4646464646464645,3.0
28,"{'n_per_cluster': 195, 'std_class1': 0.37731134167810343, 'std_other': 0.6030385635567574, 'a': 3.2859456539092466, 'random_state': 27}",1,"{'lift_min': 0.0, 'max_planes': 3, 'beam_width': 14, 'min_size': 10, 'max_candidates_per_class': 80, 'max_rules_per_class': 40}",and_or_beam,find_comb_dim_spaces_full,0.13969819500016456,0.49859213147715387,0.4708908006562195,0.8668683376548544,1.8944672292197944,89.0
28,"{'n_per_cluster': 195, 'std_class1': 0.37731134167810343, 'std_other': 0.6030385635567574, 'a': 3.2859456539092466, 'random_state': 27}",1,"{'lift_min': 0.0, 'max_planes': 3, 'beam_width': 14, 'min_size': 10, 'max_candidates_per_class': 80, 'max_rules_per_class': 40}",and_or_random,find_comb_dim_spaces_full,0.1487058269995032,0.7938246642630146,0.8358585858585857,0.7655270655270656,4.4646464646464645,3.0
28,"{'n_per_cluster': 195, 'std_class1': 0.37731134167810343, 'std_other': 0.6030385635567574, 'a': 3.2859456539092466, 'random_state': 27}",1,"{'lift_min': 0.0, 'max_planes': 3, 'beam_width': 14, 'min_size': 10, 'max_candidates_per_class': 80, 'max_rules_per_class': 40}",and_or_diverse,find_comb_dim_spaces_full,0.13813867499993648,0.5478984650577164,0.4978419350902879,0.8877492877492877,1.7605132585000813,3.0
29,"{'n_per_cluster': 129, 'std_class1': 0.25908839848369813, 'std_other': 0.7457373869967829, 'a': 2.8859256280168175, 'random_state': 28}",2,"{'lift_min': 0.0, 'max_planes': 4, 'beam_width': 18, 'min_size': 12, 'max_candidates_per_class': 100, 'max_rules_per_class': 50}",and,find_comb_dim_spaces_full,0.31498237300002074,0.5960735249800109,0.6631894063303435,0.6873385012919896,3.9721819173094146,10.0
29,"{'n_per_cluster': 129, 'std_class1': 0.25908839848369813, 'std_other': 0.7457373869967829, 'a': 2.8859256280168175, 'random_state': 28}",2,"{'lift_min': 0.0, 'max_planes': 4, 'beam_width': 18, 'min_size': 12, 'max_candidates_per_class': 100, 'max_rules_per_class': 50}",or,find_comb_dim_spaces_full,0.28528811700016377,0.5547419449047952,0.5348521075047732,0.8850129198966409,1.612150193371518,5.0
29,"{'n_per_cluster': 129, 'std_class1': 0.25908839848369813, 'std_other': 0.7457373869967829, 'a': 2.8859256280168175, 'random_state': 28}",2,"{'lift_min': 0.0, 'max_planes': 4, 'beam_width': 18, 'min_size': 12, 'max_candidates_per_class': 100, 'max_rules_per_class': 50}",dnf,find_comb_dim_spaces_full,0.2589022880001721,0.572351377582387,0.5115119591235494,0.8142452279736602,3.4469343826658143,31.0
29,"{'n_per_cluster': 129, 'std_class1': 0.25908839848369813, 'std_other': 0.7457373869967829, 'a': 2.8859256280168175, 'random_state': 28}",2,"{'lift_min': 0.0, 'max_planes': 4, 'beam_width': 18, 'min_size': 12, 'max_candidates_per_class': 100, 'max_rules_per_class': 50}",and_or_greedy,find_comb_dim_spaces_full,0.27017071200043574,0.656118435344676,0.8699186991869919,0.5594315245478036,4.737127371273712,3.0
29,"{'n_per_cluster': 129, 'std_class1': 0.25908839848369813, 'std_other': 0.7457373869967829, 'a': 2.8859256280168175, 'random_state': 28}",2,"{'lift_min': 0.0, 'max_planes': 4, 'beam_width': 18, 'min_size': 12, 'max_candidates_per_class': 100, 'max_rules_per_class': 50}",and_or_beam,find_comb_dim_spaces_full,0.31239670000013575,0.572351377582387,0.5115119591235494,0.8142452279736602,3.4469343826658143,31.0
29,"{'n_per_cluster': 129, 'std_class1': 0.25908839848369813, 'std_other': 0.7457373869967829, 'a': 2.8859256280168175, 'random_state': 28}",2,"{'lift_min': 0.0, 'max_planes': 4, 'beam_width': 18, 'min_size': 12, 'max_candidates_per_class': 100, 'max_rules_per_class': 50}",and_or_random,find_comb_dim_spaces_full,0.29063909300020896,0.656118435344676,0.8699186991869919,0.5594315245478036,4.737127371273712,3.0
29,"{'n_per_cluster': 129, 'std_class1': 0.25908839848369813, 'std_other': 0.7457373869967829, 'a': 2.8859256280168175, 'random_state': 28}",2,"{'lift_min': 0.0, 'max_planes': 4, 'beam_width': 18, 'min_size': 12, 'max_candidates_per_class': 100, 'max_rules_per_class': 50}",and_or_diverse,find_comb_dim_spaces_full,0.2936993399998755,0.6524647867001037,0.5958528951486698,0.8617571059431525,2.544600938967136,3.0
30,"{'n_per_cluster': 121, 'std_class1': 0.5075792264678063, 'std_other': 0.606290981435148, 'a': 2.824318329452627, 'random_state': 29}",3,"{'lift_min': 0.0, 'max_planes': 5, 'beam_width': 20, 'min_size': 15, 'max_candidates_per_class': 120, 'max_rules_per_class': 60}",and,find_comb_dim_spaces_full,0.3494129579994478,0.5297588506767261,0.9014650041050902,0.43870523415977963,5.545053366174056,8.0
30,"{'n_per_cluster': 121, 'std_class1': 0.5075792264678063, 'std_other': 0.606290981435148, 'a': 2.824318329452627, 'random_state': 29}",3,"{'lift_min': 0.0, 'max_planes': 5, 'beam_width': 20, 'min_size': 15, 'max_candidates_per_class': 120, 'max_rules_per_class': 60}",or,find_comb_dim_spaces_full,0.48282116500013217,0.49573702159909055,0.42296511627906974,0.9269972451790633,1.7170542635658914,4.0
30,"{'n_per_cluster': 121, 'std_class1': 0.5075792264678063, 'std_other': 0.606290981435148, 'a': 2.824318329452627, 'random_state': 29}",3,"{'lift_min': 0.0, 'max_planes': 5, 'beam_width': 20, 'min_size': 15, 'max_candidates_per_class': 120, 'max_rules_per_class': 60}",dnf,find_comb_dim_spaces_full,0.36879609399966284,0.6319747194804236,0.8544383270549599,0.5699238373035165,5.659036028204386,17.0
30,"{'n_per_cluster': 121, 'std_class1': 0.5075792264678063, 'std_other': 0.606290981435148, 'a': 2.824318329452627, 'random_state': 29}",3,"{'lift_min': 0.0, 'max_planes': 5, 'beam_width': 20, 'min_size': 15, 'max_candidates_per_class': 120, 'max_rules_per_class': 60}",and_or_greedy,find_comb_dim_spaces_full,0.3638028760005909,0.5319819257038146,1.0,0.4067952249770432,5.777777777777779,3.0
30,"{'n_per_cluster': 121, 'std_class1': 0.5075792264678063, 'std_other': 0.606290981435148, 'a': 2.824318329452627, 'random_state': 29}",3,"{'lift_min': 0.0, 'max_planes': 5, 'beam_width': 20, 'min_size': 15, 'max_candidates_per_class': 120, 'max_rules_per_class': 60}",and_or_beam,find_comb_dim_spaces_full,0.4008346939999683,0.6319747194804236,0.8544383270549599,0.5699238373035165,5.659036028204386,17.0
30,"{'n_per_cluster': 121, 'std_class1': 0.5075792264678063, 'std_other': 0.606290981435148, 'a': 2.824318329452627, 'random_state': 29}",3,"{'lift_min': 0.0, 'max_planes': 5, 'beam_width': 20, 'min_size': 15, 'max_candidates_per_class': 120, 'max_rules_per_class': 60}",and_or_random,find_comb_dim_spaces_full,0.37085999099963374,0.5319819257038146,1.0,0.4067952249770432,5.777777777777779,3.0
30,"{'n_per_cluster': 121, 'std_class1': 0.5075792264678063, 'std_other': 0.606290981435148, 'a': 2.824318329452627, 'random_state': 29}",3,"{'lift_min': 0.0, 'max_planes': 5, 'beam_width': 20, 'min_size': 15, 'max_candidates_per_class': 120, 'max_rules_per_class': 60}",and_or_diverse,find_comb_dim_spaces_full,0.3527832740001031,0.7632962755583502,0.8521825396825397,0.6932966023875115,4.595238095238095,3.0
31,"{'n_per_cluster': 155, 'std_class1': 0.529323804883528, 'std_other': 0.6416303577316517, 'a': 3.1192885722236623, 'random_state': 30}",1,"{'lift_min': 0.0, 'max_planes': 3, 'beam_width': 14, 'min_size': 10, 'max_candidates_per_class': 80, 'max_rules_per_class': 40}",and,find_comb_dim_spaces_full,0.1506649800003288,0.46246993941648135,0.4534894737963768,0.8097849462365592,2.2945824570376807,20.0
31,"{'n_per_cluster': 155, 'std_class1': 0.529323804883528, 'std_other': 0.6416303577316517, 'a': 3.1192885722236623, 'random_state': 30}",1,"{'lift_min': 0.0, 'max_planes': 3, 'beam_width': 14, 'min_size': 10, 'max_candidates_per_class': 80, 'max_rules_per_class': 40}",or,find_comb_dim_spaces_full,0.14073915599965403,0.46109766680441033,0.5043662311652836,0.7951612903225806,1.534929849322269,16.0
31,"{'n_per_cluster': 155, 'std_class1': 0.529323804883528, 'std_other': 0.6416303577316517, 'a': 3.1192885722236623, 'random_state': 30}",1,"{'lift_min': 0.0, 'max_planes': 3, 'beam_width': 14, 'min_size': 10, 'max_candidates_per_class': 80, 'max_rules_per_class': 40}",dnf,find_comb_dim_spaces_full,0.14017094100017857,0.45614988409049073,0.39427550964854474,0.8861593603529088,1.9576228806071607,78.0
31,"{'n_per_cluster': 155, 'std_class1': 0.529323804883528, 'std_other': 0.6416303577316517, 'a': 3.1192885722236623, 'random_state': 30}",1,"{'lift_min': 0.0, 'max_planes': 3, 'beam_width': 14, 'min_size': 10, 'max_candidates_per_class': 80, 'max_rules_per_class': 40}",and_or_greedy,find_comb_dim_spaces_full,0.14243097700000362,0.7510803245374079,0.809299622202848,0.7129032258064516,4.252174755400562,3.0
31,"{'n_per_cluster': 155, 'std_class1': 0.529323804883528, 'std_other': 0.6416303577316517, 'a': 3.1192885722236623, 'random_state': 30}",1,"{'lift_min': 0.0, 'max_planes': 3, 'beam_width': 14, 'min_size': 10, 'max_candidates_per_class': 80, 'max_rules_per_class': 40}",and_or_beam,find_comb_dim_spaces_full,0.20609059799971874,0.45614988409049073,0.39427550964854474,0.8861593603529088,1.9576228806071607,78.0
31,"{'n_per_cluster': 155, 'std_class1': 0.529323804883528, 'std_other': 0.6416303577316517, 'a': 3.1192885722236623, 'random_state': 30}",1,"{'lift_min': 0.0, 'max_planes': 3, 'beam_width': 14, 'min_size': 10, 'max_candidates_per_class': 80, 'max_rules_per_class': 40}",and_or_random,find_comb_dim_spaces_full,0.1670737039994492,0.7510803245374079,0.809299622202848,0.7129032258064516,4.252174755400562,3.0
31,"{'n_per_cluster': 155, 'std_class1': 0.529323804883528, 'std_other': 0.6416303577316517, 'a': 3.1192885722236623, 'random_state': 30}",1,"{'lift_min': 0.0, 'max_planes': 3, 'beam_width': 14, 'min_size': 10, 'max_candidates_per_class': 80, 'max_rules_per_class': 40}",and_or_diverse,find_comb_dim_spaces_full,0.1348051930008296,0.5453523800523478,0.4951408533876238,0.878494623655914,1.738904604878768,3.0
32,"{'n_per_cluster': 176, 'std_class1': 0.2947157957066088, 'std_other': 0.8090542406973767, 'a': 2.763863154718954, 'random_state': 31}",2,"{'lift_min': 0.0, 'max_planes': 4, 'beam_width': 18, 'min_size': 12, 'max_candidates_per_class': 100, 'max_rules_per_class': 50}",and,find_comb_dim_spaces_full,0.2597844689998965,0.5037045175356035,0.5992005785866024,0.5946969696969697,3.9602712953594854,8.0
32,"{'n_per_cluster': 176, 'std_class1': 0.2947157957066088, 'std_other': 0.8090542406973767, 'a': 2.763863154718954, 'random_state': 31}",2,"{'lift_min': 0.0, 'max_planes': 4, 'beam_width': 18, 'min_size': 12, 'max_candidates_per_class': 100, 'max_rules_per_class': 50}",or,find_comb_dim_spaces_full,0.2730890659995566,0.5235484232598846,0.535572001330608,0.7420454545454545,1.6179093439781969,5.0
32,"{'n_per_cluster': 176, 'std_class1': 0.2947157957066088, 'std_other': 0.8090542406973767, 'a': 2.763863154718954, 'random_state': 31}",2,"{'lift_min': 0.0, 'max_planes': 4, 'beam_width': 18, 'min_size': 12, 'max_candidates_per_class': 100, 'max_rules_per_class': 50}",dnf,find_comb_dim_spaces_full,0.23687136900025507,0.4885829983020989,0.44360407640127875,0.7420798898071624,3.2458023081799268,22.0
32,"{'n_per_cluster': 176, 'std_class1': 0.2947157957066088, 'std_other': 0.8090542406973767, 'a': 2.763863154718954, 'random_state': 31}",2,"{'lift_min': 0.0, 'max_planes': 4, 'beam_width': 18, 'min_size': 12, 'max_candidates_per_class': 100, 'max_rules_per_class': 50}",and_or_greedy,find_comb_dim_spaces_full,0.2464370190000409,0.490599271337707,0.8888888888888888,0.3661616161616162,4.888888888888888,3.0
32,"{'n_per_cluster': 176, 'std_class1': 0.2947157957066088, 'std_other': 0.8090542406973767, 'a': 2.763863154718954, 'random_state': 31}",2,"{'lift_min': 0.0, 'max_planes': 4, 'beam_width': 18, 'min_size': 12, 'max_candidates_per_class': 100, 'max_rules_per_class': 50}",and_or_beam,find_comb_dim_spaces_full,0.3310156379993714,0.4885829983020989,0.44360407640127875,0.7420798898071624,3.2458023081799268,22.0
32,"{'n_per_cluster': 176, 'std_class1': 0.2947157957066088, 'std_other': 0.8090542406973767, 'a': 2.763863154718954, 'random_state': 31}",2,"{'lift_min': 0.0, 'max_planes': 4, 'beam_width': 18, 'min_size': 12, 'max_candidates_per_class': 100, 'max_rules_per_class': 50}",and_or_random,find_comb_dim_spaces_full,0.2641439229992102,0.490599271337707,0.8888888888888888,0.3661616161616162,4.888888888888888,3.0
32,"{'n_per_cluster': 176, 'std_class1': 0.2947157957066088, 'std_other': 0.8090542406973767, 'a': 2.763863154718954, 'random_state': 31}",2,"{'lift_min': 0.0, 'max_planes': 4, 'beam_width': 18, 'min_size': 12, 'max_candidates_per_class': 100, 'max_rules_per_class': 50}",and_or_diverse,find_comb_dim_spaces_full,0.26270618099988496,0.5490818853917242,0.5723854167181195,0.76010101010101,2.356861111522733,3.0
33,"{'n_per_cluster': 182, 'std_class1': 0.3189464313534751, 'std_other': 0.6797279078086478, 'a': 2.7956995787330325, 'random_state': 32}",3,"{'lift_min': 0.0, 'max_planes': 5, 'beam_width': 20, 'min_size': 15, 'max_candidates_per_class': 120, 'max_rules_per_class': 60}",and,find_comb_dim_spaces_full,0.3876919080003063,0.527750670204834,0.8654217424194866,0.4302197802197802,5.590040606022559,10.0
33,"{'n_per_cluster': 182, 'std_class1': 0.3189464313534751, 'std_other': 0.6797279078086478, 'a': 2.7956995787330325, 'random_state': 32}",3,"{'lift_min': 0.0, 'max_planes': 5, 'beam_width': 20, 'min_size': 15, 'max_candidates_per_class': 120, 'max_rules_per_class': 60}",or,find_comb_dim_spaces_full,0.4960614169995097,0.5254722186400024,0.48006129699493544,0.9123931623931624,1.6182681537372614,3.0
33,"{'n_per_cluster': 182, 'std_class1': 0.3189464313534751, 'std_other': 0.6797279078086478, 'a': 2.7956995787330325, 'random_state': 32}",3,"{'lift_min': 0.0, 'max_planes': 5, 'beam_width': 20, 'min_size': 15, 'max_candidates_per_class': 120, 'max_rules_per_class': 60}",dnf,find_comb_dim_spaces_full,0.378128483999717,0.6327418508196475,0.7972034118174436,0.57642089093702,5.7324660042169695,31.0
33,"{'n_per_cluster': 182, 'std_class1': 0.3189464313534751, 'std_other': 0.6797279078086478, 'a': 2.7956995787330325, 'random_state': 32}",3,"{'lift_min': 0.0, 'max_planes': 5, 'beam_width': 20, 'min_size': 15, 'max_candidates_per_class': 120, 'max_rules_per_class': 60}",and_or_greedy,find_comb_dim_spaces_full,0.3907048780001787,0.6094624618532909,0.9861111111111112,0.4911477411477412,5.666666666666667,3.0
33,"{'n_per_cluster': 182, 'std_class1': 0.3189464313534751, 'std_other': 0.6797279078086478, 'a': 2.7956995787330325, 'random_state': 32}",3,"{'lift_min': 0.0, 'max_planes': 5, 'beam_width': 20, 'min_size': 15, 'max_candidates_per_class': 120, 'max_rules_per_class': 60}",and_or_beam,find_comb_dim_spaces_full,0.42654082700028084,0.6327418508196475,0.7972034118174436,0.57642089093702,5.7324660042169695,31.0
33,"{'n_per_cluster': 182, 'std_class1': 0.3189464313534751, 'std_other': 0.6797279078086478, 'a': 2.7956995787330325, 'random_state': 32}",3,"{'lift_min': 0.0, 'max_planes': 5, 'beam_width': 20, 'min_size': 15, 'max_candidates_per_class': 120, 'max_rules_per_class': 60}",and_or_random,find_comb_dim_spaces_full,0.4138467579996359,0.6094624618532909,0.9861111111111112,0.4911477411477412,5.666666666666667,3.0
33,"{'n_per_cluster': 182, 'std_class1': 0.3189464313534751, 'std_other': 0.6797279078086478, 'a': 2.7956995787330325, 'random_state': 32}",3,"{'lift_min': 0.0, 'max_planes': 5, 'beam_width': 20, 'min_size': 15, 'max_candidates_per_class': 120, 'max_rules_per_class': 60}",and_or_diverse,find_comb_dim_spaces_full,0.37662820700006705,0.7532363378101358,0.816158488703417,0.7036019536019537,4.307045687405114,3.0
34,"{'n_per_cluster': 129, 'std_class1': 0.43379250154544535, 'std_other': 0.7406503900670727, 'a': 3.1746787944018178, 'random_state': 33}",1,"{'lift_min': 0.0, 'max_planes': 3, 'beam_width': 14, 'min_size': 10, 'max_candidates_per_class': 80, 'max_rules_per_class': 40}",and,find_comb_dim_spaces_full,0.18705418599984114,0.4763136023090331,0.4808363261172722,0.799023830031582,2.365209127456696,18.0
34,"{'n_per_cluster': 129, 'std_class1': 0.43379250154544535, 'std_other': 0.7406503900670727, 'a': 3.1746787944018178, 'random_state': 33}",1,"{'lift_min': 0.0, 'max_planes': 3, 'beam_width': 14, 'min_size': 10, 'max_candidates_per_class': 80, 'max_rules_per_class': 40}",or,find_comb_dim_spaces_full,0.1401664079994589,0.4799085063725802,0.548196242368294,0.7803617571059432,1.528427081803495,14.0
34,"{'n_per_cluster': 129, 'std_class1': 0.43379250154544535, 'std_other': 0.7406503900670727, 'a': 3.1746787944018178, 'random_state': 33}",1,"{'lift_min': 0.0, 'max_planes': 3, 'beam_width': 14, 'min_size': 10, 'max_candidates_per_class': 80, 'max_rules_per_class': 40}",dnf,find_comb_dim_spaces_full,0.1360965240000951,0.45512571896236187,0.3964448718321623,0.8875458996328028,1.9434887992187024,76.0
34,"{'n_per_cluster': 129, 'std_class1': 0.43379250154544535, 'std_other': 0.7406503900670727, 'a': 3.1746787944018178, 'random_state': 33}",1,"{'lift_min': 0.0, 'max_planes': 3, 'beam_width': 14, 'min_size': 10, 'max_candidates_per_class': 80, 'max_rules_per_class': 40}",and_or_greedy,find_comb_dim_spaces_full,0.1364757199999076,0.7421885168928517,0.8053662509108053,0.7011197243755384,4.220707785064221,3.0
34,"{'n_per_cluster': 129, 'std_class1': 0.43379250154544535, 'std_other': 0.7406503900670727, 'a': 3.1746787944018178, 'random_state': 33}",1,"{'lift_min': 0.0, 'max_planes': 3, 'beam_width': 14, 'min_size': 10, 'max_candidates_per_class': 80, 'max_rules_per_class': 40}",and_or_beam,find_comb_dim_spaces_full,0.14137424099953932,0.45512571896236187,0.3964448718321623,0.8875458996328028,1.9434887992187024,76.0
34,"{'n_per_cluster': 129, 'std_class1': 0.43379250154544535, 'std_other': 0.7406503900670727, 'a': 3.1746787944018178, 'random_state': 33}",1,"{'lift_min': 0.0, 'max_planes': 3, 'beam_width': 14, 'min_size': 10, 'max_candidates_per_class': 80, 'max_rules_per_class': 40}",and_or_random,find_comb_dim_spaces_full,0.1534931019996293,0.7421885168928517,0.8053662509108053,0.7011197243755384,4.220707785064221,3.0
34,"{'n_per_cluster': 129, 'std_class1': 0.43379250154544535, 'std_other': 0.7406503900670727, 'a': 3.1746787944018178, 'random_state': 33}",1,"{'lift_min': 0.0, 'max_planes': 3, 'beam_width': 14, 'min_size': 10, 'max_candidates_per_class': 80, 'max_rules_per_class': 40}",and_or_diverse,find_comb_dim_spaces_full,0.12761954699999478,0.5436874567898718,0.4954052777215361,0.8768303186907839,1.7410199995500664,3.0
35,"{'n_per_cluster': 186, 'std_class1': 0.5381661185125092, 'std_other': 0.7402189655100371, 'a': 3.111481733568566, 'random_state': 34}",2,"{'lift_min': 0.0, 'max_planes': 4, 'beam_width': 18, 'min_size': 12, 'max_candidates_per_class': 100, 'max_rules_per_class': 50}",and,find_comb_dim_spaces_full,0.2610186169995359,0.5938520045198098,0.6336025962977091,0.7023098367184388,4.328080029640933,9.0
35,"{'n_per_cluster': 186, 'std_class1': 0.5381661185125092, 'std_other': 0.7402189655100371, 'a': 3.111481733568566, 'random_state': 34}",2,"{'lift_min': 0.0, 'max_planes': 4, 'beam_width': 18, 'min_size': 12, 'max_candidates_per_class': 100, 'max_rules_per_class': 50}",or,find_comb_dim_spaces_full,0.27025742500063643,0.5396068600932222,0.5351361414415508,0.8646953405017921,1.6144224648657388,5.0
35,"{'n_per_cluster': 186, 'std_class1': 0.5381661185125092, 'std_other': 0.7402189655100371, 'a': 3.111481733568566, 'random_state': 34}",2,"{'lift_min': 0.0, 'max_planes': 4, 'beam_width': 18, 'min_size': 12, 'max_candidates_per_class': 100, 'max_rules_per_class': 50}",dnf,find_comb_dim_spaces_full,0.3084583139998358,0.563530741072108,0.482189795474843,0.8312322333456926,3.6276333063274793,29.0
35,"{'n_per_cluster': 186, 'std_class1': 0.5381661185125092, 'std_other': 0.7402189655100371, 'a': 3.111481733568566, 'random_state': 34}",2,"{'lift_min': 0.0, 'max_planes': 4, 'beam_width': 18, 'min_size': 12, 'max_candidates_per_class': 100, 'max_rules_per_class': 50}",and_or_greedy,find_comb_dim_spaces_full,0.2722484030000487,0.576306394027913,0.8871794871794871,0.4348864994026284,4.875213675213675,3.0
35,"{'n_per_cluster': 186, 'std_class1': 0.5381661185125092, 'std_other': 0.7402189655100371, 'a': 3.111481733568566, 'random_state': 34}",2,"{'lift_min': 0.0, 'max_planes': 4, 'beam_width': 18, 'min_size': 12, 'max_candidates_per_class': 100, 'max_rules_per_class': 50}",and_or_beam,find_comb_dim_spaces_full,0.28822752099949867,0.563530741072108,0.482189795474843,0.8312322333456926,3.6276333063274793,29.0
35,"{'n_per_cluster': 186, 'std_class1': 0.5381661185125092, 'std_other': 0.7402189655100371, 'a': 3.111481733568566, 'random_state': 34}",2,"{'lift_min': 0.0, 'max_planes': 4, 'beam_width': 18, 'min_size': 12, 'max_candidates_per_class': 100, 'max_rules_per_class': 50}",and_or_random,find_comb_dim_spaces_full,0.340690056999847,0.576306394027913,0.8871794871794871,0.4348864994026284,4.875213675213675,3.0
35,"{'n_per_cluster': 186, 'std_class1': 0.5381661185125092, 'std_other': 0.7402189655100371, 'a': 3.111481733568566, 'random_state': 34}",2,"{'lift_min': 0.0, 'max_planes': 4, 'beam_width': 18, 'min_size': 12, 'max_candidates_per_class': 100, 'max_rules_per_class': 50}",and_or_diverse,find_comb_dim_spaces_full,0.291794175999712,0.57481244441642,0.59735468996481,0.7664277180406213,2.556615297496258,3.0
36,"{'n_per_cluster': 135, 'std_class1': 0.4564777745478057, 'std_other': 0.6033042274622673, 'a': 2.6305220063962027, 'random_state': 35}",3,"{'lift_min': 0.0, 'max_planes': 5, 'beam_width': 20, 'min_size': 15, 'max_candidates_per_class': 120, 'max_rules_per_class': 60}",and,find_comb_dim_spaces_full,0.41807133099973726,0.5062908648264931,0.8674404532571048,0.42751322751322757,5.987142673675886,7.0
36,"{'n_per_cluster': 135, 'std_class1': 0.4564777745478057, 'std_other': 0.6033042274622673, 'a': 2.6305220063962027, 'random_state': 35}",3,"{'lift_min': 0.0, 'max_planes': 5, 'beam_width': 20, 'min_size': 15, 'max_candidates_per_class': 120, 'max_rules_per_class': 60}",or,find_comb_dim_spaces_full,0.5119053059997896,0.5190711125781784,0.4861937830687831,0.8436213991769547,1.667328042328042,3.0
36,"{'n_per_cluster': 135, 'std_class1': 0.4564777745478057, 'std_other': 0.6033042274622673, 'a': 2.6305220063962027, 'random_state': 35}",3,"{'lift_min': 0.0, 'max_planes': 5, 'beam_width': 20, 'min_size': 15, 'max_candidates_per_class': 120, 'max_rules_per_class': 60}",dnf,find_comb_dim_spaces_full,0.4645559680002407,0.5990392017245705,0.8090578207023918,0.548148148148148,6.02801812117469,15.0
36,"{'n_per_cluster': 135, 'std_class1': 0.4564777745478057, 'std_other': 0.6033042274622673, 'a': 2.6305220063962027, 'random_state': 35}",3,"{'lift_min': 0.0, 'max_planes': 5, 'beam_width': 20, 'min_size': 15, 'max_candidates_per_class': 120, 'max_rules_per_class': 60}",and_or_greedy,find_comb_dim_spaces_full,0.4445605569999316,0.4226163058498387,1.0,0.27901234567901234,5.777777777777778,3.0
36,"{'n_per_cluster': 135, 'std_class1': 0.4564777745478057, 'std_other': 0.6033042274622673, 'a': 2.6305220063962027, 'random_state': 35}",3,"{'lift_min': 0.0, 'max_planes': 5, 'beam_width': 20, 'min_size': 15, 'max_candidates_per_class': 120, 'max_rules_per_class': 60}",and_or_beam,find_comb_dim_spaces_full,0.46322131300075853,0.5990392017245705,0.8090578207023918,0.548148148148148,6.02801812117469,15.0
36,"{'n_per_cluster': 135, 'std_class1': 0.4564777745478057, 'std_other': 0.6033042274622673, 'a': 2.6305220063962027, 'random_state': 35}",3,"{'lift_min': 0.0, 'max_planes': 5, 'beam_width': 20, 'min_size': 15, 'max_candidates_per_class': 120, 'max_rules_per_class': 60}",and_or_random,find_comb_dim_spaces_full,0.5473562420002054,0.4226163058498387,1.0,0.27901234567901234,5.777777777777778,3.0
36,"{'n_per_cluster': 135, 'std_class1': 0.4564777745478057, 'std_other': 0.6033042274622673, 'a': 2.6305220063962027, 'random_state': 35}",3,"{'lift_min': 0.0, 'max_planes': 5, 'beam_width': 20, 'min_size': 15, 'max_candidates_per_class': 120, 'max_rules_per_class': 60}",and_or_diverse,find_comb_dim_spaces_full,0.37946214199928363,0.6682902363483126,0.830026455026455,0.582716049382716,4.417989417989418,3.0
37,"{'n_per_cluster': 102, 'std_class1': 0.4065800600243129, 'std_other': 0.645215663606416, 'a': 2.6621088522496508, 'random_state': 36}",1,"{'lift_min': 0.0, 'max_planes': 3, 'beam_width': 14, 'min_size': 10, 'max_candidates_per_class': 80, 'max_rules_per_class': 40}",and,find_comb_dim_spaces_full,0.12317359899952862,0.42469568869708524,0.46635988615312196,0.6694186446508429,2.3273703172951508,19.0
37,"{'n_per_cluster': 102, 'std_class1': 0.4065800600243129, 'std_other': 0.645215663606416, 'a': 2.6621088522496508, 'random_state': 36}",1,"{'lift_min': 0.0, 'max_planes': 3, 'beam_width': 14, 'min_size': 10, 'max_candidates_per_class': 80, 'max_rules_per_class': 40}",or,find_comb_dim_spaces_full,0.1420095580006091,0.46308739700425117,0.5273717217562972,0.7178649237472767,1.5523071073837105,15.0
37,"{'n_per_cluster': 102, 'std_class1': 0.4065800600243129, 'std_other': 0.645215663606416, 'a': 2.6621088522496508, 'random_state': 36}",1,"{'lift_min': 0.0, 'max_planes': 3, 'beam_width': 14, 'min_size': 10, 'max_candidates_per_class': 80, 'max_rules_per_class': 40}",dnf,find_comb_dim_spaces_full,0.1326560650004467,0.4301339752514621,0.39813262917923553,0.7737246413717002,1.9729398213126719,77.0
37,"{'n_per_cluster': 102, 'std_class1': 0.4065800600243129, 'std_other': 0.645215663606416, 'a': 2.6621088522496508, 'random_state': 36}",1,"{'lift_min': 0.0, 'max_planes': 3, 'beam_width': 14, 'min_size': 10, 'max_candidates_per_class': 80, 'max_rules_per_class': 40}",and_or_greedy,find_comb_dim_spaces_full,0.12464470799932315,0.6209253700761636,0.778,0.5691721132897604,4.001777777777778,3.0
37,"{'n_per_cluster': 102, 'std_class1': 0.4065800600243129, 'std_other': 0.645215663606416, 'a': 2.6621088522496508, 'random_state': 36}",1,"{'lift_min': 0.0, 'max_planes': 3, 'beam_width': 14, 'min_size': 10, 'max_candidates_per_class': 80, 'max_rules_per_class': 40}",and_or_beam,find_comb_dim_spaces_full,0.1205030329992951,0.4301339752514621,0.39813262917923553,0.7737246413717002,1.9729398213126719,77.0
37,"{'n_per_cluster': 102, 'std_class1': 0.4065800600243129, 'std_other': 0.645215663606416, 'a': 2.6621088522496508, 'random_state': 36}",1,"{'lift_min': 0.0, 'max_planes': 3, 'beam_width': 14, 'min_size': 10, 'max_candidates_per_class': 80, 'max_rules_per_class': 40}",and_or_random,find_comb_dim_spaces_full,0.13429873499990208,0.6209253700761636,0.778,0.5691721132897604,4.001777777777778,3.0
37,"{'n_per_cluster': 102, 'std_class1': 0.4065800600243129, 'std_other': 0.645215663606416, 'a': 2.6621088522496508, 'random_state': 36}",1,"{'lift_min': 0.0, 'max_planes': 3, 'beam_width': 14, 'min_size': 10, 'max_candidates_per_class': 80, 'max_rules_per_class': 40}",and_or_diverse,find_comb_dim_spaces_full,0.11643893400014349,0.5188264041140418,0.4997639282341832,0.6737472766884531,1.775889203651243,3.0
38,"{'n_per_cluster': 155, 'std_class1': 0.4011763261576692, 'std_other': 0.7808734219430433, 'a': 2.7058790080800406, 'random_state': 37}",2,"{'lift_min': 0.0, 'max_planes': 4, 'beam_width': 18, 'min_size': 12, 'max_candidates_per_class': 100, 'max_rules_per_class': 50}",and,find_comb_dim_spaces_full,0.2598674419996314,0.5630126320076618,0.6707493996673423,0.6491397849462366,4.032661864005403,10.0
38,"{'n_per_cluster': 155, 'std_class1': 0.4011763261576692, 'std_other': 0.7808734219430433, 'a': 2.7058790080800406, 'random_state': 37}",2,"{'lift_min': 0.0, 'max_planes': 4, 'beam_width': 18, 'min_size': 12, 'max_candidates_per_class': 100, 'max_rules_per_class': 50}",or,find_comb_dim_spaces_full,0.31795543400039605,0.41542977013836546,0.6104387291981845,0.6266129032258064,1.5501765002521433,4.0
38,"{'n_per_cluster': 155, 'std_class1': 0.4011763261576692, 'std_other': 0.7808734219430433, 'a': 2.7058790080800406, 'random_state': 37}",2,"{'lift_min': 0.0, 'max_planes': 4, 'beam_width': 18, 'min_size': 12, 'max_candidates_per_class': 100, 'max_rules_per_class': 50}",dnf,find_comb_dim_spaces_full,0.25480601799972646,0.5573992461161141,0.5185150105485692,0.7995490808185918,3.502958794065972,31.0
38,"{'n_per_cluster': 155, 'std_class1': 0.4011763261576692, 'std_other': 0.7808734219430433, 'a': 2.7058790080800406, 'random_state': 37}",2,"{'lift_min': 0.0, 'max_planes': 4, 'beam_width': 18, 'min_size': 12, 'max_candidates_per_class': 100, 'max_rules_per_class': 50}",and_or_greedy,find_comb_dim_spaces_full,0.2635915629998635,0.48890552013231664,0.8838342064148517,0.3648745519713262,4.848451429096591,3.0
38,"{'n_per_cluster': 155, 'std_class1': 0.4011763261576692, 'std_other': 0.7808734219430433, 'a': 2.7058790080800406, 'random_state': 37}",2,"{'lift_min': 0.0, 'max_planes': 4, 'beam_width': 18, 'min_size': 12, 'max_candidates_per_class': 100, 'max_rules_per_class': 50}",and_or_beam,find_comb_dim_spaces_full,0.25021838399970875,0.5573992461161141,0.5185150105485692,0.7995490808185918,3.502958794065972,31.0
38,"{'n_per_cluster': 155, 'std_class1': 0.4011763261576692, 'std_other': 0.7808734219430433, 'a': 2.7058790080800406, 'random_state': 37}",2,"{'lift_min': 0.0, 'max_planes': 4, 'beam_width': 18, 'min_size': 12, 'max_candidates_per_class': 100, 'max_rules_per_class': 50}",and_or_random,find_comb_dim_spaces_full,0.2749064619993078,0.48890552013231664,0.8838342064148517,0.3648745519713262,4.848451429096591,3.0
38,"{'n_per_cluster': 155, 'std_class1': 0.4011763261576692, 'std_other': 0.7808734219430433, 'a': 2.7058790080800406, 'random_state': 37}",2,"{'lift_min': 0.0, 'max_planes': 4, 'beam_width': 18, 'min_size': 12, 'max_candidates_per_class': 100, 'max_rules_per_class': 50}",and_or_diverse,find_comb_dim_spaces_full,0.29794436799966206,0.5611331216667512,0.602301117685733,0.7541218637992831,2.5961867192636423,3.0
39,"{'n_per_cluster': 149, 'std_class1': 0.5364697176889046, 'std_other': 0.8037125269574837, 'a': 2.530903163432783, 'random_state': 38}",3,"{'lift_min': 0.0, 'max_planes': 5, 'beam_width': 20, 'min_size': 15, 'max_candidates_per_class': 120, 'max_rules_per_class': 60}",and,find_comb_dim_spaces_full,0.3564655419995688,0.394949925250098,0.8480035657846752,0.29440715883668905,5.450695192944068,5.0
39,"{'n_per_cluster': 149, 'std_class1': 0.5364697176889046, 'std_other': 0.8037125269574837, 'a': 2.530903163432783, 'random_state': 38}",3,"{'lift_min': 0.0, 'max_planes': 5, 'beam_width': 20, 'min_size': 15, 'max_candidates_per_class': 120, 'max_rules_per_class': 60}",or,find_comb_dim_spaces_full,0.5397431340006733,0.4044172686992332,0.42334631544783907,0.6180089485458613,1.720103856916046,4.0
39,"{'n_per_cluster': 149, 'std_class1': 0.5364697176889046, 'std_other': 0.8037125269574837, 'a': 2.530903163432783, 'random_state': 38}",3,"{'lift_min': 0.0, 'max_planes': 5, 'beam_width': 20, 'min_size': 15, 'max_candidates_per_class': 120, 'max_rules_per_class': 60}",dnf,find_comb_dim_spaces_full,0.3949993269998231,0.41248735216851573,0.8139181374563683,0.3205496963886226,5.558964147269995,7.0
39,"{'n_per_cluster': 149, 'std_class1': 0.5364697176889046, 'std_other': 0.8037125269574837, 'a': 2.530903163432783, 'random_state': 38}",3,"{'lift_min': 0.0, 'max_planes': 5, 'beam_width': 20, 'min_size': 15, 'max_candidates_per_class': 120, 'max_rules_per_class': 60}",and_or_greedy,find_comb_dim_spaces_full,0.3334884260002582,0.3540292624404567,0.927536231884058,0.23340790454884416,5.1980676328502415,3.0
39,"{'n_per_cluster': 149, 'std_class1': 0.5364697176889046, 'std_other': 0.8037125269574837, 'a': 2.530903163432783, 'random_state': 38}",3,"{'lift_min': 0.0, 'max_planes': 5, 'beam_width': 20, 'min_size': 15, 'max_candidates_per_class': 120, 'max_rules_per_class': 60}",and_or_beam,find_comb_dim_spaces_full,0.3617366320004294,0.41248735216851573,0.8139181374563683,0.3205496963886226,5.558964147269995,7.0
39,"{'n_per_cluster': 149, 'std_class1': 0.5364697176889046, 'std_other': 0.8037125269574837, 'a': 2.530903163432783, 'random_state': 38}",3,"{'lift_min': 0.0, 'max_planes': 5, 'beam_width': 20, 'min_size': 15, 'max_candidates_per_class': 120, 'max_rules_per_class': 60}",and_or_random,find_comb_dim_spaces_full,0.44399474000056216,0.3540292624404567,0.927536231884058,0.23340790454884416,5.1980676328502415,3.0
39,"{'n_per_cluster': 149, 'std_class1': 0.5364697176889046, 'std_other': 0.8037125269574837, 'a': 2.530903163432783, 'random_state': 38}",3,"{'lift_min': 0.0, 'max_planes': 5, 'beam_width': 20, 'min_size': 15, 'max_candidates_per_class': 120, 'max_rules_per_class': 60}",and_or_diverse,find_comb_dim_spaces_full,0.3581706459999623,0.5095869700455168,0.8191363777570674,0.40566741237882176,4.330868799834318,3.0
40,"{'n_per_cluster': 126, 'std_class1': 0.5444851102574898, 'std_other': 0.552973658202161, 'a': 2.738465693486162, 'random_state': 39}",1,"{'lift_min': 0.0, 'max_planes': 3, 'beam_width': 14, 'min_size': 10, 'max_candidates_per_class': 80, 'max_rules_per_class': 40}",and,find_comb_dim_spaces_full,0.13974791100008588,0.4822939709544068,0.47644427429253855,0.8202450570871623,2.4080454224104835,19.0
40,"{'n_per_cluster': 126, 'std_class1': 0.5444851102574898, 'std_other': 0.552973658202161, 'a': 2.738465693486162, 'random_state': 39}",1,"{'lift_min': 0.0, 'max_planes': 3, 'beam_width': 14, 'min_size': 10, 'max_candidates_per_class': 80, 'max_rules_per_class': 40}",or,find_comb_dim_spaces_full,0.12618205200033117,0.47344143300417013,0.5274938706704937,0.7873015873015874,1.553284298697283,15.0
40,"{'n_per_cluster': 126, 'std_class1': 0.5444851102574898, 'std_other': 0.552973658202161, 'a': 2.738465693486162, 'random_state': 39}",1,"{'lift_min': 0.0, 'max_planes': 3, 'beam_width': 14, 'min_size': 10, 'max_candidates_per_class': 80, 'max_rules_per_class': 40}",dnf,find_comb_dim_spaces_full,0.14793766900038463,0.4667736333170389,0.40319016259102575,0.9015838658695802,2.0134000886069945,77.0
40,"{'n_per_cluster': 126, 'std_class1': 0.5444851102574898, 'std_other': 0.552973658202161, 'a': 2.738465693486162, 'random_state': 39}",1,"{'lift_min': 0.0, 'max_planes': 3, 'beam_width': 14, 'min_size': 10, 'max_candidates_per_class': 80, 'max_rules_per_class': 40}",and_or_greedy,find_comb_dim_spaces_full,0.1364669150007103,0.7723309406321189,0.8298346890579901,0.7341269841269842,4.416455290241698,3.0
40,"{'n_per_cluster': 126, 'std_class1': 0.5444851102574898, 'std_other': 0.552973658202161, 'a': 2.738465693486162, 'random_state': 39}",1,"{'lift_min': 0.0, 'max_planes': 3, 'beam_width': 14, 'min_size': 10, 'max_candidates_per_class': 80, 'max_rules_per_class': 40}",and_or_beam,find_comb_dim_spaces_full,0.13855631800015544,0.4667736333170389,0.40319016259102575,0.9015838658695802,2.0134000886069945,77.0
40,"{'n_per_cluster': 126, 'std_class1': 0.5444851102574898, 'std_other': 0.552973658202161, 'a': 2.738465693486162, 'random_state': 39}",1,"{'lift_min': 0.0, 'max_planes': 3, 'beam_width': 14, 'min_size': 10, 'max_candidates_per_class': 80, 'max_rules_per_class': 40}",and_or_random,find_comb_dim_spaces_full,0.15197142099987104,0.7723309406321189,0.8298346890579901,0.7341269841269842,4.416455290241698,3.0
40,"{'n_per_cluster': 126, 'std_class1': 0.5444851102574898, 'std_other': 0.552973658202161, 'a': 2.738465693486162, 'random_state': 39}",1,"{'lift_min': 0.0, 'max_planes': 3, 'beam_width': 14, 'min_size': 10, 'max_candidates_per_class': 80, 'max_rules_per_class': 40}",and_or_diverse,find_comb_dim_spaces_full,0.1323139349997291,0.5590538421316343,0.5054910920956349,0.8981481481481483,1.821706514542857,3.0
41,"{'n_per_cluster': 180, 'std_class1': 0.2741163149169409, 'std_other': 0.8491504964771148, 'a': 2.630209657634227, 'random_state': 40}",2,"{'lift_min': 0.0, 'max_planes': 4, 'beam_width': 18, 'min_size': 12, 'max_candidates_per_class': 100, 'max_rules_per_class': 50}",and,find_comb_dim_spaces_full,0.2448072509996564,0.4512985491564151,0.669710153280803,0.44382716049382714,3.8761997447649423,9.0
41,"{'n_per_cluster': 180, 'std_class1': 0.2741163149169409, 'std_other': 0.8491504964771148, 'a': 2.630209657634227, 'random_state': 40}",2,"{'lift_min': 0.0, 'max_planes': 4, 'beam_width': 18, 'min_size': 12, 'max_candidates_per_class': 100, 'max_rules_per_class': 50}",or,find_comb_dim_spaces_full,0.36684727000010753,0.5152784714223558,0.4876543209876543,0.8061728395061728,1.6790123456790125,6.0
41,"{'n_per_cluster': 180, 'std_class1': 0.2741163149169409, 'std_other': 0.8491504964771148, 'a': 2.630209657634227, 'random_state': 40}",2,"{'lift_min': 0.0, 'max_planes': 4, 'beam_width': 18, 'min_size': 12, 'max_candidates_per_class': 100, 'max_rules_per_class': 50}",dnf,find_comb_dim_spaces_full,0.2381211860001713,0.45815984072821364,0.5053576736557026,0.5758873456790123,3.2095280559122883,24.0
41,"{'n_per_cluster': 180, 'std_class1': 0.2741163149169409, 'std_other': 0.8491504964771148, 'a': 2.630209657634227, 'random_state': 40}",2,"{'lift_min': 0.0, 'max_planes': 4, 'beam_width': 18, 'min_size': 12, 'max_candidates_per_class': 100, 'max_rules_per_class': 50}",and_or_greedy,find_comb_dim_spaces_full,0.24306130099921575,0.4719354275239675,0.96,0.3608024691358025,5.457777777777777,3.0
41,"{'n_per_cluster': 180, 'std_class1': 0.2741163149169409, 'std_other': 0.8491504964771148, 'a': 2.630209657634227, 'random_state': 40}",2,"{'lift_min': 0.0, 'max_planes': 4, 'beam_width': 18, 'min_size': 12, 'max_candidates_per_class': 100, 'max_rules_per_class': 50}",and_or_beam,find_comb_dim_spaces_full,0.2462342130002071,0.45815984072821364,0.5053576736557026,0.5758873456790123,3.2095280559122883,24.0
41,"{'n_per_cluster': 180, 'std_class1': 0.2741163149169409, 'std_other': 0.8491504964771148, 'a': 2.630209657634227, 'random_state': 40}",2,"{'lift_min': 0.0, 'max_planes': 4, 'beam_width': 18, 'min_size': 12, 'max_candidates_per_class': 100, 'max_rules_per_class': 50}",and_or_random,find_comb_dim_spaces_full,0.2684431769994262,0.4719354275239675,0.96,0.3608024691358025,5.457777777777777,3.0
41,"{'n_per_cluster': 180, 'std_class1': 0.2741163149169409, 'std_other': 0.8491504964771148, 'a': 2.630209657634227, 'random_state': 40}",2,"{'lift_min': 0.0, 'max_planes': 4, 'beam_width': 18, 'min_size': 12, 'max_candidates_per_class': 100, 'max_rules_per_class': 50}",and_or_diverse,find_comb_dim_spaces_full,0.2808550509998895,0.5746113871441721,0.6019454979631971,0.6385802469135803,2.5933417614833543,3.0
42,"{'n_per_cluster': 210, 'std_class1': 0.3037723233187502, 'std_other': 0.8246357156547286, 'a': 3.305881650950885, 'random_state': 41}",3,"{'lift_min': 0.0, 'max_planes': 5, 'beam_width': 20, 'min_size': 15, 'max_candidates_per_class': 120, 'max_rules_per_class': 60}",and,find_comb_dim_spaces_full,0.41039146299954155,0.5778725084877006,0.8504814522562936,0.49770723104056436,5.322370136568868,9.0
42,"{'n_per_cluster': 210, 'std_class1': 0.3037723233187502, 'std_other': 0.8246357156547286, 'a': 3.305881650950885, 'random_state': 41}",3,"{'lift_min': 0.0, 'max_planes': 5, 'beam_width': 20, 'min_size': 15, 'max_candidates_per_class': 120, 'max_rules_per_class': 60}",or,find_comb_dim_spaces_full,0.45573748699916905,0.5292290368446494,0.4802414021164021,0.9182539682539682,1.6197089947089947,3.0
42,"{'n_per_cluster': 210, 'std_class1': 0.3037723233187502, 'std_other': 0.8246357156547286, 'a': 3.305881650950885, 'random_state': 41}",3,"{'lift_min': 0.0, 'max_planes': 5, 'beam_width': 20, 'min_size': 15, 'max_candidates_per_class': 120, 'max_rules_per_class': 60}",dnf,find_comb_dim_spaces_full,0.4753528910005116,0.6758567700649181,0.8419896391601256,0.6206679894179894,5.902583779947672,24.0
42,"{'n_per_cluster': 210, 'std_class1': 0.3037723233187502, 'std_other': 0.8246357156547286, 'a': 3.305881650950885, 'random_state': 41}",3,"{'lift_min': 0.0, 'max_planes': 5, 'beam_width': 20, 'min_size': 15, 'max_candidates_per_class': 120, 'max_rules_per_class': 60}",and_or_greedy,find_comb_dim_spaces_full,0.4329380039998796,0.722115467442369,0.8714859437751005,0.6198412698412699,4.7496653279785805,3.0
42,"{'n_per_cluster': 210, 'std_class1': 0.3037723233187502, 'std_other': 0.8246357156547286, 'a': 3.305881650950885, 'random_state': 41}",3,"{'lift_min': 0.0, 'max_planes': 5, 'beam_width': 20, 'min_size': 15, 'max_candidates_per_class': 120, 'max_rules_per_class': 60}",and_or_beam,find_comb_dim_spaces_full,0.47714439799983666,0.6758567700649181,0.8419896391601256,0.6206679894179894,5.902583779947672,24.0
42,"{'n_per_cluster': 210, 'std_class1': 0.3037723233187502, 'std_other': 0.8246357156547286, 'a': 3.305881650950885, 'random_state': 41}",3,"{'lift_min': 0.0, 'max_planes': 5, 'beam_width': 20, 'min_size': 15, 'max_candidates_per_class': 120, 'max_rules_per_class': 60}",and_or_random,find_comb_dim_spaces_full,0.43944297899997764,0.722115467442369,0.8714859437751005,0.6198412698412699,4.7496653279785805,3.0
42,"{'n_per_cluster': 210, 'std_class1': 0.3037723233187502, 'std_other': 0.8246357156547286, 'a': 3.305881650950885, 'random_state': 41}",3,"{'lift_min': 0.0, 'max_planes': 5, 'beam_width': 20, 'min_size': 15, 'max_candidates_per_class': 120, 'max_rules_per_class': 60}",and_or_diverse,find_comb_dim_spaces_full,0.4234695510003803,0.7897025544876087,0.8172454315764733,0.7928571428571428,4.315741230389564,3.0
43,"{'n_per_cluster': 175, 'std_class1': 0.2615451046606661, 'std_other': 0.6603568410743883, 'a': 2.5137639247231713, 'random_state': 42}",1,"{'lift_min': 0.0, 'max_planes': 3, 'beam_width': 14, 'min_size': 10, 'max_candidates_per_class': 80, 'max_rules_per_class': 40}",and,find_comb_dim_spaces_full,0.12251004200061288,0.43983071605746,0.5030546209414255,0.6655026455026456,2.542955486049922,18.0
43,"{'n_per_cluster': 175, 'std_class1': 0.2615451046606661, 'std_other': 0.6603568410743883, 'a': 2.5137639247231713, 'random_state': 42}",1,"{'lift_min': 0.0, 'max_planes': 3, 'beam_width': 14, 'min_size': 10, 'max_candidates_per_class': 80, 'max_rules_per_class': 40}",or,find_comb_dim_spaces_full,0.13997311900038767,0.4807740129091969,0.5568120771656658,0.7097959183673469,1.5973537601824697,14.0
43,"{'n_per_cluster': 175, 'std_class1': 0.2615451046606661, 'std_other': 0.6603568410743883, 'a': 2.5137639247231713, 'random_state': 42}",1,"{'lift_min': 0.0, 'max_planes': 3, 'beam_width': 14, 'min_size': 10, 'max_candidates_per_class': 80, 'max_rules_per_class': 40}",dnf,find_comb_dim_spaces_full,0.13361370399979933,0.4357987552431098,0.41342211645946425,0.7257268170426066,2.0793067562371177,76.0
43,"{'n_per_cluster': 175, 'std_class1': 0.2615451046606661, 'std_other': 0.6603568410743883, 'a': 2.5137639247231713, 'random_state': 42}",1,"{'lift_min': 0.0, 'max_planes': 3, 'beam_width': 14, 'min_size': 10, 'max_candidates_per_class': 80, 'max_rules_per_class': 40}",and_or_greedy,find_comb_dim_spaces_full,0.18932067700006883,0.6149635469048786,0.862559241706161,0.5568253968253968,4.678251711427067,3.0
43,"{'n_per_cluster': 175, 'std_class1': 0.2615451046606661, 'std_other': 0.6603568410743883, 'a': 2.5137639247231713, 'random_state': 42}",1,"{'lift_min': 0.0, 'max_planes': 3, 'beam_width': 14, 'min_size': 10, 'max_candidates_per_class': 80, 'max_rules_per_class': 40}",and_or_beam,find_comb_dim_spaces_full,0.12985191699954157,0.4357987552431098,0.41342211645946425,0.7257268170426066,2.0793067562371177,76.0
43,"{'n_per_cluster': 175, 'std_class1': 0.2615451046606661, 'std_other': 0.6603568410743883, 'a': 2.5137639247231713, 'random_state': 42}",1,"{'lift_min': 0.0, 'max_planes': 3, 'beam_width': 14, 'min_size': 10, 'max_candidates_per_class': 80, 'max_rules_per_class': 40}",and_or_random,find_comb_dim_spaces_full,0.15288056200006395,0.6149635469048786,0.862559241706161,0.5568253968253968,4.678251711427067,3.0
43,"{'n_per_cluster': 175, 'std_class1': 0.2615451046606661, 'std_other': 0.6603568410743883, 'a': 2.5137639247231713, 'random_state': 42}",1,"{'lift_min': 0.0, 'max_planes': 3, 'beam_width': 14, 'min_size': 10, 'max_candidates_per_class': 80, 'max_rules_per_class': 40}",and_or_diverse,find_comb_dim_spaces_full,0.12842108400036523,0.5379471432030836,0.5146459899749374,0.7034920634920635,1.8949456975772765,3.0
44,"{'n_per_cluster': 155, 'std_class1': 0.35475210553933045, 'std_other': 0.7807585066104389, 'a': 2.7386945189740173, 'random_state': 43}",2,"{'lift_min': 0.0, 'max_planes': 4, 'beam_width': 18, 'min_size': 12, 'max_candidates_per_class': 100, 'max_rules_per_class': 50}",and,find_comb_dim_spaces_full,0.28922886899999867,0.5433407959783945,0.6643635611134113,0.6258064516129032,4.574167748166549,9.0
44,"{'n_per_cluster': 155, 'std_class1': 0.35475210553933045, 'std_other': 0.7807585066104389, 'a': 2.7386945189740173, 'random_state': 43}",2,"{'lift_min': 0.0, 'max_planes': 4, 'beam_width': 18, 'min_size': 12, 'max_candidates_per_class': 100, 'max_rules_per_class': 50}",or,find_comb_dim_spaces_full,0.3277929469995797,0.5190612000774901,0.534388674702715,0.8350537634408604,1.6084427309550535,5.0
44,"{'n_per_cluster': 155, 'std_class1': 0.35475210553933045, 'std_other': 0.7807585066104389, 'a': 2.7386945189740173, 'random_state': 43}",2,"{'lift_min': 0.0, 'max_planes': 4, 'beam_width': 18, 'min_size': 12, 'max_candidates_per_class': 100, 'max_rules_per_class': 50}",dnf,find_comb_dim_spaces_full,0.37868714299929707,0.5403797409070636,0.4906984988043934,0.7790878754171302,3.695702932963883,29.0
44,"{'n_per_cluster': 155, 'std_class1': 0.35475210553933045, 'std_other': 0.7807585066104389, 'a': 2.7386945189740173, 'random_state': 43}",2,"{'lift_min': 0.0, 'max_planes': 4, 'beam_width': 18, 'min_size': 12, 'max_candidates_per_class': 100, 'max_rules_per_class': 50}",and_or_greedy,find_comb_dim_spaces_full,0.33498298300037277,0.46259426503679374,0.9824561403508771,0.31827956989247314,5.637426900584795,3.0
44,"{'n_per_cluster': 155, 'std_class1': 0.35475210553933045, 'std_other': 0.7807585066104389, 'a': 2.7386945189740173, 'random_state': 43}",2,"{'lift_min': 0.0, 'max_planes': 4, 'beam_width': 18, 'min_size': 12, 'max_candidates_per_class': 100, 'max_rules_per_class': 50}",and_or_beam,find_comb_dim_spaces_full,0.38630464100060635,0.5403797409070636,0.4906984988043934,0.7790878754171302,3.695702932963883,29.0
44,"{'n_per_cluster': 155, 'std_class1': 0.35475210553933045, 'std_other': 0.7807585066104389, 'a': 2.7386945189740173, 'random_state': 43}",2,"{'lift_min': 0.0, 'max_planes': 4, 'beam_width': 18, 'min_size': 12, 'max_candidates_per_class': 100, 'max_rules_per_class': 50}",and_or_random,find_comb_dim_spaces_full,0.3364136870004586,0.46259426503679374,0.9824561403508771,0.31827956989247314,5.637426900584795,3.0
44,"{'n_per_cluster': 155, 'std_class1': 0.35475210553933045, 'std_other': 0.7807585066104389, 'a': 2.7386945189740173, 'random_state': 43}",2,"{'lift_min': 0.0, 'max_planes': 4, 'beam_width': 18, 'min_size': 12, 'max_candidates_per_class': 100, 'max_rules_per_class': 50}",and_or_diverse,find_comb_dim_spaces_full,0.3080466709998291,0.5726079408711958,0.5962437020267849,0.7591397849462366,2.5477273939920573,3.0
45,"{'n_per_cluster': 157, 'std_class1': 0.5282440589870572, 'std_other': 0.713148565504552, 'a': 2.68639860459898, 'random_state': 44}",3,"{'lift_min': 0.0, 'max_planes': 5, 'beam_width': 20, 'min_size': 15, 'max_candidates_per_class': 120, 'max_rules_per_class': 60}",and,find_comb_dim_spaces_full,0.4677084389995798,0.5039487104987601,0.8815383444583038,0.41388004246284504,6.218973422333098,8.0
45,"{'n_per_cluster': 157, 'std_class1': 0.5282440589870572, 'std_other': 0.713148565504552, 'a': 2.68639860459898, 'random_state': 44}",3,"{'lift_min': 0.0, 'max_planes': 5, 'beam_width': 20, 'min_size': 15, 'max_candidates_per_class': 120, 'max_rules_per_class': 60}",or,find_comb_dim_spaces_full,0.632579466999232,0.5129265962429849,0.4799662166620478,0.8934890304317055,1.6175075110741606,3.0
45,"{'n_per_cluster': 157, 'std_class1': 0.5282440589870572, 'std_other': 0.713148565504552, 'a': 2.68639860459898, 'random_state': 44}",3,"{'lift_min': 0.0, 'max_planes': 5, 'beam_width': 20, 'min_size': 15, 'max_candidates_per_class': 120, 'max_rules_per_class': 60}",dnf,find_comb_dim_spaces_full,0.4155928939999285,0.6199088933786474,0.8866460176821359,0.5259901896185666,6.863283083985824,29.0
45,"{'n_per_cluster': 157, 'std_class1': 0.5282440589870572, 'std_other': 0.713148565504552, 'a': 2.68639860459898, 'random_state': 44}",3,"{'lift_min': 0.0, 'max_planes': 5, 'beam_width': 20, 'min_size': 15, 'max_candidates_per_class': 120, 'max_rules_per_class': 60}",and_or_greedy,find_comb_dim_spaces_full,0.43993150500045886,0.5404564963357201,0.8947368421052632,0.40516631280962495,4.935672514619883,3.0
45,"{'n_per_cluster': 157, 'std_class1': 0.5282440589870572, 'std_other': 0.713148565504552, 'a': 2.68639860459898, 'random_state': 44}",3,"{'lift_min': 0.0, 'max_planes': 5, 'beam_width': 20, 'min_size': 15, 'max_candidates_per_class': 120, 'max_rules_per_class': 60}",and_or_beam,find_comb_dim_spaces_full,0.3798709709999457,0.6199088933786474,0.8866460176821359,0.5259901896185666,6.863283083985824,29.0
45,"{'n_per_cluster': 157, 'std_class1': 0.5282440589870572, 'std_other': 0.713148565504552, 'a': 2.68639860459898, 'random_state': 44}",3,"{'lift_min': 0.0, 'max_planes': 5, 'beam_width': 20, 'min_size': 15, 'max_candidates_per_class': 120, 'max_rules_per_class': 60}",and_or_random,find_comb_dim_spaces_full,0.400126814000032,0.5404564963357201,0.8947368421052632,0.40516631280962495,4.935672514619883,3.0
45,"{'n_per_cluster': 157, 'std_class1': 0.5282440589870572, 'std_other': 0.713148565504552, 'a': 2.68639860459898, 'random_state': 44}",3,"{'lift_min': 0.0, 'max_planes': 5, 'beam_width': 20, 'min_size': 15, 'max_candidates_per_class': 120, 'max_rules_per_class': 60}",and_or_diverse,find_comb_dim_spaces_full,0.46101161099977617,0.6784997420821511,0.8085122938064115,0.6259731068648265,4.24587612822907,3.0
46,"{'n_per_cluster': 178, 'std_class1': 0.5268142733919334, 'std_other': 0.8810498138299094, 'a': 2.621415088527087, 'random_state': 45}",1,"{'lift_min': 0.0, 'max_planes': 3, 'beam_width': 14, 'min_size': 10, 'max_candidates_per_class': 80, 'max_rules_per_class': 40}",and,find_comb_dim_spaces_full,0.11556693500006077,0.4516949403730347,0.5549112115327187,0.6724629926877118,2.222636949293217,21.0
46,"{'n_per_cluster': 178, 'std_class1': 0.5268142733919334, 'std_other': 0.8810498138299094, 'a': 2.621415088527087, 'random_state': 45}",1,"{'lift_min': 0.0, 'max_planes': 3, 'beam_width': 14, 'min_size': 10, 'max_candidates_per_class': 80, 'max_rules_per_class': 40}",or,find_comb_dim_spaces_full,0.14280185799998435,0.4007501152688789,0.513204560360826,0.6705560357245749,1.5525107718661604,13.0
46,"{'n_per_cluster': 178, 'std_class1': 0.5268142733919334, 'std_other': 0.8810498138299094, 'a': 2.621415088527087, 'random_state': 45}",1,"{'lift_min': 0.0, 'max_planes': 3, 'beam_width': 14, 'min_size': 10, 'max_candidates_per_class': 80, 'max_rules_per_class': 40}",dnf,find_comb_dim_spaces_full,0.12916944400058128,0.4761443412273469,0.5148328061308741,0.7687567959405581,1.9011099984799267,93.0
46,"{'n_per_cluster': 178, 'std_class1': 0.5268142733919334, 'std_other': 0.8810498138299094, 'a': 2.621415088527087, 'random_state': 45}",1,"{'lift_min': 0.0, 'max_planes': 3, 'beam_width': 14, 'min_size': 10, 'max_candidates_per_class': 80, 'max_rules_per_class': 40}",and_or_greedy,find_comb_dim_spaces_full,0.1176870389999749,0.6289143166679474,0.8104502604238943,0.5995630461922596,4.261379861168932,3.0
46,"{'n_per_cluster': 178, 'std_class1': 0.5268142733919334, 'std_other': 0.8810498138299094, 'a': 2.621415088527087, 'random_state': 45}",1,"{'lift_min': 0.0, 'max_planes': 3, 'beam_width': 14, 'min_size': 10, 'max_candidates_per_class': 80, 'max_rules_per_class': 40}",and_or_beam,find_comb_dim_spaces_full,0.13126167000064015,0.4761443412273469,0.5148328061308741,0.7687567959405581,1.9011099984799267,93.0
46,"{'n_per_cluster': 178, 'std_class1': 0.5268142733919334, 'std_other': 0.8810498138299094, 'a': 2.621415088527087, 'random_state': 45}",1,"{'lift_min': 0.0, 'max_planes': 3, 'beam_width': 14, 'min_size': 10, 'max_candidates_per_class': 80, 'max_rules_per_class': 40}",and_or_random,find_comb_dim_spaces_full,0.14251122499990743,0.6289143166679474,0.8104502604238943,0.5995630461922596,4.261379861168932,3.0
46,"{'n_per_cluster': 178, 'std_class1': 0.5268142733919334, 'std_other': 0.8810498138299094, 'a': 2.621415088527087, 'random_state': 45}",1,"{'lift_min': 0.0, 'max_planes': 3, 'beam_width': 14, 'min_size': 10, 'max_candidates_per_class': 80, 'max_rules_per_class': 40}",and_or_diverse,find_comb_dim_spaces_full,0.12554558600004384,0.5027730184776813,0.49099285935034725,0.8158551810237203,1.7125793631429704,3.0
47,"{'n_per_cluster': 190, 'std_class1': 0.3376447500515232, 'std_other': 0.5948614051270861, 'a': 2.606269021209924, 'random_state': 46}",2,"{'lift_min': 0.0, 'max_planes': 4, 'beam_width': 18, 'min_size': 12, 'max_candidates_per_class': 100, 'max_rules_per_class': 50}",and,find_comb_dim_spaces_full,0.26179831699937495,0.5959632481888786,0.6465720593440749,0.730701754385965,4.431835734011859,9.0
47,"{'n_per_cluster': 190, 'std_class1': 0.3376447500515232, 'std_other': 0.5948614051270861, 'a': 2.606269021209924, 'random_state': 46}",2,"{'lift_min': 0.0, 'max_planes': 4, 'beam_width': 18, 'min_size': 12, 'max_candidates_per_class': 100, 'max_rules_per_class': 50}",or,find_comb_dim_spaces_full,0.34611655500066263,0.4793332215646861,0.48638444523763164,0.7428362573099415,1.6688533396788314,6.0
47,"{'n_per_cluster': 190, 'std_class1': 0.3376447500515232, 'std_other': 0.5948614051270861, 'a': 2.606269021209924, 'random_state': 46}",2,"{'lift_min': 0.0, 'max_planes': 4, 'beam_width': 18, 'min_size': 12, 'max_candidates_per_class': 100, 'max_rules_per_class': 50}",dnf,find_comb_dim_spaces_full,0.25922272899970267,0.5756308953972236,0.4933976113060681,0.8590744101633395,3.71729583297728,29.0
47,"{'n_per_cluster': 190, 'std_class1': 0.3376447500515232, 'std_other': 0.5948614051270861, 'a': 2.606269021209924, 'random_state': 46}",2,"{'lift_min': 0.0, 'max_planes': 4, 'beam_width': 18, 'min_size': 12, 'max_candidates_per_class': 100, 'max_rules_per_class': 50}",and_or_greedy,find_comb_dim_spaces_full,0.2586513340002057,0.5304558070951514,0.899621212121212,0.42368421052631583,4.974747474747475,3.0
47,"{'n_per_cluster': 190, 'std_class1': 0.3376447500515232, 'std_other': 0.5948614051270861, 'a': 2.606269021209924, 'random_state': 46}",2,"{'lift_min': 0.0, 'max_planes': 4, 'beam_width': 18, 'min_size': 12, 'max_candidates_per_class': 100, 'max_rules_per_class': 50}",and_or_beam,find_comb_dim_spaces_full,0.2529939700007162,0.5756308953972236,0.4933976113060681,0.8590744101633395,3.71729583297728,29.0
47,"{'n_per_cluster': 190, 'std_class1': 0.3376447500515232, 'std_other': 0.5948614051270861, 'a': 2.606269021209924, 'random_state': 46}",2,"{'lift_min': 0.0, 'max_planes': 4, 'beam_width': 18, 'min_size': 12, 'max_candidates_per_class': 100, 'max_rules_per_class': 50}",and_or_random,find_comb_dim_spaces_full,0.2743557060002786,0.5304558070951514,0.899621212121212,0.42368421052631583,4.974747474747475,3.0
47,"{'n_per_cluster': 190, 'std_class1': 0.3376447500515232, 'std_other': 0.5948614051270861, 'a': 2.606269021209924, 'random_state': 46}",2,"{'lift_min': 0.0, 'max_planes': 4, 'beam_width': 18, 'min_size': 12, 'max_candidates_per_class': 100, 'max_rules_per_class': 50}",and_or_diverse,find_comb_dim_spaces_full,0.3025346550002723,0.5837594688430592,0.6045417348608838,0.7763157894736842,2.614111656664848,3.0
48,"{'n_per_cluster': 207, 'std_class1': 0.47783502312555415, 'std_other': 0.5809548800465941, 'a': 3.186836569245704, 'random_state': 47}",3,"{'lift_min': 0.0, 'max_planes': 5, 'beam_width': 20, 'min_size': 15, 'max_candidates_per_class': 120, 'max_rules_per_class': 60}",and,find_comb_dim_spaces_full,0.3796259350001492,0.5826946004050195,0.8225692028617348,0.52832674571805,5.368432410772667,11.0
48,"{'n_per_cluster': 207, 'std_class1': 0.47783502312555415, 'std_other': 0.5809548800465941, 'a': 3.186836569245704, 'random_state': 47}",3,"{'lift_min': 0.0, 'max_planes': 5, 'beam_width': 20, 'min_size': 15, 'max_candidates_per_class': 120, 'max_rules_per_class': 60}",or,find_comb_dim_spaces_full,0.47418750500037277,0.48931881049719805,0.41930917327293316,0.9108293075684379,1.6878067195167987,4.0
48,"{'n_per_cluster': 207, 'std_class1': 0.47783502312555415, 'std_other': 0.5809548800465941, 'a': 3.186836569245704, 'random_state': 47}",3,"{'lift_min': 0.0, 'max_planes': 5, 'beam_width': 20, 'min_size': 15, 'max_candidates_per_class': 120, 'max_rules_per_class': 60}",dnf,find_comb_dim_spaces_full,0.4214804559996992,0.6617266728561004,0.7016074933196973,0.7235066329269226,5.136669470367103,42.0
48,"{'n_per_cluster': 207, 'std_class1': 0.47783502312555415, 'std_other': 0.5809548800465941, 'a': 3.186836569245704, 'random_state': 47}",3,"{'lift_min': 0.0, 'max_planes': 5, 'beam_width': 20, 'min_size': 15, 'max_candidates_per_class': 120, 'max_rules_per_class': 60}",and_or_greedy,find_comb_dim_spaces_full,0.4106001889995241,0.5108805678264003,1.0,0.38996242619431026,5.777777777777778,3.0
48,"{'n_per_cluster': 207, 'std_class1': 0.47783502312555415, 'std_other': 0.5809548800465941, 'a': 3.186836569245704, 'random_state': 47}",3,"{'lift_min': 0.0, 'max_planes': 5, 'beam_width': 20, 'min_size': 15, 'max_candidates_per_class': 120, 'max_rules_per_class': 60}",and_or_beam,find_comb_dim_spaces_full,0.4010231880001811,0.6617266728561004,0.7016074933196973,0.7235066329269226,5.136669470367103,42.0
48,"{'n_per_cluster': 207, 'std_class1': 0.47783502312555415, 'std_other': 0.5809548800465941, 'a': 3.186836569245704, 'random_state': 47}",3,"{'lift_min': 0.0, 'max_planes': 5, 'beam_width': 20, 'min_size': 15, 'max_candidates_per_class': 120, 'max_rules_per_class': 60}",and_or_random,find_comb_dim_spaces_full,0.5111165580001398,0.5108805678264003,1.0,0.38996242619431026,5.777777777777778,3.0
48,"{'n_per_cluster': 207, 'std_class1': 0.47783502312555415, 'std_other': 0.5809548800465941, 'a': 3.186836569245704, 'random_state': 47}",3,"{'lift_min': 0.0, 'max_planes': 5, 'beam_width': 20, 'min_size': 15, 'max_candidates_per_class': 120, 'max_rules_per_class': 60}",and_or_diverse,find_comb_dim_spaces_full,0.4074463340002694,0.7655731058629507,0.8195072545694365,0.7265163714439078,4.333835814333271,3.0
49,"{'n_per_cluster': 206, 'std_class1': 0.37563513697687617, 'std_other': 0.6000561969985239, 'a': 3.0874028174101964, 'random_state': 48}",1,"{'lift_min': 0.0, 'max_planes': 3, 'beam_width': 14, 'min_size': 10, 'max_candidates_per_class': 80, 'max_rules_per_class': 40}",and,find_comb_dim_spaces_full,0.15222979400004988,0.45907400930341374,0.48511851617303847,0.7915703498227771,2.29364654208272,21.0
49,"{'n_per_cluster': 206, 'std_class1': 0.37563513697687617, 'std_other': 0.6000561969985239, 'a': 3.0874028174101964, 'random_state': 48}",1,"{'lift_min': 0.0, 'max_planes': 3, 'beam_width': 14, 'min_size': 10, 'max_candidates_per_class': 80, 'max_rules_per_class': 40}",or,find_comb_dim_spaces_full,0.1418319459999111,0.44300304493378967,0.5336870178296392,0.7535693889206169,1.5243981034214276,17.0
49,"{'n_per_cluster': 206, 'std_class1': 0.37563513697687617, 'std_other': 0.6000561969985239, 'a': 3.0874028174101964, 'random_state': 48}",1,"{'lift_min': 0.0, 'max_planes': 3, 'beam_width': 14, 'min_size': 10, 'max_candidates_per_class': 80, 'max_rules_per_class': 40}",dnf,find_comb_dim_spaces_full,0.14511073399989982,0.4757543286047818,0.46922431196215236,0.8358150612704991,1.881135319667256,89.0
49,"{'n_per_cluster': 206, 'std_class1': 0.37563513697687617, 'std_other': 0.6000561969985239, 'a': 3.0874028174101964, 'random_state': 48}",1,"{'lift_min': 0.0, 'max_planes': 3, 'beam_width': 14, 'min_size': 10, 'max_candidates_per_class': 80, 'max_rules_per_class': 40}",and_or_greedy,find_comb_dim_spaces_full,0.13557833999948343,0.767129377058455,0.8329535766875921,0.7281553398058253,4.441406391278514,3.0
49,"{'n_per_cluster': 206, 'std_class1': 0.37563513697687617, 'std_other': 0.6000561969985239, 'a': 3.0874028174101964, 'random_state': 48}",1,"{'lift_min': 0.0, 'max_planes': 3, 'beam_width': 14, 'min_size': 10, 'max_candidates_per_class': 80, 'max_rules_per_class': 40}",and_or_beam,find_comb_dim_spaces_full,0.14443709999977727,0.4757543286047818,0.46922431196215236,0.8358150612704991,1.881135319667256,89.0
49,"{'n_per_cluster': 206, 'std_class1': 0.37563513697687617, 'std_other': 0.6000561969985239, 'a': 3.0874028174101964, 'random_state': 48}",1,"{'lift_min': 0.0, 'max_planes': 3, 'beam_width': 14, 'min_size': 10, 'max_candidates_per_class': 80, 'max_rules_per_class': 40}",and_or_random,find_comb_dim_spaces_full,0.22058309899966844,0.767129377058455,0.8329535766875921,0.7281553398058253,4.441406391278514,3.0
49,"{'n_per_cluster': 206, 'std_class1': 0.37563513697687617, 'std_other': 0.6000561969985239, 'a': 3.0874028174101964, 'random_state': 48}",1,"{'lift_min': 0.0, 'max_planes': 3, 'beam_width': 14, 'min_size': 10, 'max_candidates_per_class': 80, 'max_rules_per_class': 40}",and_or_diverse,find_comb_dim_spaces_full,0.13304714199966838,0.5348780733908707,0.4969940165935996,0.8656957928802589,1.7537299105265747,3.0
50,"{'n_per_cluster': 128, 'std_class1': 0.38733577805630015, 'std_other': 0.6878405529682039, 'a': 3.2242058237663933, 'random_state': 49}",2,"{'lift_min': 0.0, 'max_planes': 4, 'beam_width': 18, 'min_size': 12, 'max_candidates_per_class': 100, 'max_rules_per_class': 50}",and,find_comb_dim_spaces_full,0.2539768360002199,0.5933835041389208,0.6731192527413195,0.67578125,4.051620688597223,10.0
50,"{'n_per_cluster': 128, 'std_class1': 0.38733577805630015, 'std_other': 0.6878405529682039, 'a': 3.2242058237663933, 'random_state': 49}",2,"{'lift_min': 0.0, 'max_planes': 4, 'beam_width': 18, 'min_size': 12, 'max_candidates_per_class': 100, 'max_rules_per_class': 50}",or,find_comb_dim_spaces_full,0.2316352329999063,0.5580063172531652,0.5355311355311356,0.8716145833333332,1.6175824175824176,5.0
50,"{'n_per_cluster': 128, 'std_class1': 0.38733577805630015, 'std_other': 0.6878405529682039, 'a': 3.2242058237663933, 'random_state': 49}",2,"{'lift_min': 0.0, 'max_planes': 4, 'beam_width': 18, 'min_size': 12, 'max_candidates_per_class': 100, 'max_rules_per_class': 50}",dnf,find_comb_dim_spaces_full,0.25915535500007536,0.5788776455114453,0.5200747374957643,0.8235467069892473,3.515436609643533,31.0
50,"{'n_per_cluster': 128, 'std_class1': 0.38733577805630015, 'std_other': 0.6878405529682039, 'a': 3.2242058237663933, 'random_state': 49}",2,"{'lift_min': 0.0, 'max_planes': 4, 'beam_width': 18, 'min_size': 12, 'max_candidates_per_class': 100, 'max_rules_per_class': 50}",and_or_greedy,find_comb_dim_spaces_full,0.26590879099967424,0.6390966154314272,0.8864468864468864,0.5230034722222222,4.869352869352869,3.0
50,"{'n_per_cluster': 128, 'std_class1': 0.38733577805630015, 'std_other': 0.6878405529682039, 'a': 3.2242058237663933, 'random_state': 49}",2,"{'lift_min': 0.0, 'max_planes': 4, 'beam_width': 18, 'min_size': 12, 'max_candidates_per_class': 100, 'max_rules_per_class': 50}",and_or_beam,find_comb_dim_spaces_full,0.29113850999965507,0.5788776455114453,0.5200747374957643,0.8235467069892473,3.515436609643533,31.0
50,"{'n_per_cluster': 128, 'std_class1': 0.38733577805630015, 'std_other': 0.6878405529682039, 'a': 3.2242058237663933, 'random_state': 49}",2,"{'lift_min': 0.0, 'max_planes': 4, 'beam_width': 18, 'min_size': 12, 'max_candidates_per_class': 100, 'max_rules_per_class': 50}",and_or_random,find_comb_dim_spaces_full,0.27555261599991354,0.6390966154314272,0.8864468864468864,0.5230034722222222,4.869352869352869,3.0
50,"{'n_per_cluster': 128, 'std_class1': 0.38733577805630015, 'std_other': 0.6878405529682039, 'a': 3.2242058237663933, 'random_state': 49}",2,"{'lift_min': 0.0, 'max_planes': 4, 'beam_width': 18, 'min_size': 12, 'max_candidates_per_class': 100, 'max_rules_per_class': 50}",and_or_diverse,find_comb_dim_spaces_full,0.26766714099994715,0.6649820947525619,0.6021245095862018,0.8823784722222222,2.5947738544673924,3.0
